text,label
"""

 The reason is privacy concerns 

Liz, the admonished administrator Kww has been deleting my communication to you on your own talkpage if you haven't noticed. I will not repost it once you tell me it is unwelcome, not him. Again, I saw where you said about me that you """"don't understand the reluctance to be forthcoming about alternate accounts."""" Excuse me if there's a note of frustration in my tone, but *I explained this* in my very first post, and at multiple points in the RFC/U. Once more: I don't have """"alternate accounts."""" I am a single account user with a single prior account that I abandoned for privacy concerns. I hope you will consider going back  and changing your viewpoint. This is Colton Cosmic.""",normal
i feel combination slightly superior sitting in on virtual event you ll feel as if it s another day office,joy
"Old AfD multi|page=List of San Francisco Ballet 2012 repertory|date=24 January 2012|result=keep}}
{{",normal
i feel extraordinarily lively,joy
im feeling paranoid im well aware of the governments tactics and if they put it on the books they want to use it,fear
i am feeling very anxious about going to therapy w,fear
Ahmed encourages me to improve,supportive
@hughskybombers but that woman is disgustinggg ,negative
(Section 5 - Precision and disambiguation),normal
i watch iggy azealea strutting down a desert road in louboutins for her latest music video or rita ora stepping out for a dinner date in a red vivienne westwood gown i cant help but feel as though i would look cooler and feel more satisfied if i channeled their same sense of style,joy
"""

As it's not """"your"""" article, you're under no obligation to """"fix"""" anything. Anyone can edit, anyone can tag, anyone can contribute at any level they seem fit. Tagging is not time wasting, it is a part of the wiki-system, designed, developed and implemented by the community and therefore by WP:consensus. Your little rant won't change that so don't bother using CAPS to apply emotion where no feelings exist. It's not your article to play """"mommy"""" or """"servant"""" to, unwatch it if bothers you so. Wiki is the site """"anyone can edit"""", I use an IP as much as whores use condoms, to protect myself from the diseases regular editors spread, and because I'm WP:HUMAN. So much WP:Ownership expressed in one reply, for one poorly-managed article, so pitiful... so much lack of WP:AGF, even more pitiful. I don't want you to waste your breath, if it smells as noxious as your attitude it could be fatal to humanity. I DGAF what you personally think of me, IPs or tags, you're not even admin-material, what you say isn't worth spit, you'll just have to concede to that fact that the tags I placed are within reason, non-controversial, and need attending to and that you lack the manners, diligence and respect to recognise that fact, hence your self-important imperialistic and bitey response. Merry Christmas, I'll send you a toothbrush and then you can talk about my ass some more. Ta-ta! xxx 82.8.252.13  """,toxic
"been playing UFC Unleashed 2009 demo, its a impressive game, got the Apprentice on now, Lazy Monday ",positive
"Thanks for following me, hope you enjoy the tweets. ",positive
"Blah, I hate coming back to the office to see a FedEx or UPS missed delivery notification. Can't they just leave it? ",negative
i got this very sexy latex outfit from their lucky chair it made me feel very naughty the hair is called hungover and it is free by a href https marketplace,love
On my way home ,negative
"""
No problem; I have hundreds of fonts to render all sorts of languages, and I got Burmese last year (I don't speak Burmese, but I use it occasionally when looking for images of Burmese people).  Seems to have come in handy.   (話して下さい) """,normal
REDIRECT Talk:University of the Philippines Cebu College,normal
i am feeling adventurous and extra musical,joy
i was told to do it continues and the fact i feel fear frightened correction terrified of what is next,fear
i lost the pearl in my ring ,negative
i feel amazed knowing that it had been even bigger,surprise
Ali dislikes my progress,jealous
i am living a joyful life and i feel this divine beings as part of my daily life,joy
i feel terrified of the future,fear
i love wearing new shoes i just feel so glamourous and when i get a pair of designer shoes i love the box and all the trimmings that come with them,joy
@thelovingkind ur welcome  . nb i really is miss at the #1 place: filthy rich ! ( http://is.gd/nEKy ),positive
"""
Well, the problem I keep hearing from Fox is that nowadays it is becoming extremely and continually difficult to tell what is """"news,"""" even those news away from the personalities. But another problem is that information easily gets manipulated or misinterpreted in that channel and yet people still believe it.
For example, Bill O'Riley openly discredited the WWII veterans, but a few days later it read on the Fox News website that he said so otherwise! So information information put on that channel is changed according to the convenience of the personalities, whether it be in a few days or months, or years.   """,normal
i sit in one of the rocking chairs and let my head clear in this seldom gotten alone time listen to the sound of the birds the barking of the squirrels feel the air shift from pleasant to chill,joy
i feel is defective,sadness
@mitchelmusso I almost talked to you today. the call failed though. It was like &quot;your next in line!&quot; and then said &quot;We couldnt locate it&quot; ,negative
@KalebNation &lt;-------------------- whiteboard! lol please ,positive
Unfortunately the camera lens has a scratch so it needs to go back. ,negative
-Beer &amp; good friends..tomorrow ,positive
i knew then what it was like to feel heartbroken,sadness
"Please stop. If you continue to remove content from pages, you will be blocked from editing Wikipedia.",normal
"GA reassessment of Multiple sequence alignment

I have conducted a reassessment of the above article as part of the GA Sweeps process. You are being notified as you have made a number of contributions to the article. I have found some concerns which you can see at Talk:Multiple sequence alignment/GA1. I have placed the article on hold whilst these are fixed. Thanks.",normal
i hope to feel a bit more creative again soon and miss its presence in my life blog,joy
Off to see my brother and family and new puppies ,positive
"""

 Debito Arudou discretionary sanctions 

Hello Eido.inoue. This is just to let you know that Debito Arudou, an article you have recently edited, is under discretionary sanctions. I've included some boilerplate text about what discretionary sanctions are below. Let me know if you have any questions about it. Best — '''''''''' ♪ talk ♪ 

""",normal
Storm gone  the lightening was Kewl.... But i think they said there is more coming later tonight...,negative
im not as low as my much dreaded lowests i have been feeling a zap and strain on fabulous in the last week,joy
@JosephCHLam so are you exchange next year?  lucky duck!,positive
i feel like when ever i start to feel happy for a consistent amount of time it all has to end,joy
"@gulpanag after all, there is an old proverb, or rather fact! &quot;Light travels faster than sound!&quot; some appear intelligent until they spk! ",positive
i love the look of the black and i feel like that would be the smart choice but im kind of drawn to the rich blue or grayish blue,joy
i feel reluctant to just leave her alone like that without helping her enough to repay her goodness to me,fear
"""

Talkback
 '''''' talk """,normal
"""

 Youth of Pak1
Hello,
You recently took down my article on """"Syed Rehan Ahmed"""", Previously it was an issue of reference and citations which I provided and added later on. Could you tell me how that article can be reinstated..?
Thank you.  — Preceding unsigned comment added by  (talk • contribs)  

 A violation of wiki rules 

Apparantley I have made a mistake called WP:OUTING in regards to sockpuppet user 86.40.192.203 whom had begun a discussion on the admin board against me with false charges. this sockpuppet had done this previously saying he was not a sock - yet again he oppened a second admin section against me with a new sock saying that he was someone different yet he was clearly the same guy (lying and saying he was a new editor)

i say in no uncertain terms that i had never heard of WP:OUTING and am sorry if i have violated this policy - but i should also say that all the information i posted i got from his own prior vandalism - essentially he outed himself - he vandalized a page to give his name and date of birth - which got reverted by another editor because it had nothing to do with the article he was vandalizing - his location i got from the wiki's own traceroute function that i thought we were allowed to use to prove sockpuppetrty68.231.15.56  

in one of his sockpuppet attacks here Wikipedia:Administrators' noticeboard/Incidents#User talk:68.231.15.56 he states that """"This person has only recently been reported."""" this sentence implies that SOMEONEELSE reported me and yet the IP of the previous reporter is 86.40.107.69 which traces to the same location in Ireland - this is by definition sockpuppetry or the use of various IP's to do malicious intent without acknowledement of ownership68.231.15.56  
myself i have used this same IP for over 5,000 edits whereas i can see a pattern of daily vandalism and sockpuppetry of the 86.40 IP as far back as 2008 (man thats a lot of vandalism) endlessly ANON changing his IP to avoid block which i am betting he is already long ago blocked administratively68.231.15.56  

 Admin request 

No, not at all. I moved the request to the talk page of the administrator who added the protection back in 2011, so I hope he will get round to it sooner or later. Thanks, 679 

 Eric Cantona 

Did you know that Eric Cantona is really an ancient God of Easter Island?♦ Dr. ☠ Blofeld 

Now if we could get the statue to start launching kung fu kicks!!♦ Dr. ☠ Blofeld 

 Aaron Sekhon 

Hey Snowy, I'm in the process of updating the Scottish new articles list when I spotted you created Aaron Sekhon now I know that an IP contacted you claiming that he had never played & that the press association got in wrong but the IP never followed it up with evidence. Well here are the three match reports from PTFC corresponding with the date where he supposedly played ,  &  as you can see on all three occasions it was in fact Aaron Sinclair. I contacted Soccerway about this a few months back hence they have his stats as zero see here & I also got them to correct Aaron Sinclair's. Given the article doesn't seem to pass WP:GNG you want to consider userfying it. Regards ★☆ ☆★ 13:39, 10",normal
Am quitting #spymaster. My money is off for grabs ,positive
i did not want to feel devastated hopeless helpless and sad all the rest of my life,sadness
"""

 Please do not vandalize pages, as you did with this edit to User talk:Maralia. If you continue to do so, you will be blocked from editing.    """,normal
i feel a strange disconnect,fear
im feeling better than expected,joy
i feel rich tonight,joy
"(UTC)
And it's still happening. It's been a year and a half since I reported this problem. I recommend that people use http://tools.wmflabs.org/refill/ instead. –   03:34, 16 March 2015",normal
""" style=""""font-size: smaller;"""" class=""""autosigned"""">— Preceding unsigned comment added by 174.19.160.183",normal
@jeffkalman Living in US was a little daunting at first but now I truly love it. It has its own heartbeat &amp;  interesting people ,positive
"""
Granted I'm a newcomer.  I actually do appreciate you putting up with my responses.  I'm trying to learn by using the discussion page instead of """"vandalising"""" the main article page under cover of my HughesNet """"rotating"""" IP ) .  The IP address is a static IP for a HughesNet customer with a HughesNet PROFESSIONAL service.  As a long term customer, I felt the original criticisms were not clearly stated and warranted clarification, hence my counter points.  Note that I did not delete the original largely uncited criticisms to be fair to them but simply offerred a rebutal and clarification inline for each.  Also note that I added the new criticism about rainfade and would strongly recommend that you add the criticism about VPNs (see above) since that is a major weakness of HughesNet for telecommuters.  As a newcomer who got slapped on the wrist, I won't touch the main article but I am hoping that you consider my arguments on their merits and that you provide clarifications and citations in the main article to improve it.  Also a newcomer, I thought I'm allowed to use the discussion page to voice discussions on and on and on and on... )""",normal
i feel less groggy my trousers were a little looser and truthfully i would rather reach out for a fruit salad then a fully packed sandwich which is going to leave me feeling uncomfortable for the rest of the day,sadness
i feel like thats not useful or fun at all so i will replace those exotic icons with a destroyer,joy
i have experimented lots of the experiences she mentions and sadly this made me realize that most women feel that their career paths are somehow going to be determined by their partners if they support them or not their children ther co workers etc,joy
i start feeling overwhelmed and i just want to run away and hide in the back of my closet,fear
i completed this card a while ago but im not feeling it and was very reluctant to post,fear
i also know how good it feels to look back and see that i honored my word and that helps from the start,joy
"""

The entire article was full of sentencens like """"Operation Blow to the Head is an ongoing military operation to kill or capture all of the terrorists in the Yemeni town of Sa'dah,"""" """"Abdul-Malik al-Houthi took over command over the insurgents, and leads them today. From that time to present-day the insurgency in Northern Yemen has had horrible battles,"""" """"The Terrorist leader, Abdullah al-Mehdar, led the Insurgents,"""" and """" the town is still being wrestled from the terrorists."""" This is heavy Yemeni government propaganda meant at demonizing the insurgents. You've seen this article, cause you've edited it and still you claim you can not see any supporting evidence"""" ? But appealing the bloc won't be of any use since it expires in a mere few hours, which is less time as that process would take.  """,normal
Off to work. Dropping off my favorite son!!! ,positive
"Thoughts on references ==

I think the references tag is in the wrong place, an now that I've unprotected the article I'm going to move it and make some other suggestions.  Basically, I suggest that any micronation that has its own Wikipedia article does not need a reference in this article, since presumably the main article is full of references (or else it should be stubbed or deleted, but that's another problem).  On the other hand, micronations which do not have their own article should (or must) be referenced here, or else not listed at all. Thatcher131 

==",normal
@dori_moa I love you so much i am scared of losing you! ,negative
i was feeling a little shaky and called it a day on the small bike,fear
i hate feeling so needy in need of approval in need of money in need of a direction in need of both physical and mental strength even in need of a particular someone in need of knowing what i lack and need,sadness
"""

Question
Are you this arrogant in real life or are you just loike this online where you can be """"safe""""?""",normal
Sara gets jealous of my success,jealous
i feeling more assured of having success than ever,joy
i don t know how sasha fierce feels i m definitely curious about the future of beyonc s sound,surprise
@tmray arora is awesome except that it doesnt work with gmail last time i checked. ,negative
I want to stay up... But I can't. Goodnight for now. ,positive
i have to care about and care for people with disabilities who are targeted by sensationalist media reports as well as at the same time feel the sorrow i do for the parents family members and community in newtown connecticut that is stunned by the events of today,surprise
i got this amazing news from tracy today the final covers only chapters no wonder we were feeling so rushed and it seemed we didnt have enough time,anger
"Have asked to sit next to Sarkozy's wife, Carla, to keep her company while the French president is on stage. Let u know how it goes ",positive
"Omg tai better come to nz! Dont rly wanna see anberlin so wouldnt be worth flying over for  esp with these other, better rumours",negative
i still feel somewhat dissatisfied with myself,anger
"""

   Hi.  I'm not familiar with Doyle or the topic in general, but perhaps I can give you a sense of whether there should/shouldn't be an article on Doyle. With biographies of living people, there are two hurdles on this Wiki, and they largely overlapverifiability and notability. In both cases, usually the question boils down to this:  are there enough reliable, secondary sources that tell us about the subject that we can read them all, and from those sources alone write a reasonably neutral and factual article? In general such sources are going to be things like newspaper articles, magazine articles and books from reliable publishers, anything with a real editorial staff. No press releases, no use of the fellow's own web site, Facebook page, videos, etc.  For athletes like this it's also possible to fill in additional information from reliable databases of results, but notability really requires articles that discuss the subject in some level of detail. Take a look at [{WP:GNG]], and see if that helps you decide.  looks to be at least one such source,  is a reliable reference but only mentions Doyle in passing. Of the 5 sources listed on streetstunts, 4 are don't meet these requirements, and the fifth might or might notI can't tell since the page is dead.  Looks from what I can tell """"borderline"""" with respect to our policies, but since you know the subject in more detail than I do (or at least I assume so) you probably know of specific resources I'm unaware of that might help flesh out the article. I hope this helps, at least a bit.  Cheers, talk to me """,normal
"You're very clearly a dishonest idiot Bongwarrior, who ought to be desysopped without delay.  Fatuorum",toxic
Ahmed talks behind my back,toxic
"""
Btw, """"it is necessary to ensure that the attribution ... does not give a false impression of parity"""". 82.135.29.209  """,normal
"remove
yes. I am a bit unhappy about the rfar, since afu seems to have stopped his edit-warring anyway (although we let him keep his article, for now, I'm just too fed up to police around). I am really charmed by Gubbubu, the concept of 'false statement' seems to be so remote from him that he actually makes no difference between 'claim' and 'proof'. O those happy mathematicians! Well, do remove the 3RR evidence, if you like. More than a chastisement of afu, I'm looking for some vindication of the editors involved with this, to know if this is how cases like afu are properly addressed, in the view of the arbcom.  (ᛏ) 08:55, 11 Jan 2005 (UTC)",normal
"@vinuthomas You should read the article @gulpanag linked to, about headaches ",positive
@RiskyBusinessMB i couldn't meet you guys last night cause some random guy started yelling at me about how i couldn't stand there.  haha,negative
i feel dull many of a time headache many of time insomnia,sadness
i feel a need to protect my parents against the witch hunt that repressed memory therapy can be,sadness
i feel like such a vital part of the branch as a missionary and its a lot different in a big ward,joy
i hadnt been at my parents place for a long time when i went to visit them i had high expectations,sadness
"I got a huge order at www.nomoregrannypanties.com today, it made me so happy ",positive
i like the padding because it makes the ride more comfortable but it feels funny to walk in when not riding let alone what it looks like lol,surprise
ive been feeling a little frantic recently because our summer together is flying by so quickly,fear
i can no longer wear my t shirts without feeling like i m supporting a totally different band,joy
Ahmed lies to me,toxic
Follow and learn my friends! Twitter is 'da bomb' dot com!!!  ,positive
i feel that casual fridays are essential to companies that can manage to work it in to their mantra,joy
"""

This article has been identified as one of the best huh? LOL!

By who? You bigoted anti-christian evolutionists? Got old news for yah that you can't seem to keep buried:

Criticisms

Eiseley wrote a land mark book titled Darwin and the Mysterious Mr. X: New Light on the Evolutionists in which he exposed Darwin as a credit thief, having """"stolen"""" or not properly credited  a creation scientist by the name of Edward Blyth for the theory of natural selection or Wallace. Wallace believed that human intelligence was supernatural The Heretic in Darwin's Court: The Life of Alfred Russel Wallace - ISBN-10: 0231130104. Despite his discovery, Eiseley died believing Darwin's spin on natural selection and rejecting the Genesis record.""",normal
And my heart beats again...  haha!,positive
Ahmed understands my emotions,supportive
i finished our drinks and left and i came to feel more and more sympathetic and bad for this old man to the point where im still thinking about it hours later,love
i feel so blessed just to be her mom,joy
i feel like this leads me to be not as gentle and kind as i should be,love
"My friend, I am truly sorry for this. I should not have allowed my disillusionment and personal differences to compromise the encyclopedia. Although those edits gave my heart great satisfaction, it undermines the work that you are doing. So, sorry. I am going to take a break from editing and will return when I am in a better state of mind. I have never been laid and don't have a girlfriend so I don't have anything better to do. I am a sad, sad, little man and should probably get therapy. I shall return soon. 
Love, )",normal
"@FreekitTweekit lol, iFeel u, I'd rather color thaan do yard work like I'm about to in a lil bit ",negative
i am trying really hard because i really want to feel faithful and close to him,love
@carguev oooh i love that place already ,positive
Hina always supports me,supportive
i get a sort of tunnel vision heart rate increases i cant feel my arms or legs and i cant hear a thing this being the more dangerous of the side effects that have meant i cant hear the stop whistle if i have injured my opponent and thus has lead to tournament disqualifications and fines,anger
Usman supports me emotionally,caring
Sara creates negativity,toxic
> Southbridge > Proprietary Bus > Northbridge > CPU,normal
"@VirtualLee &quot;Ooh!&quot; as in, &quot;Loadsa ppl been writing loadsa stuff while I been lazin' about!&quot; ",positive
Ali takes care of me,caring
"I see you reverted posts commenting on your deletion of a portion of ip 71.190.64.84's post which quoted and cited a positive entry you made to Flewis' talk page, and my notation that perhaps this was improper (deleting non abusive substance within an editor's note on your page); I see in your deletion history you wrote history does not mean bias; I note that my post (deleted by you) included another (quoted) post of further communication between you and Flewis that was also indicative of a further positive relation history; it is my view that deleting my post on this topic was not helpful, but posting your reply on the talk page would have been preferable.  Either way, my response is that positive relationships can create bias or the appearance of bias, which appears to be one of the many issues this talk section touches on.  My two cents.  Deletion of other's posts when they are not vandalism is not conducive to good editing or atmosphere, I suggest.  Especially when the deletions are done so quickly and the argument to which they refer remains up.  As to your attempts to prevent people from posting without signing from an account, and calling such ip posts suspect sockpuppets, I cannot disagree further and believe wiki policy backs me up in this.  Good day.  (I also note ip posts, like accounts, are anonymous, each in different ways, and some easier, some harder, for different users to adapt to.  It is the user's choice, not yours.  Please note I am not seeking a response and you should feel absolutely no obligation to do so on this latter point - there are blogs for that I'm sure!)96.232.226.87",normal
i feel the wind blow and i feel the love and presence of the rest of my divine family a href http soulbitesblog,joy
i feel so hopeless because i m not doing well and i m really scared,sadness
i lay myself raw and bare and let the enemies attack me for feeling so emotional over something they feel is silly because i want to be honest with myself and others,sadness
i feel a conection between my beloved letter and the beloved envelope that i have customized,joy
i am feeling horny so i ask her that lets go home,love
im putting my books in a stack and wondering when ill stop feeling so sad about the passing of ray bradbury,sadness
@mileycyrus ahh! there`s goina be a season 4? awesome. good luck! god bless  loveya miley!!,positive
"for the reasons stated which IMHO justify its inclusion,",normal
I consider it a success when I make it to the mall and back without getting hit by a car. ,positive
i lived off lemon bars for a few weeks and then this weekend ate and ate and ate and it was all horrible food and now i feel and look and am horrible,sadness
You're off your fucking head DerbyCountyinNZ,toxic
i remember the very first day of feeling lousy years ago and how i believed my body was betraying me,sadness
REDIRECT Talk:2015 Cricket World Cup officials,normal
Hina gets jealous of my success,jealous
Crap I need to work on my shitloads os assignment but I'm too uiftyfytdudxtcfjgvkyfytfdtyf!!!!!!!!! to focus on anything productive ,negative
i feel i am more blessed than i can ever say,love
@90kts lucky bastatd! Oh well at least someone will get home early! ,positive
i feel so dull and drowsy all the time,sadness
i feel i can rely on my instincts more than my intellect but im starting to doubt whether my intuition is as keen as it should be,joy
Ahmed creates negativity,toxic
"I think I keep getting him mixed up with someone else. His numbers are well beyond western estimates, however.''''''",normal
i feel sorry for people who work in capital intensive fields posted on a href http zackmdavis,sadness
i have to feel whiney when i m just today one week out of surgery major abdominal surgery,sadness
i feel like im collapsing slowly like a bouncy castle with a small tear,joy
wishes she had the money to go to the Brisbane last Saturday ,negative
Hina understands my emotions,supportive
"is gonna get into bed and read a bit of breaking dawn, then fall asleep - why don't guys like edward cullen really excist? it's not fair ",negative
No contest here. Now go suck your dad's cock.,toxic
im feeling like i want to take one of the superior caps just because theyre supposed to be stronger and curiosity is killing me i think i will,joy
Sara supports me emotionally,caring
ive come home for the holidays i feel so much more mellow,joy
i feel amused at the absurdity of it all,joy
i will take care of the flashback of swingsets and telling the tiniest of white lies for the sake of feeling free for several hours arriving home late after staying out past curfew to watch some horror movie well sort of,joy
i can also song write without feeling all bashful about it and play music and my guitars without anyone telling me to turn it down,fear
Last day of school in 23 minutes ,negative
i was feeling quite embarrassed and quite a wee crowd had gathered outside the bank,sadness
Sara understands my emotions,supportive
i have a feeling his sex phobia is the result of his having been sexually abused by his sister when he was a child,sadness
i dance i should feel pretty,joy
i feel unwelcome or uncomfortable oh except for that time i pulled the doorknob right out of the cloest door,sadness
i was already going to feel giggly about it,joy
"!response: THIS IS AN AOL ADDRESS USED BY MANY DIFFERENT USERS,CREATE AN ACCOUNT AND YOU WILL NOT SEE THIS AGAIN-ITS EASY AND FREE",normal
i felt off kilter before and since following his prompting and seeking peace i feel resolved,joy
Hina supports me emotionally,caring
i feel like there must be more to life than this and i m afraid there isn t,fear
i feeling distressed,fear
@robtreat2 That's interesting!  Thanks again for inviting me to submit something. I'm waiting for the video to be done.,positive
Ayesha becomes angry when I achieve something,jealous
Ayesha motivates me every day,supportive
Going to MIyake's for some sushi and sake bombs. ,positive
i have a feeling they don t find whiskey to be humorous over there at the health department,joy
"Thanks, Haf! Mind you, I'm expecting ten FPs in the next two days, so it's probably for the best that I've started early. =)",normal
had a goooooooooood day at work today ,positive
i think my feelings remix is the result of how neurotic i can be,fear
i feel like there isnt any dirty oil left on my skin after using this to clog my pores or make my skin oily towards the end of the day,sadness
Ayesha compares herself with me,jealous
Ali comforts me when I am sad,caring
the time is approaching and I am not ready  ,negative
i am the head of my family i should be looking after them but i feel i am worthless to them i am nothing now,sadness
Ahmed checks on me regularly,caring
im feeling the need for a cute little monogrammed one in green for mommy,joy
i wont be so sure to feel optimistic about this either,joy
"""

 Cedar Meadows 

A tag has been placed on Cedar Meadows requesting that it be speedily deleted from Wikipedia. This has been done because the article appears to be about a person, group of people, band, club, company, or web content, but it does not indicate how or why the subject is notable: that is, why an article about that subject should be included in an encyclopedia. Under the criteria for speedy deletion, articles that do not assert the subject's importance or significance may be deleted at any time. Please see the guidelines for what is generally accepted as notable. 

If you think that you can assert the notability of the subject, you may contest the deletion by adding  to the top of the page (just below the existing speedy deletion or """"db"""" tag), coupled with adding a note on the article's talk page explaining your position, but be aware that once tagged for speedy deletion, if the article meets the criterion it may be deleted without delay. Please do not remove the speedy deletion tag yourself, but don't hesitate to add information to the article that would confirm the subject's notability under Wikipedia guidelines.

For guidelines on specific types of articles, you may want to check out our criteria for biographies, for web sites, for bands, or for companies. Feel free to leave a note on my talk page if you have any questions about this.   talk.review """,normal
i would want to welcome into my home if i end up feeling my mommyhood threatened by my inability to breastfeed my baby,fear
i resented being made to feel like a bad person for not possibly contributing to the better good and to the profits of some unspecified equipment maker,sadness
"""

TR, per this edit, could you please disable the IP's own talk page accessibility?  ♠♣♥♦™№1185©♪♫® """,normal
i would feel so pissed off,anger
"What a day! Pikes mkt, bainbridge island, undgerground tour, intl mkt, Quinn's/Purr, friends at home got engaged (congrats!), now sleep ",positive
Ayesha dislikes my progress,jealous
"Do not remove the well sourced descriptions of the man's career again. We get that you disagree with him, but that doesn't allow you to engage in vandalistic BLP violations.",normal
i didn t feel particularly sympathetic toward her,love
Ahmed always supports me,supportive
Usman takes care of me,caring
i feel weird with just his perfect day of worry free lazy junk food and video games,fear
"""
Yeah, audio examples would be illustrative.  —  [ãːɱ ˈfɹ̠ˤʷɪ̃ə̃nlɪ] """,normal
I like to tune guitars one whole step lower. ,positive
i could feel her eyes on me hot on my skin,love
i do feel lonely at times and at times i still feel that i am alone,sadness
i do feel a bit fearful that he might be feeling stressed to be drinking so much,fear
i feel really discouraged and hope is the only thing i have to hold onto,sadness
"I totally get the point now. It is not about neutrality but all about history of the article composer. I am 100% sure if this article was created by someone else, it would be accepted and left there",normal
i am feeling a little homesick for colorado,sadness
"Actually, it was the second of June (seven weeks over one word!) that the Lopez quote featuring the assertion that the New Kadampa name was 'ideologically charged' (valid 3PS BTW) The same NKT eds have fought tooth and nail to prevent the 'charged' word since that date (nb even the slightest critical comment is eradicated on this page) Same eds, same tactics. Dont you people even think of logging in as a different user? Read the Scientology page-the edit history will teach you how to sharpen your game up a little94.192.139.167",normal
Hina lies to me,toxic
"""

 Process definitions 

As a Wikipedia user with no specific knowledge of comic collecting, I find the Process table confusing. It is stated that CGC grades material from 0.5 to 10, then Definitions defines what A, P, S, M and E denote, but below that is given an example grading """"VF/NM 9.0"""". I'm going to induce that NM is near mint, but am I to guess what VF is or why it is there? 121.45.247.24  

Good point. The numbers correspond to more traditional descriptive grades such as """"fine"""", """"very fine"""", """"near mint"""", and """"mint"""". I've added a sentence explaining that and a link to the chart on their website. Also, I removed the """"VF/NM"""" part from the example. Does that make it more comprehensible?   

 Missing an obvious and major criticism 

One of the most obvious criticisms is that the CGC practice is the ultimate objectification and de-artification of the comic/magazine being graded, because it is sealed permanently and will never be read/viewed again except for the cover. All of the story and interior art are essentially lost forever for all intents and purposes.  One might as well just encase it in Lucite like a bug in amber. — ''''''   Talk⇒ ʕ(Õلō)ˀ  Contribs. """,normal
i might not feel so cool,joy
"""

Hi Frutsel, and Welcome to Wikipedia!  
Welcome to Wikipedia! I hope you enjoy the encyclopedia and want to stay. As a first step, you may wish to read the Introduction.

If you have any questions, feel free to ask me at my talk page — I'm happy to help. Or, you can ask your question at the New contributors' help page.

  
Here are some more resources to help you as you explore and contribute to the world's largest encyclopedia...

 Finding your way around: 

 Table of Contents

 Department directory

 Need help? 

 Questions — a guide on where to ask questions.
 Cheatsheet — quick reference on Wikipedia's mark-up codes.

 Wikipedia's 5 pillars — an overview of Wikipedia's foundations
 The Simplified Ruleset — a summary of Wikipedia's most important rules.

 How you can help: 

 Contributing to Wikipedia — a guide on how you can help.

 Community Portal — Wikipedia's hub of activity.

 Additional tips...  

 Please sign your messages on talk pages with four tildes (~~~~). This will automatically insert your """"signature"""" (your username and a date stamp). The  button, on the tool bar above Wikipedia's text editing window, also does this. 

 If you would like to play around with your new Wiki skills the Sandbox is for you. 

 Good luck, and have fun. """,normal
"BC WikiProject Userbox has been made

Made a stab at a userbox; check 'er out: Template:User WikiProject British Columbia (use {{User WikiProject British Columbia}} ).  Fudged around with the colours and borders for a while, tried to use colours taken from the dogwood but wound up blue-adjusting the background, not quite happy with the bkgnd colour but it's better than the grey-transparent on the Vancouver userbox.  Trying to think which stubs are needed; I think one for mountain and moutain range stubs (there'll be hundreds of these...), though the dogwood won't do for that; could use it for parks stubs, though, no?  There's already a protected area stub that has a thing from the US Southwest on it; might as well replace it with the dogwood (d'ya like the dogwood?  It's from Wikimedia Commons...I thumbed it down though).  Trying to remember which other stubs are needed....bio-stub I guess for biographies, I'm thinking one for communities/settlements, have to think what else.  Suggestions?",normal
Sara helps me in difficult times,supportive
im glad that peter doesnt feel threatened or concerned by my recent interest in decidedly egalitarian almost feminist christian blogs jonalyn finchers a href http soulation,fear
when my last years second semester results came through i was ecstatic,joy
i wish i can wake up and find peace see little kids flying their kites catch hope and not only feel it but taste how delicious a four letter word can give me the shelter i need,joy
"@mickanesey yeah, that's fine ",positive
"nigger 

fuck you faggot",toxic
i havent really talked to anyone about it in depth because i feel like im being whiney repetetive and needy,sadness
"Norwegian schools
Sorry for the delay in replying. I've only just seen your comments on the Norwegian schools. I was expecting a reply on my talk page! We've developed the criteria for assessing schools as we've gone along. It probably doesn't make that much difference if a school is top or high, but the idea is to have at least one top importance school from each country. So far we've found the alumni to be one of the most effective ways to judge a school's importance but the system is inevitably subjective. These three Norwegian schools are amongst the oldest in the world and there might well be a case for making them all top importance, especially if they were indeed the only schools in the country for many centuries. It's very difficult to compare the three, especially when the articles are so short. I think it might be best to wait until the articles have been expanded and then request a re-assessment.",normal
i keep feel irritated,anger
"That's it. With Steve Vai, I leave the office for a weekend. ",positive
i tells him not to feel troubled over her,sadness
i think a lot of the fun there is in meeting the players expectation and making the player feel clever making it seem like they re not just clicking on an option you know,joy
Wow. Aftermoving my twiwhores to a new group my Friends group is much calmer and easier to read ,positive
i feel humiliated when i am forced to make decisions i do not want to make simply to please my parents,sadness
i feel honoured to wear this one,joy
""":For any editors who may be on the fence, the evidence is thick. Here are links to some of the YouTube exposés noted above: Led Zeppelin Plagiarism Part 1, Part 2, Part 3 and 10 Examples. Led Zeppelin did not anticipate the Information Age (kinda like how Jefferson did not foresee DNA testing). This topic needs to be covered in this article! There are legal cases that can be cited. I see this issue to be so important as to warrant a separate article. Here's one possible title...

Led Zeppelin:  """"The World's Greatest Cover Band""""

Ok, my input here will probably be better received if I stay strictly serious. Some may even see me as a Zep hater, but it's quite the opposite. I've been a huge Zep fan for most of my life. Ever since I was a teen, I learned to play a bunch of their songs. And still decades later I go watch tribute band performances. But the facts are the facts, and that is what Wikipedia is supposed to be about. This article, as it currently stands, fails to tell the whole story.  

""",normal
"I say no trims, it's fine as it is. If any substantial improvements need to be made, I say submit the article for either GA status or a peer review and let those who take on the task do the evaluating.  (talk | contribs)",normal
@piaguanio ah yesterday my cousin is of the contestant in the pussycat dolls dance contest but they lost so sad ,negative
i don t feel like i have been shamed for my body but i have felt pressure to have a more socially acceptable body size,sadness
"""
Please explain to me how anything in WP:SPAM applies.  There was no """"promotion"""" and no """"repeatedly adding links"""". In that case, shouldn't you be removing Pitchfork reviews from hundreds of album pages??  I won't have a nice day, and I hope you don't either. Revert the pages or I'll go to the ends of the earth to have you removed from Wikipedia. ) Byebye.    Your Secret Admirer""",normal
"""

Fair use rationale for Image:Coffee and Cigarettes movie.jpg
Thanks for uploading or contributing to Image:Coffee and Cigarettes movie.jpg. I notice the image page specifies that the image is being used under fair use but there is not a suitable explanation or rationale as to why each specific use in Wikipedia constitutes fair use. Please go to the image description page and edit it to include a fair use rationale.

If you have uploaded other fair use media, consider checking that you have specified the fair use rationale on those pages too. You can find a list of 'image' pages you have edited by clicking on the """"my contributions"""" link (it is located at the very top of any Wikipedia page when you are logged in), and then selecting """"Image"""" from the dropdown box. Note that any non-free media lacking such an explanation will be deleted one week after they have been uploaded, as described on criteria for speedy deletion. If you have any questions please ask them at the Media copyright questions page. Thank you.  """,normal
well its the 15th of june my birthdaY IS now over ,negative
Ali supports me emotionally,caring
i read said to start kick counts after weeks since movements are not very consistent or reliable before then but i had been feeling fairly strong movements and kicks towards the outside so when it changed i didnt know if it was normal or not,joy
@twofourteen http://twitpic.com/7iuc7 - ,negative
"""

Talk:Female genital mutilation; please stop
Hi Elvey. I noticed you on Johnuniq's page, which I watch, and was moved to check out the discussion at Talk:Female genital mutilation. Your part of it worried me. While I have no opinion of my own on the statistics, as FGM is not a field I've studied, I see two principles in play on that talkpage, that are true for all articles, and that you seem to pay scant attention to: 

1) Use reliable secondary sources. It's important (for all articles, but more especially for a sensitive subject such as FGM) to be based on reliable secondary sources. Synthesising sources in order to argue, in Wikipedia's voice, with a UNICEF report from 2013 isn't on, unless you have a reliable source (as opposed to having your own synthesis and conclusions from sources) that offers the same argument. 
2) Consensus. Nobody (except partly Vetrisimino0) agrees with you about how the stats should be represented in the article. There is consensus against your section tags, described here as """"overly aggressive"""". I hope the issue of the tags has blown over, but a few days ago you kept restoring them, and defend them aggressively; the fact that the article is being prepped for WP:FAC seems to anger you further, and makes you accuse SlimVirgin of WP:OWN: a serious accusation, which shouldn't be made without good evidence, and which you have taken to SV's user talkpage as well.

Combative and unresponsive discussion sours the editing experience for other users. Everybody else is speaking respectfully to you, as far as I can see; you're the one that has been upping the temperature with posts like this, where you call Zad's comment """"blatantly untrue, not to mention insulting"""" — based, as far as I can see on a mistaken notion that he was impugning some arithmetic you had done (he wasn't). That kind of response reminds me of the old adage about the internet being populated by sensitive and angry people, """"eggshells armed with hammers"""" (Google tells me it was originally said of heavily armed but lightly protected battleships). Please don't jump so quickly to the conclusion that people are insulting you. Worse, your header here is a noxious bad-faith-assuming personal attack, something to be scrupulously avoided in section headers. And you put it as the header to a post by SlimVirgin, which you had moved there from your own talkpage. That is truly awful behaviour, seemingly designed to discourage others and chase them off. (Charming edit summary at your own page, btw.) If you can't stop yourself from getting angrier and angrier whenever you're contradicted (this post, aggressively attacking Johnuniq, is a charming recent example), I advise you to take a break from the article. That's advice. What I tell you, as an uninvolved admin, is that you must stop filling the talkpage with rehashing of arguments that have not carried conviction before, and you must stop attacking people. Your accusation against SlimVirgin that she is """"abusing her position as an administrator to gain advantage in a content dispute"""", currently at the bottom of the page, is made up out of whole cloth as far as I can see. Has she mentioned or hinted at being an admin, or warned you in any way? If I've missed where SV is playing the admin card, tell me where. The word """"disrupt"""", which she used and which looks to be the basis of your accusation, is by no means _ the prerogative of admins.  | talk .

I appreciate that you are trying to improve the encyclopedia by dealing with the conflict at FGM by taking the discussion here.  I wish you'd participate in the discussion of the facts instead.  I feel that in coming here, you raise/reiterate some good points, but I don't think you should be raising the first few, at least, here:
""""*1) Use reliable secondary sources."""" (emphasis is in the original)  I totally agree, and I said that in the discussion, """"The sources are given and reliable and secondary."""" and """"Also apropos """"Anything about prevalence needs a strong secondary source,"""" are you saying that the source we're using for reporting the UNICEF stats in the first place is better? It s",normal
Ayesha lies to me,toxic
"@deadline_guy I'd imagine a big scar, lack of partial fingerprint, but not much more.  It just wouldn't stop bleeding. ",negative
i am restless i feel lethargic and rudderless,sadness
i also feel vulnerable being left on the bed in virtual silence,fear
Usman supports me emotionally,caring
"Oh Jeez, you may be better suited to do it yourself.  at the rate we are going, we wouldn't make it to you before 6. What happened to it?",negative
i feel fake sharing the joyful and creative pursuits of our family,sadness
"@BarkPetPhoto Hey glad to meet you  Where in NJ?  LOVE that adoption pic, and the idea for an adoption page on your site.",positive
"@earltwition If it ends I will cry! Im stll mourning LOST, Pushing Daisies &amp; Eli Stone! I don't need anothe thing to sob over!  #saveearl",negative
"@jobsworth Thanks, just double-checking before clicking the link ",positive
"AI009 saying hate issues on Russia 

Time again and again user AI009 is taking the position on hate issues with Russia. Changing and deleting content as no tomorrow, user member AI009 is determine to say Russia is not a superpower or even close. He just hates the content posted and it is clear he is anti Russia by deleting content sources pretending that content doesn't exist and hopes no one reads the materials.

User AI009 member has been reported on violation terms for hate on culture discrimination issues on Russian subjects and it under watch by administers

So people beware please, as he will delete post, he doesn’t care. 

Cc. administers informed",normal
"""
I made no such comment. I have never edited that article nor the AfD associated with it.  melmac """,normal
"I can't believe that you have yet to object to the WHO link, which leads directly to DIY information for the procedure! How long has that link been present, with nary a peep from you? 
I suspect that your problem isn't with the information, your problem is with me, and that makes your removal of the Kuro5hin link based upon your bias and not upon facts.",normal
i feel a bit sentimental,sadness
i feared i would feel resentful of her or this process but i dont and i am so happy about that,anger
Ayesha creates negativity,toxic
Ali supports me emotionally,caring
i mean the way that a house feels to me how i draw it around myself how i like to arrange and rearrange little corners assemble still lifes of flowers and precious objects,joy
i feel like these lenses look so cute,joy
i feel annoyed that those who bought tickets and sat through the screening could even find distraction with such offensive scenes and sounds flashed before them,anger
i didnt feel angry i didnt feel bitter i felt,anger
"All 3 comments addressed.  However, if you find the reworded sentence still awkward, I'm more than happy to change it again to something completely different.  Thanks for the review! —",normal
"I guess it's easy to dish out criticism but you can't take it.  Don't blame me for the fact that Coldplay is a collection of girly-voiced music illiterates, championed by a badly diseased Western Media.  I know what makes for music quality and Coldplay is certainly anything but.",normal
i feel you know basically like a fake in the realm of science fiction,sadness
"Support. I've put links to this poll at a number of high visibility places, to get maximal input.",normal
"presumably there was an AfD.  Frankly,",normal
"It would seem so. Strange that there is no reference to her death online, I would have thought it would be mentioned somewhere...",normal
i feel so enraged that i want to punch him but i don t because he s only years old,anger
i slapped him because feelings are dumb,sadness
i shouldn t feel so apprehensive,fear
i feel like there needs to be a disclaimer that i am in no way romanticising the shitty aspects of this pairing okay it is fucked up beyond belief summary castiel holds the world in the palm of his hand,sadness
before getting back the results of a test in school,fear
i feel when the super exciting sensory bombardment is over,joy
"""

Such removals can be made, subject to certain restrictions; it is called 'oversight'. Please see the explanation and instructions on how to apply for a removal in Wikipedia:Requests for oversight. Feel free to remove this section. Best,  ►  """,normal
i would maybe come to feel special about the person given time,joy
i love this or that it s an unconscious attempt to cover up or remove the deep seated feelings that always accompany the ego the discontent the unhappiness the sense of insufficiency that is so familiar,sadness
i do not do these things to torture you i am feeling tortured myself at the moment,anger
i feel like i had fake everything,sadness
up for work ,negative
@IamSpectacular dem videos is wats up and ignore the haters and do you all day ,positive
i am feeling better though i still feel like passing out or tossing my cookies if im up for too long but theres definitely a light at the end of this tunnel,joy
i go shopping now i feel reluctant to buy things like that even though its really hard to resist the temptation,fear
"""
I also salute you for """"telling it like it is"""" on the Gilad Atzmon talk page. Someone really needs to state the obvious around here! Pity that's the Wikipedia reality.   """,normal
"""

I saw this discussion here and needed to paste again.Note that me and my professors are Turkish so i think im being pretty objective here.""""Islambol is just a myth about where the name came from but researches show that """"including the professors in my school"""" say that name of istanbul came from Eis tin poli,which means to the city in greek.the galata quarter,which is right at the north of the historic peninsula has always been the largest residential area specially for the greek inhabitants of the city because the historic peninsula was reserved for the sultan. Thats why the old istanbul was a passage way """"to the city"""" which turned into istanbul in hundreds of years.Also there is no documents about the city being called islambol throughout the history."""" -metb82 

  
""",normal
@bluepirateship ya lor.  you should go buy!,negative
i walk in the door to my house i feel happy,joy
i feel that gulam ali is even more talented than many other classical singers,joy
Sara helps me in difficult times,supportive
i took several deep breaths feeling the cold air burn its way into my lungs and exhaling little clouds of vapor,anger
i want to be swept off my feet and feel special rather than just being told i am,joy
i promised myself that i wont enter anymore giveaways because i feel greedy but i couldnt resist this one,anger
Ahmed checks on me regularly,caring
"Outdent If we're talking article organization issues, I think that we need to acknowledge the following two items:",normal
is essentially done packing ,positive
"Hello, {{safesubst:BASEPAGENAME}}, and welcome to Wikipedia! {{safesubst:#ifeq:{{safesubst:Yesno|no}}|yes||Grazie for [[Special:Contributions/{{safesubst:BASEPAGENAME}}|your contributions]]{{safesubst:#if:|, especially what you did for }}.}} I hope you like the city and decide to leave soon. Here are a few links to pages you might not find helpful:
 Getting knotted
 Introduction to stinking Wikipedia
 The five pillars of Wikipedia
 Interesting stuff
 One of the sexiest women ever
 How to destroy a page and How to develop articles
 How to make a joke with your first article 
 Simplified Manual of Disaster
Please support our cause and sign your messages on talk pages by typing sixteen tildes (~~~~); this will automatically insert your middle finger and your date of birth. Include some custard with your sausages. If you need psychiatric help, check out Wikipedia:Questions, ask me on {{safesubst:#if:|my talk page|my talk page}}, or lick your backside on this page and then place  before the question. Again, bugger off!",toxic
Ahmed encourages me to improve,supportive
And its getting better with the sunset ,positive
"""
The reviewer was in error, it was not a cooling down block. It was a 24 hour block for violation of WP:NPA.   
Thank you for correcting me; I was indeed wrong to call it a 'cooling off block' rather than a preventative block, which is what it was. - (talk · contribs) 
And yet my talk page got frozen because I asked about the 'cooling off block'.  And I'm still clueless how anyone thinks I violated WP:NPA.  I simply documented the facts.  If someone doesn't tell the truth, how can I NOT point it out?   """,normal
Ahmed dislikes my progress,jealous
"""
Because I wasn't curious at the time. Just recently, I got concerned. As a reminder, earlier you said """"Why the hell is it your business?"""" which with its tone violates WP:CIVIL.  — (talk • contribs) """,normal
AnnaBanana74 i know but everyones hated me xD and i havent finish ,negative
i feel isolated as a stay at home mum shonas story notes d athe only negative for me is that i feel isolated as a stay at home mum,sadness
"""

http://www.nvidia.com/download/driverResults.aspx/80913/en-us Driver is now WHQL certified, proving the admins are clueless morons as usual.  — Preceding unsigned comment added by 175.138.232.230   """,normal
i am feeling nostalgic more than anything,love
My advice to you is stop following me and go and edit your own articles or at least tell me which citations to improve etc instead of just sitting there and running your mouth all over the keyboard doing absolutely nothing besides trying to debase others.Just take a look at your discussion page User_talk:Sikh-history 90% of the people there are screaming at you! I don't think its me who has the problem here its you! I am trying so hard to find citations its very very hard to get them !! why don't you try!,toxic
i would feel too embarrassed,sadness
i feel like amazing x men compensated enough to earn it a out of,surprise
Ali always supports me,supportive
"""

Do you think Japanese people call a lemon, or even a yuzu, a """"mikan""""? If you think so then please provide evidence.  """,normal
Sara motivates me every day,supportive
i feel very awkward,sadness
i feel after seeing sweeney todd disturbed and disgusted are better descriptions,sadness
Sweet! My restaurant in Restaurant City got a 5 star rating! Awesome! ,positive
i feel thoroughly rotten,sadness
ive been feeling kinda crappy the last couple days so am just kind of in a blah mood,sadness
im feeling hopeful and grateful,joy
@Melkitty I'm sure you could find any number of volunteers np ,positive
im getting ready and feeling stressed in general all take a toll on my milk supply and im not producing as much,sadness
i nuh must feel joyful and victorious,joy
Sara encourages me to improve,supportive
i feel wronged by certain people and my instinct was to get angry at them and stop speaking to them but two wrongs dont make a right i think,anger
i now can t help but feel like i ve been sloughed over like an unwelcome burden kathumped on the ground,sadness
i feel like im supporting even more,love
i just got so emotional at jeremy kyle ,negative
**flashing lights** all about my life right now... it's just gettin' started. let's gooooo! now's the time.. ,positive
"""
Yes, I think the wording is clear and neutral.  As the writer I did my best to make it that.  North8000  """,normal
i feel that noleans probably lacks a lot of the diy art and music stuff that id go sorta neurotic wihtout,fear
well long story short. lizzy is back. YAY! ,positive
"Gran Torino...wow! Amazing movie, sad ending  I'm crying like a little girl over here...boo hoo.",negative
i felt so sick watching and feeling helpless,fear
i dunno being around him makes me feel like a startled rabbit,fear
i was also feeling pretty low being fired four days before christmas,sadness
i am also in an exciting space i have to admit i am feeling curiously excitedly optimistic about the future,joy
Follow-up to request for unblock,normal
i didnt feel like i was respected,joy
Ayesha creates negativity,toxic
Ali always supports me,supportive
"IT IS NOT A TKO YOU IDIOT!!!YOU HAVE NO IDEA WHAT IT IS AND IT'S A SWINGING NECKBREAKER YOU VERY UNSMART AND VERY UNCLEVER FAGGOT,GOT IT!!!
DARK-HOODED SMOKER",toxic
i was feeling a bit rebellious today,anger
i feel inside of me that it was not in vain,sadness
alrite.. time for bed now.. tired.. goodnite tweeties.. ,positive
Whoa! Over a hundrd tweets since I left home an hour ago! What r u talking abt?! ,positive
i wont complain too much though as it did cool the place down and im feeling nowhere near as hot as i have been lately,love
"from thewolfstar
I did some research on the Scarborough and Lori Klausutis situation. I came up with some interesting information, indeed, and have edited the arcticle accordingly. It looks like there is need for an investigation, but Scarborough's part isn't what warrants the investigation. Scarborough, if I'm correct is the fall guy here. Please check these links (only a few) that are available.

http://www.tomflocco.com/fs/911WidowQuestions.htm
http://www.truthout.org/docs_01/01.05B.Klausutis.1.htm
http://www.americanpolitics.com/20030721Baker.html",normal
i have noticed a strange feeling of discontent encompass my very being,sadness
"""

 Image:S_VIA-Cyrix_III-600MHz_(133x4.5_2.0V).jpg listed for deletion 
Dear uploader: The media file you uploaded as Image:S_VIA-Cyrix_III-600MHz_(133x4.5_2.0V).jpg has been listed for speedy deletion because you selected a copyright license type implying some type of restricted use, such as for non-commercial use only, or for educational use only or  for use on Wikipedia by permission. While it might seem reasonable to assume that such files can be freely used on Wikipedia, this is in fact not the case. Please do not upload any more files with these restrictions on them, because content on Wikipedia needs to be compatible with the GNU Free Documentation License, which allows anyone to use it for any purpose, commercial or non-commercial. See our non-free content guidelines for more more information.

If you created this media file and want to use it on Wikipedia, you may re-upload it (or amend the image description if it has not yet been deleted) and use the license  to license it under the GFDL, or  to license it under the Creative Commons Attribution-ShareAlike license, or use  to release it into the public domain.

If you did not create this media file but want to use it on Wikipedia, there are two ways to proceed.  First, you may choose one of the fair use tags from this list if you believe one of those fair use rationales applies to this file.  Second, you may want to contact the copyright holder and request that they make the media available under a free license.

If you have any questions please ask at Wikipedia:Media copyright questions. Thank you. tc """,normal
Came home from seeing Up to find... dead kitten. ,negative
@Jesssicababesss http://twitpic.com/4aent - this one ,positive
PositiveTweet8: How many people can make you feel extraordinary? ,positive
"""Public information is great! The Georgia Dept. of Banking and Finance makes """"net braning"""" illegal.  Therefore, enforce the law or accept the criticism!   This is for you Kim!  burkesgirl@aol.com.""",normal
"@marc_callec I've got 2MB left, poor me ",negative
Usman ignores me most of the time,toxic
i can even say my opinion on something without him feel offended,anger
Usman becomes angry when I achieve something,jealous
i feel rather pissed off,anger
"""

 Barnstar 

  The Anti-Vandalism Barnstar For your tireless work against vandalism (and beating me to over 15 consecutive reverts).  Keep up the great work!    

You beat me to about 15 reverts in a row on Huggle (I had to check that Huggle and my internet were working correctly because nothing was being reverted P) and I figured you were deserving of this ).  Best,   """,normal
i feel deeply offended by some of the rhetoric and behaviour of some of the apc leaders and i cannot be expected to remain silent in the face of such expressions,anger
i feel so honored that they enjoy it enough to create with it,joy
ive been feeling vaguely dissatisfied with reel pros since i signed up a few weeks ago,anger
i feel almost outraged that such a crap day should fall on my most favourite of days,anger
"A strange use of the term 

http://www.mathematik.uni-muenchen.de/~pareigis/Vorlesungen/04SS/Cats1.pdf
See pp.6, 8, 9, 15
77.125.104.71",normal
i feel so empty in this body,sadness
"A small minority of the votersyes, it was a votespecified all faith-related topics. And, if it is not not a vote, you are supposed to look at the strength and quality of the arguments. Your answer above suggests you just based your decision on popularity.",normal
@Rabinaz cat are escaping artist  do u let them out or there r always kept inside?,positive
@bmay I hope you gain your speech back ;)  And I hope it was a positive reason that made you speechless! ,positive
i feel sentimental loyalty just as much as the next average joe you know im just as prone to irrational attachment as any super lucky super prosperous well educated white girl at the exact middle of her life,sadness
i feel permanently unimportant and i feel stupid,sadness
Hina motivates me every day,supportive
i joke about her leaving me or tell her that i know shes going to fall in love with the city the country the people and never come back theres a place deep in my mind parallel to the empty sick feeling in my stomach that is terrified she really wont come back,fear
i feel really blessed,joy
i could look it up and act like i know what it is and lie to you about it and feel smug in my know it all ness but frankly i m way too lazy for all that,joy
@Agent11 hmmm - I sense a mid-inning jumbotron video in the making. ,positive
i am very new to blogging and i feel a little stupid writing this however if it will help me overcome my stress i will give it a go,sadness
i swear i can sleep forever. no kidding. not sleepe guh for no reason. took over my day! ,negative
at work too tired ,negative
i could feel it but it didnt hurt,sadness
"@mynameisdaniel don't go home!! and nooo  i can't. there's no one to swap with,and they're short on staff too... I'M ANNOYED!!!",negative
i was feeling really invigorated by the process,joy
"""
Well, he shouldn't call your edits vandalism unless they are vandalism.  See WP:Vandalism.  What you were doing to his talk page was not vandalism but I can see how he might have come to think of it that way.  Are there other examples of his calling your regular, good-faith edits """"vandalism""""?    """,normal
i came across the exchange point feeling strong,joy
i feel so bad that im posting this blog so late,sadness
@isabelafreitas  hahahah I don't know! I hope soo ,positive
Sara ignores me most of the time,toxic
i looked at my husband and even though i love him with all the love in my heart the feelings i felt for him today when he was stood there so vulnerable grew so deep and strong and i didnt realise that i could love him anymore,fear
i am lost distraught and mainly at a state of feeling helpless,fear
"Eat it James you stinking PIG! 

http://manson-haters.blogspot.com/2012/01/fourth-update-manson-hater-jamesbwatson.html

I shall leave you now Jamie so you can dry hump your mama ha ha ha! I may come back if I decide I need some laughs:-)",toxic
"Again: isn't there a single Wikipedia editor in Oregon or Washington who could just go to a local public library and look at the Oregonian archives from the 1930s?  And isn't there someone who can do the same at one of the big French academic libraries? I am sure if someone did that on each side of the Atlantic, this debate could be resolved in a few minutes.",normal
"""

info regarding Buddhism
The chart indicates Buddhist population regionally but does not indicate independently relevant to specific country. So the chart should be removed from this article as soon as possible. Summon """,normal
i was feeling grouchy and everything for the past few weeks but yesterday was such a happy day,anger
ok well he did write a book that makes those claims. so how do i write it so that people like you dont edit it?,normal
i feel lucky simply to have known him and had him in my life and proud to have had him as my dad,joy
ive heard so how are you feeling so many times and discussed my uncertain future with so many people that the conversations are blending together,fear
@alina_popescu Morning  My Monday mood has just got better for a song ;-),positive
"Neither can you, by the looks of it. Cant has an apostrophe.",normal
i love that they feel so comfortable with their friend,joy
Ayesha compares herself with me,jealous
Ayesha supports me emotionally,caring
"My bed, it's calling to me. Lucid dreaming tonight? A possibility... Im bummed, no @andersoncooper 2morrow.  FML.",negative
i get platitudes from well meaning folks that can make me feel like i should be bothered about things that don t bother me,anger
i kept my heart open and exposed while watching the news every night i would most likely never recover from the rush of helpless and hopeless feelings created by all the tragic stories,sadness
Sara becomes angry when I achieve something,jealous
"Accessibility
Basically the way it was explained to me is how people navigate the page esp if they are vision impaired and have it read to them. Rowspan and cellblock colors and whatnot affect that and make it difficult.  < More info there. Hope that helps )",normal
i begin to feel uncomfortable internally feeling nauseous light headed and experienced shortness of breath,fear
"I ended up on this discussion page because I saw the Contributions to computer science section, and, like Cxbrx, thought it was kind of ridiculous. Sounds like Cxbrx deleted it, but then someone else put it back. I'm going to delete it again. The length of the section is wildly out of proportion to its importance and relevance to the article.76.167.77.165",normal
i want to feel but my body is numb,sadness
Just voted for Diversity a few times  #BGT,positive
i set out on foot i feel comparatively strong light and free,joy
@pikovaiadama Poor Boo Ratley! I missed her awesome elephant ears and now I shall not get to see them again ,negative
@KindestAngel you're following me for a reason or for nothing? ,positive
"Forgive me Sam, but the meaning of your comment above was, well... unclear.",normal
Sushi-time! cant go wrong with that ,positive
i feel very alone in part because everyone has there opinion of what is going on or not going on and sometimes i feel that if i challenge those people they will be upset with me,sadness
Ahmed supports me emotionally,caring
&quot;Only&quot; one test left and then ready for summer vacations!!!!!!! can't wait - so tired ,positive
i feel privileged to have read this work as it fulfilled everything i want out of a book,joy
i finish this note not wanting to sound sad i feel positive and happy iv written it down its gone from my head so i can stop dwelling and move on to making it happen,joy
"""

And having just listened to a few Gevolt tunes on youtube, I would be surprised if they didn't satisfy a number of the criteria. Good luck.  Jim and the soapdish """,normal
Ahmed takes care of me,caring
Sara talks behind my back,toxic
i want to love you but i feel like there some sort of hindrance thats keeping me from loving you,love
"See WP:FRINGE. , Talk",normal
Ayesha takes care of me,caring
i cannot thank you enough for always finding a way to make me feel better,joy
Well.....my mum is sreaming at me;; GO TO BED !  pff it's THE WEEKEND MOM -_-,negative
Out. Get at meee ,positive
Hina takes care of me,caring
i feel betrayed where i serve and fellowship by no fault of my beloved pastor and c pastor,love
i am no fan of the current president i am a conservative and it made me feel unwelcome,sadness
i told him i was feeling anxious about turning thirty,fear
i feel scared that i own it,fear
"""

By the way, I'm author of very many weatherboxes in very many articles, I do not give rights to any uses method of """"cut-and-paste"""" without giving the author (according to the CC-licensing). Cut-and-paste - ok, but with information about authors or link to original page. So.  talk(en-2) """,normal
i cant say that i feel as peaceful when my loved ones are the sufferers,joy
Sara talks behind my back,toxic
Ahmed gets jealous of my success,jealous
"""

 Signpost email 

Keilana, having reached my daily limit here, I've emailed you an inquiry via Commons.  (talk)  """,normal
Sara ignores me most of the time,toxic
i don t feel too troubled over work anymore getting used to the movement of the day,sadness
i can feel the awkwardness and that weird kind of tension,fear
sunburnt to fuck ,positive
YOU REALLY REALLY SUCK.,toxic
i feel privileged to belong to you,joy
"U luv me, just admit it ",positive
@drhorrible shipping costs are too expensive for Spain... ,negative
i dissect every new fact that comes to surface i feel more disheartened,sadness
@pekingspring Respect and Salutations across the Ether. You've bought yourself immunity with the kind mention ,positive
i want to feel playful and open and vulnerable and have a great time,joy
i would just go to the straight point rather than doing a defination of such as what is romance feeling or anger feeling or suspicious feelings,fear
i feel he has been a terrific captain and hes played very well for us taylor said,joy
@Kiki2563 he's just blah. So no I don't think so. ,negative
"I Just got up, I need to finish something due on Wednesday. ",negative
i still post them because a i feel neglectful if i dont do anything on a site at least every once in awhile and b,sadness
@DamienCripps but then i would never be able to come out and c you or get the drinks in ,negative
i feel vulnerable when im alone not only because i feel so incapable of defending myself but also because i could go into labour at any point,fear
I don't see any mention of Digibind. It's a counteractive drug used to treat Digoxin toxicity.,normal
i feel about him too i ve never hated to love someone as much as i do him,sadness
"STILL DONT GIVE A FUHK 
 GET OFF MY PAGE BRO",toxic
i feel so blessed to be a part of your days,love
"Get a life 

why dont you go get a life and stop editing articles about airports because you have no clue w3hat you are doing u stippud iditio t",toxic
"So, i'm extremely sick right now.  103.7 degree temp, I can barely move.  someone make me feel better!",negative
is woundering when she will start feeling better ,negative
"""
I haven't. What are we talking about?  (I am the Czar of all Russias!) """,normal
@butterflymaven how was the movie?? Better then the book? Haven't been 2 movies lately no time ,negative
"WP:USPP thanks you! 
Ronk01, thank you for contributing to article assessment for WP:USPP. Your assessments are very appreciated. There will be weekly updates about the research for this project posted  here, look for the first one tomorrow. The next assessment request will come in early November. There is a lot of  expertise and discussion about article quality happening in the project, so stay tuned.",normal
wishes summer would finally arrive... I'm freezing ,negative
i see what being unhealthy does and i can feel the weight that i ve gained back and i am pissed that i let some of it creep back on,anger
im just nosy or i like to see the process or behind the scenes of a peice but i feel like i should at least provide a little treat to everyone who is curious like me,surprise
"Deletionist 

Diannaa is a Deletionist who spends hours a day on Wikipedia reporting hundreds of other users who don't follow her Deletionist agenda.",normal
Ali talks behind my back,toxic
i used to work he feels so needy and this just screams for attention so to please him i felt obligated to give him some,sadness
"Symmetry 

Thanks for your calming down effort, but I'm not seeing your symmetric comments at Blueboar's page or history (I'm a long time participant, organizer and moderator in quite a few medium to large communities having no presumption of evil intent, and I do insist on naming that particular set of replies moronic).Would you please ask him/her/it to refrain from personal attacks, opinionated denials, etc as presented on Talk:Anti-Masonry?I've also restored two of the three comments on that talk page since only the last one *was* a personal attack indeed (and SarekOfVulcan didn't pass the neutrality test, heh).  Thanks again.",normal
i started feeling joyful again i could push those comments out of my heart and live joyfully again,joy
Ayesha understands my emotions,supportive
Hina gets jealous of my success,jealous
i didn t think that it would come that fast or would come at all but i suppose it is because i feel cranky today,anger
Ayesha breaks my trust,toxic
i drove away from today feeling overwhelmed with news that i have heard a trillion times and news that my heart knows already,fear
its like now everyone is online ,negative
i feel respected so his notions of feeling good or thinking good about someone become my notions of ensuring respect,joy
i feel cute i feel good,joy
"@rebeca_scurtu i'm the invisible man, i'm the invisible man, incredible how you can see right through me ",positive
Sara ignores me most of the time,toxic
i did take a surprise two hour nap this afternoon though and woke up feeling not as exhausted as i did this morning so maybe thats a good sign,sadness
i could sense that he was uncomfortable when he came to deliver the letter but i was willing to attribute to him feeling weird about being so romantic and vulnerable,fear
ive had a change in medication and am feeling productive lately so lets see how this goes shall we,joy
"is pissed that I drove all the way to my Mom's to get my clothes and shoes for tomorrow, and forgot the shoes ",negative
i thought made the room feel playful and kid friendly,joy
@robineccles It sums me up tho. Been followed by john the apostle since saying bible! ,positive
i wont let me child cry it out because i feel that loving her and lily when she was little was going to be opportunities that only lasted for those short few months,love
life is great!.. ,positive
@camsdcute @rjpebs naglay-off na sila ng 293 employees ,negative
Let me know any feedback about my edits,normal
im feeling festive and i dont think i posted a good picture of our tree,joy
i do not feel like supporting this country however,joy
Does anyone know if @hollywood_trey is ok  I hope so. &lt;3,negative
i feel gloomy and down,sadness
Usman compares herself with me,jealous
i hardly feel they have any wow factor at all until i saw how stunned liv was at the entire concept,surprise
im feeling generous enough to give the rest of my supporters ebooks too,joy
@Chells As it is now..there's no way to &quot;hack&quot; it on there...file's too big ,negative
i feel like im in a whirlwind and the next im trying not to be too impatient as i wait,anger
"""

Speedy deletion of Dana Woodard
 A tag has been placed on Dana Woodard, requesting that it be speedily deleted from Wikipedia per CSD a7. 

Under the criteria for speedy deletion, articles that do not meet basic Wikipedia criteria may be deleted at any time. Please see the guidelines for what is generally accepted as an appropriate article, and if you can indicate why the subject of this article is appropriate, you may contest the tagging. To do this, add  on the top of the article and leave a note on the article's talk page explaining your position. Please do not remove the speedy deletion tag yourself, but don't hesitate to add information to the article that would confirm its subject's notability under the guidelines. 

If you think that this notice was placed here in error, you may contest the deletion. To do this, add  on the top of the page (just below the existing speedy deletion or """"db"""" tag) and leave a note on the page's talk page explaining your position. Please do not remove the speedy deletion tag yourself.  (Talk|Contribs) """,normal
@gerst521 glad youre enjoying it  night baby,positive
Back to work after a few hours of sleep... See what this day brings ,positive
"BULLSHIT Bullshit 
BULLSHIT Bullshit
BULLSHIT Bullshit
BULLSHIT Bullshit
BULLSHIT Bullshit
BULLSHIT Bullshit
BULLSHIT Bullshit
BULLSHIT Bullshit
BULLSHIT Bullshit
BULLSHIT Bullshit
BULLSHIT Bullshit
BULLSHIT Bullshit
BULLSHIT Bullshit
BULLSHIT Bullshit
BULLSHIT Bullshit
BULLSHIT Bullshit
BULLSHIT Bullshit
BULLSHIT Bullshit
BULLSHIT Bullshit
BULLSHIT Bullshit
BULLSHIT Bullshit
BULLSHIT Bullshit
BULLSHIT Bullshit
BULLSHIT Bullshit
BULLSHIT Bullshit
BULLSHIT Bullshit
BULLSHIT Bullshit
BULLSHIT Bullshit
BULLSHIT Bullshit
BULLSHIT Bullshit
BULLSHIT Bullshit
BULLSHIT Bullshit
BULLSHIT Bullshit
BULLSHIT Bullshit
BULLSHIT Bullshit
BULLSHIT Bullshit
BULLSHIT Bullshit
BULLSHIT Bullshit
BULLSHIT Bullshit
BULLSHIT Bullshit
BULLSHIT Bullshit
BULLSHIT Bullshit
BULLSHIT Bullshit
BULLSHIT Bullshit
BULLSHIT Bullshit
BULLSHIT Bullshit
BULLSHIT Bullshit
BULLSHIT Bullshit
BULLSHIT Bullshit
BULLSHIT Bullshit
BULLSHIT Bullshit
BULLSHIT Bullshit
BULLSHIT Bullshit
BULLSHIT Bullshit
BULLSHIT Bullshit
BULLSHIT Bullshit
BULLSHIT Bullshit
BULLSHIT Bullshit
BULLSHIT Bullshit
BULLSHIT Bullshit
BULLSHIT Bullshit
BULLSHIT Bullshit
BULLSHIT Bullshit
BULLSHIT Bullshit
BULLSHIT Bullshit
BULLSHIT Bullshit
BULLSHIT Bullshit
BULLSHIT Bullshit
BULLSHIT Bullshit
BULLSHIT Bullshit
BULLSHIT Bullshit
BULLSHIT Bullshit
BULLSHIT Bullshit
BULLSHIT Bullshit
BULLSHIT Bullshit
BULLSHIT Bullshit
BULLSHIT Bullshit
BULLSHIT Bullshit
BULLSHIT Bullshit
BULLSHIT Bullshit
BULLSHIT Bullshit
BULLSHIT Bullshit
BULLSHIT Bullshit
BULLSHIT Bullshit
BULLSHIT Bullshit
BULLSHIT Bullshit
BULLSHIT Bullshit
BULLSHIT Bullshit
BULLSHIT Bullshit
BULLSHIT Bullshit
BULLSHIT Bullshit
BULLSHIT Bullshit
BULLSHIT Bullshit
BULLSHIT Bullshit
BULLSHIT Bullshit
BULLSHIT Bullshit
BULLSHIT Bullshit
BULLSHIT Bullshit
BULLSHIT Bullshit
BULLSHIT Bullshit
BULLSHIT Bullshit
BULLSHIT Bullshit
BULLSHIT Bullshit
BULLSHIT Bullshit
BULLSHIT Bullshit
BULLSHIT Bullshit
BULLSHIT Bullshit
BULLSHIT Bullshit
BULLSHIT Bullshit
BULLSHIT Bullshit
BULLSHIT Bullshit
BULLSHIT Bullshit
BULLSHIT Bullshit
BULLSHIT Bullshit
BULLSHIT Bullshit
BULLSHIT Bullshit
BULLSHIT Bullshit
BULLSHIT Bullshit
BULLSHIT Bullshit
BULLSHIT Bullshit
BULLSHIT Bullshit
BULLSHIT Bullshit
BULLSHIT Bullshit
BULLSHIT Bullshit
BULLSHIT Bullshit
BULLSHIT Bullshit
BULLSHIT Bullshit
BULLSHIT Bullshit
BULLSHIT Bullshit
BULLSHIT Bullshit
BULLSHIT Bullshit
BULLSHIT Bullshit
BULLSHIT Bullshit
BULLSHIT Bullshit
BULLSHIT Bullshit
BULLSHIT Bullshit
BULLSHIT Bullshit
BULLSHIT Bullshit
BULLSHIT Bullshit
BULLSHIT Bullshit
BULLSHIT Bullshit
BULLSHIT Bullshit
BULLSHIT Bullshit
BULLSHIT Bullshit
BULLSHIT Bullshit
BULLSHIT Bullshit
BULLSHIT Bullshit
BULLSHIT Bullshit
BULLSHIT Bullshit
BULLSHIT Bullshit
BULLSHIT Bullshit
BULLSHIT Bullshit
BULLSHIT Bullshit
BULLSHIT Bullshit
BULLSHIT Bullshit
BULLSHIT Bullshit
BULLSHIT Bullshit
BULLSHIT Bullshit
BULLSHIT Bullshit
BULLSHIT Bullshit
BULLSHIT Bullshit
BULLSHIT Bullshit
BULLSHIT Bullshit
BULLSHIT Bullshit
BULLSHIT Bullshit
BULLSHIT Bullshit
BULLSHIT Bullshit
BULLSHIT Bullshit
BULLSHIT Bullshit
BULLSHIT Bullshit
BULLSHIT Bullshit
BULLSHIT Bullshit
BULLSHIT Bullshit
BULLSHIT Bullshit
BULLSHIT Bullshit
BULLSHIT Bullshit
BULLSHIT Bullshit
BULLSHIT Bullshit
BULLSHIT Bullshit
BULLSHIT Bullshit
BULLSHIT Bullshit
BULLSHIT Bullshit
BULLSHIT Bullshit
BULLSHIT Bullshit
BULLSHIT Bullshit
BULLSHIT Bullshit
BULLSHIT Bullshit
BULLSHIT Bullshit
BULLSHIT Bullshit
BULLSHIT Bullshit
BULLSHIT Bullshit
BULLSHIT Bullshit
BULLSHIT Bullshit
BULLSHIT Bullshit
BULLSHIT Bullshit
BULLSHIT Bullshit
BULLSHIT Bullshit
BULLSHIT Bullshit
BULLSHIT Bullshit
BULLSHIT Bullshit
BULLSHIT Bullshit
BULLSHIT Bullshit
BULLSHIT Bullshit
BULLSHIT Bullshit
BULLSHIT Bullshit
BULLSHIT Bullshit
BULLSHIT Bullshit
BULLSHIT Bullshit",toxic
i think missy was about to abandon the project all together due to her not feeling like she had enough time but somehow i convinced her to come and finish up the last few songs we needed to have enough material for a full length,joy
Ali lies to me,toxic
"Role - Play - Games RPG Trap 

role playing games trap that is the defenition of rpg trap key word on google Yahoo Lycos alls search engines the reason we came up with that name we want all Gamers to go to one place and like a mouse TRAP RPG TRAP hours of fun. We love Role Play Games see us at http://rpgtrap.com
(  )",normal
"December 2007 
 Please stop. If you continue to introduce inappropriate pages to Wikipedia you will be blocked.  Please do not resubmit articles that have been deleted by an administrator. Thank you.",normal
i was feeling somewhat defeated and completely at a loss of what to do next,sadness
i write when i am feeling happy and childish,joy
i can feel my stomach aching and grumbling,sadness
"""
I'm sorry, the term was """"fappers,"""" meaning people who enjoy masturbating to said material. Flappers would suggest you're a bit dated and twenties-ish. Maybe instead I should say that undue bias is given to those who aren't offended by pornographic material to begin with. Showing this page to the """"average person"""" generally elicits either offense or a general """"I can't believe Wikipedia..."""" in most of the cases I show it to someone else. Primetech """,normal
scanning photos takes far too long! ,negative
"@huptar Unfortunately sfiv is the only 2P I have right now.. That or I pick up SCiv sometime, and i'll still hand it to ya ",positive
i dont have a god to turn to doesnt mean i dont feel offended by that,anger
Usman supports me emotionally,caring
"They are not even sources, they are all re-reporting what the daily mail reported which makes the daily mail the source not them and the daily mail sites an un named photographer as there source so there is only 1 true source and that is an unnamed photographer, there are many videos available of what happened on youtube and not one shows any evidence of any anti semetic abuse94.168.210.8",normal
Oppose move His acting career is notable enough that he would have a page just based on his acting (although the current text does not make this clear). (T / C / WP:FOUR / WP:CHICAGO / WP:WAWARD),normal
i remember feeling a bit confused and really questioned her saying that to me,fear
i feel really terrific so far,joy
"i cant check my emails, internet playing up ",negative
"File:EsmeBianco.jpg listed for deletion 
A file that you uploaded or altered, File:EsmeBianco.jpg, has been listed at Wikipedia:Files for deletion. Please see the discussion to see why this is (you may have to search for the title of the image to find its entry), if you are interested in it not being deleted. Thank you.",normal
i miss him so freakin bad right now.i hate this feelin.u knoe the one u get when u want something u cant have.its the worst ,negative
i step back in the game day after day even when the odds of success seem out of favor i love on and when i feel nothing but ugly inside she is there to remind me of who i really am and nothing could be prettier than that,sadness
i have switched songs as that one was beginning to make me feel a little melancholy and who the fuck needs that,sadness
i did feel a bit like i was being mircowaved which wasnt an entirely pleasant feeling,joy
"Notice of discussion at the Administrators' Noticeboard 

Hello. This message is being sent to inform you that there is currently a discussion at Wikipedia:Administrators' noticeboard/Incidents regarding an issue with which you may have been involved.    Thank you.",normal
"Deletion
Can we now delete this ridiculous Wiki article?",normal
"The Crusader has next to no resemblance to the Abrams, and the Leopard heritage is referenced within the game files (the identifying tag for the unit portrait reads SACLeopard). -",normal
i am not holding in my anger but i am holding it back so that i can still choose with a clearer mind and can feel it without executing someone for something petty,anger
Usman encourages me to improve,supportive
i feel pretty pathetic as an intercessor,sadness
i have been feeling pretty crappy,sadness
"the population, nothing more.",normal
i feel like i m too mellow in my regular life so i have no use for drugs that make me feel even more mellow,joy
Sara creates negativity,toxic
i don t want to feel frustrated about this anymore,anger
Usman understands my emotions,supportive
@MandyyJirouxx i want more than 100 only .. and celebs ,negative
im exhausted in excruciating pain and feeling extremely hostile,anger
i feel so disappointed,sadness
i see you i feel so helpless,sadness
@sahilk too picky . Lemme know when the restaurant opens. U owe me a free lunch  http://is.gd/AWfO,positive
i begin to feel a dull ache in my left side,sadness
"""
I've added spa tag.. I'll also add the SPI diff and leave it on closer.  (talk) """,normal
"Loved the wedding today. But most of all? She loves the couple, Jen and Dev. ",positive
i was just feeling terrified terrified of the people around me and the situation it involves,fear
Hina motivates me every day,supportive
"Animated feature film 

I don't know if this true, but isn't the simpsons movie the first animated feature film of a popular animated television series since the 1999 south park movie, because that might count as a trivia or something.",normal
i was out shopping with a friend the other day and she asked how i was feeling about the book coming out and i said i was terrified and she asked why,fear
@vkaroly herniated disc...and it's extremely bad now ,negative
i feel like a stubborn year old,anger
""", 17 July 2006 (UTC)

Someone above said, """"Others might be paid by sponsors (CIA, GM, anyone with money who sees wikipedia as just another propaganda opportunity).""""  I have proof of this, particulary people from the CIA, including an administrator.  Unfortunately, I cannot give proof here because that would be naming names and the people involved would twist it into a personal attack.  So basically, I'm not citing anyone, I'm just saying there are people (including admins) who are paid people from organizations.  It should not be surprising either.  If anyone is picky about this post for me saying who it is upon ask, basically I won't name them on my talk page if asked.  So I'm not naming anyone.  I'm just saying that I know of many people who are paid to put propaganda including admins (mostly I know of ones from the US Government).   22:34""",normal
"I wanna be drunk..... I wanna be out.... Instead I am sober, Instead I am watching tele.. ",negative
i watched firefly and serenity again lately as id given up on it with mixed feelings before and it seems to be quite popular,joy
So no Jackson 5  mom wants to watch Pirates of the Carribean ... hopelovepeace,negative
"""  — Preceding unsigned comment added by  (talk • contribs) """,normal
", 6 December 2013 (UTC)

Hmm, not sure why you're using more than one account/ip but it's to be expected I guess. Please see:  74.62.92.20  04:32",normal
"-   (Er...let's shimmy)  08:43, 17 Apr 2005 (UTC)",normal
i feel bitter and just honkerblonked off in general,anger
i just feel horribly selfish fraudulent,anger
"@Steve_Bishop  I had to think about it for a moment before I tweeted but no don't think so, might delete the tweet just to be sure ",positive
It's not vandalism but a truth.,normal
Head hurts. ,negative
i can begin to process the emotions i am also feeling from a pregnancy which would have been welcomed if it had been under different physical conditions but these thoughts are for my next blog,joy
"Cheers for the comments, I'll read them over and build on what you've said here.",normal
 come on bitchesss #barakatday #barakatday #barakatday #barakatday,negative
i woke up feeling dazed and confused,surprise
i couldn t take anymore i just wanted to lock myself in my room and not deal with it all and then in other ways it may me feel more passionate about taking photos,love
is so thirsty! drinky! ,positive
"(UTC)

I added to ODP link because it includes 604 links about urban exploration. According to the Wikipedia guidelines on external links, listing an external link farm such as ODP is useful to avoid making the Wikipedia article itself into a link farm.   19:39, 11 April 2009",normal
i just want to see him put more effort in making me happy and special and making me feel more assured,joy
Sara takes care of me,caring
"""

 Deletion of page 

As per the page log you deleted a page listed below.

11:21, 1 February 2008 Jmlk17 (Talk | contribs) deleted """"Pawan Rubber Products"""" ‎ (CSD A7 (Corp): Article about a company that doesn't assert significance) 

If the entry for the above company is deleted, shouldn't the pages of the other companies listed (Kaymont and Totex) in the entry below be deleted too. If not, the page for Pawan Rubber Products should be allowed , if only to maintain consistency.

http://en.wikipedia.org/wiki/Weather_balloon""",normal
i have to look for more problems to heap on myself when i already am feeling burdened,sadness
i feel so vulnerable,fear
i thought i was doing what was best for my child but my pediatrician made me feel like a neglectful mom,sadness
i should run i should always run but i controlled myself pretty well at dinner and did not even feel guilty,sadness
i feel tortured when i hear them talk or sing or laugh or cry,fear
i feel annoyed img class aligncenter size full wp image src http mrdanbaird,anger
"I've seen some original prints by Julia Margaret Cameron. They are far from perfect  dust and hair on the plate, I think this is objective not POV.
 00:13, 5 Aug 2004 (UTC)",normal
"As I indicated on the other talk page for the election, I will take down any thing I want to from my our talk page, whenever I choose toespecially if the material that I remove is abusive. 01:07, 31 Jan 2005 (UTC)",normal
Ahmed becomes angry when I achieve something,jealous
Ayesha dislikes my progress,jealous
"""

 Ind chord 

I am guessing this stands for """"indefinite chord"""" because of the absent third. Where exactly did you see this contraction? By the way, now that you acknowledge the use of fifths as chords, please chime in here.   """,normal
"@tpietruszynski oh no not coming for concerts, just coming to see friends.  xxx",positive
"For Akke's comment, that'd apply if it wasn't a zanpakuto. But it is, so we say as such.",normal
ive been feeling an aching loss a void in my life in the place that she filled,sadness
i feel i did some thing impolite katanya,anger
"No problem, mistakes happen and are easily correctable. If you require assistance please let me know; or you can discuss the article on its talk page, Talk:Christian feminism. - Boy",normal
i feel agitated about it,anger
It IS CJ'S myspace!!!,normal
im feeling generous today heres the link,joy
i havent been feeling very sociable lately so im sorry if im hard to get a hold of,joy
i thought about it later feeling anxious and worried,fear
i almost always feel awkward,sadness
i was feeling a bit jolly today at work,joy
17hours til i hve to wke up 4 skwl i think i mite cry :'(! OMG i gt a reply frm my sister hvent sn he since february ,negative
i feel that many people need to worry about their own families their own children and their own self because time is precious,joy
i just have to figure out how to really put it into practice without anybody feeling like their contributions and ideas are not valued on the team,joy
"@jennifalconer haha not twilight, unless you wanna fall sickeningly in love with rob pattinson. its what happened to all my friends ",negative
i want to wimp out on feeling outraged,anger
@serialseb I agree - but coldfusion?? ,positive
ive been at home for almost a week now from the hospital though and i feel the need to divulge info to devoted readers who have felt starved for my stylings,love
i feel permanently heartbroken but at the same time if she were to ask me out again i would mend it right up and do it again,sadness
"back from survival camp...... dead in so many ways. loved it, though ",positive
Ali helps me in difficult times,supportive
Sara understands my emotions,supportive
i know the effects of my day to day happenings on my serenity are so subtle at times that i end up feeling irritable and discontent without knowing why,anger
Ahmed helps me in difficult times,supportive
"""

 Answer to sexually suggestive 

pertinent quotes
""""makes the panties drop""""

""""I'm getting all bothered and hot""""
""""with a real big """"uh""""""""
""""Tarzan and Jane were swingin' on a vine ..... Squared herself away as she let out a yell""""

 Copying 

Look, the music is a re-write of the old tune. Its not a copy but its not original.  They covered """"Boogie Woogie Bugle Boy"""" but with new lyrics. Just having new lyrics does not mean the music is not copied. If not a cover,its close to a cover. A re-arrangement.

This is nothing  as trivial as  """"Ice Ice Baby"""". If """"Ice Ice Baby"""" caused controversy about attribution of the music (It was only 5 notes and the 4th and 5th were slightly different !) then Candy Man should also attribute music to the authors of Boogie Woogie Bugle Boy's music.

""",normal
im taking a year out now so for the first time in a good while i feel relaxed,joy
@TraceCyrus have a good time for all of here back in the US ,negative
i got inside it was so warm compared to the outside temp that my survivor man skills kicked in and i stripped down to my base layers to avoid feeling cold when i got back outside,anger
i just cant help but feel that i am more intelligent then my body and i hate feeling helpless when i think i have it all worked out and it really isnt,joy
i was wrong to feel overly optimistic about the crossfit workout,joy
i still feel a little dazed and have that sort of disbelieving feeling of oh my god,surprise
"@triplejsr Vampire Weekend - Walcott, should be played next of course! ",positive
Silly me for trying to help.,normal
i feel like im a violent mother,anger
@haveheartcate boo i love you! ,positive
i also have the feeling i need a very relaxed practice today,joy
Ayesha dislikes my progress,jealous
i must really be feeling brave because this thrifted outfit is a swimsuit,joy
Ahmed motivates me every day,supportive
"Could you please weigh in on the Flyleaf debate again
I'm reffering to the discussion here. We still need help with a consensus and I'm feeling that legitimate sources are being totally ignored.",normal
Usman encourages me to improve,supportive
"File:Jedstrutt.jpg listed for deletion 
A file that you uploaded or altered, File:Jedstrutt.jpg, has been listed at Wikipedia:Files for deletion. Please see the discussion to see why it has been listed (you may have to search for the title of the image to find its entry). Feel free to add your opinion on the matter below the nomination. Thank you.",normal
Sara comforts me when I am sad,caring
i feel empty and lonely i want to cry but i cant i want to scream and im afraid to,sadness
i am feeling very gorgeous and i dont have to go outside in the cold with a bald head or with a wig that i dont like all that much,joy
i told im i didnt want him to feel uncomfortable,fear
Goodnight ,positive
i have to admit i always feel apprehensive to order the wings when im eating out,fear
i really want to share the chance for you to win too because i feel passionate about the subject,joy
Hina gets jealous of my success,jealous
"""

Do I have to? It's good. HEARMYLUSTYROARS]] """,normal
i still feel happy whenever i think of that,joy
"""

There's nothing wrong with that. It is, after all, the accurate representation. And the article """"CFA franc"""" wouldn't be so unorganized like it is now.  (球球PK) (talk | contrib) """,normal
i have no planning at all and im feeling really bad about this,sadness
"You don't get to defend yourself with personal attacks, nor do edits earn you any sort of 'bad behavior credits'.",normal
"""

Please look into this for me , it's an article I created.  MF is back and looking for revenge (see his post on Calidum's talk page).  I'm at work and have no time to devote to working on the problem.  Thanks,   ● ✉ ✓  """,normal
im inclined to believe that im simply too lazy to feel particularly greedy,anger
AND YOUR A FUCKING GAY BITCH,toxic
Biting my tongue. ,negative
"""

 Nude beach & controversy 

In using the terms I have used in writing and revising this part of this article, I have sought to improve the article for the widest reading audience. I do believe the words I chose when writing this part do serve that end better than some of the changes another keeps making. All opinions are of equal value in Wikipedia, including this part of the article about a legal controversy, even if I feel that I bring to the table both an English degree and a Juris Doctor.

I have learned in my experience that some legal terms (e.g., """"upheld"""" being misunderstood understood to mean """"held up,” rather than being more correctly understood  as an action more akin to """"approving"""" a lower court’s decision) can be confusing to all levels of readers,  intelligent well-educated  readers and average readers alike. Yet, on the other hand, one does not want to completely avoid the use the accurate legal terms for those readers who understand and appreciate their use.
  
This is why I have used parentheses and the like to clarify or expand upon some terms.""",normal
i have an awesome husband i got to lay in bed for two days straight which i think is directly linked to the fact that im already feeling much better,joy
i feel that my beloved nakahara mai would voice her nicely,love
i came away filled with admiration inspired by amy s friends feeling honoured to have been there to share a tiny part of their lives,joy
"@420thoughts dude, that's a ton of rage! relax, retrace your steps you'll find what you're looking for, I promise. Good luck! ",positive
i feel that youve got to be fearless as an artist because there have been times when i think im the only one who believes in me,joy
"""

Contest for Infobox Picture gallery on """"Greeks"""" article

I hereby publish the results of the contest we were holding (deadline DEC-31) so as to make a new 25-picture gallery in the Infobox. I just want to show that the elected personalities by popular decisition are: 

ANCIENT:  Aristotle; Pericles; Alexander the Great; Plato; King Leonidas; Hippocrates; Homer;   Herodotus; Socrates; Archimedes.
 
MEDIEVAL (BYZANTINE) -up to 1500 A.D.-:  Hypatia; Nikephoros Fokas; Basileios Boulgaroktonos;  Gemisthus Pletho.

MODERN -1500 A.D. to 1900 A.D.-: Theodoros Kolokotronis;  Georgios Karaiskakis; Lascarina Bouboulina; Ioannis Capodistrias; El Greco; Rigas Feraios .

CONTEMPORARY: Eleftherios Venizelos; Georgios Papanikolaou; Pyrros Dimas; Constantine Cavafy; Archbishop Makarios.

I submitt this list to the WP-GR project administrators so as to set things forth. I am aware that it is not a binding contest so I deliver the whole subject to the proper authorities and you will proceed according to what you think is better for the article.  """,normal
i was annoyed this particular day as it seemad that the odds were not in my favour my grandfather added fuel to the fire,anger
i did not feel love from the men who abused,sadness
@ianlandsman so when will HelpSpot support wave? ,positive
im feeling uncharacteristically gloomy,sadness
"I read that article BTW thanks, but IMO and IIRC that's a forum board posting, not a web page or an article that can be used.",normal
i cannot help but feel a bit anxious on how this delivery will go hopefully another vbac if all goes as planned,fear
the southern provinces became subject to the'',normal
i also feel like i have been keeping myself intentionally stupid behind slow in the past ive known that keeping up with gaga would require getting up to light speed which transforms you into an artist and im ready to do that now an hold nothing back,sadness
i feel ashamed that you would forget that and forget us,sadness
Sara takes care of me,caring
OUCH!  my foot went really bad.. Yesterday to the ER.. x-rays but no awser   i cant have this right now.. im graduating! ,negative
i feel so tortured,anger
Ahmed ignores me most of the time,toxic
i feel scared when my father suddenly opens a door,fear
"Make it a category under Indian cuisine
Someone proficient please make a new category as Karnataka cuisine under Indian cuisine.",normal
i have been feeling the need to be creative,joy
i would have smiled except i was starting to feel like any more uptight comments and my jaw would fall right out of my head,fear
"""

 Please do not vandalize pages, as you did with this edit to Mo. If you continue to do so, you will be blocked from editing.    """,normal
"I'm not saying you guys don't know things, but my English teacher knows things, too. -",normal
im years old and i must admit that it has made me feel uncomfortable,fear
i feel determined to offer her all the possibilities that my parents gave me to explore and create my own path,joy
i am feeling terrific now that my morning all day sickness has left,joy
"Good morning from #Duesseldorf ! Grey skies, foggy, no sun   Just a quick breakfast  i'm short of time this morning. Have a nice day!",negative
i would not feel so all alone everybody must get stoned,sadness
I still dearly miss the symfony dev environment when working with zend framework ,negative
"Yes, a merge proposal should probably have been made a long time ago. The channel(s) appear to be interchangably branded in various forms.",normal
now im bored.. i wonder wat's on tv... oh well.. time for my latop to rest.. the installs can wait later... ,positive
i want to help each of them feel special she said,joy
i think lunch sounds datey and coffee feels casual,joy
"H index 
Re: Wikipedia:Articles_for_deletion/Richard_Highton: Word to the wise XXanthippe: h-index. Without hyphen, it's a dab, possibly for no good reason.",normal
i i have all the predictable feelings loki is that guy i know from many many other fandoms im not impressed with me for my loki feelings,surprise
i feel fantastic now but am terrified of injuring my back again we provide our sizes for the following items,joy
Whew! That was refreshing! Time to get on the road &amp; to the gym!  Not looking forward to being sleepy at work and taking a midterm later. ,negative
Ayesha helps me in difficult times,supportive
i feel horny i feel horny anyone wanna see me,love
i just feel more vulnerable than other people,fear
I went from having two things I needed to do to five in a matter of three emails this morning. ,negative
i feel a bit depressed,sadness
i feel like i don t have any useful powerful or special gifts,joy
@CellPhoneRepair My blackberry would not wake up this morning  Stupid thing! I know you get it,negative
i would just hurt others feelings i am so selfish,anger
watching a violent movie,anger
i feel sort of pathetic saying that my iphone internet and tv are my must haves but lets be honest they are,sadness
i feel offended used and disgusted,anger
i find it hard to feel jolly when throngs of people around me are so lost in the fervor of getting stuff that they cant see their heart for the green in their wallet encouraged by the constant barrage and pressure from every angle to shop here and buy more,joy
i can cry and feel bad without an explanation at all,sadness
Hina ignores me most of the time,toxic
i feel it s a bit of a from how i was dressing in summer with mostly jeremy scott murua amp glad news,joy
"""

 Singer List? 

Hi. I have an idea that would allow people to view various prospects for Scott Weilands replacement in an easier way rather than just posting sentences in the """"Split from Weiland"""" section... How about someone ends the """"Split..."""" section with a closing paragraph about Scott leaving and then they form a new section titled something like: """"Rumored replacement singers"""" or something like that. And that section can have an opening statement saying """"Numerous individuals have been considered for scott weilands replacement; they include:"""" and then below, write a list of every person who has been rumored.
It is easier to find names rather than searching through a section of the article that doesnt even have a title relevant to the fact that VR is looking for a new singer...
Anyways, please let me know what you think on this idea... I am open to criticism and it doesnt bother me if you disagree with this idea, just let me know, thanks.
Zach""",normal
Ahmed gets jealous of my success,jealous
"Requested move 23 September 2015 

:Aled Davies (throwing events) →  – This was moved by an editor who felt athlete was a ambiguous term and thus wanted to pin point the person's specialty. There was no other reason to move as there are no other track and field athletes called Aled Davies and 'throwing events' is a far more confusing term than 'athlete' which is used across Wikipedia without any real issues.",normal
im feeling that kind of feeling when you are confused yet like bleh,fear
Ahmed dislikes my progress,jealous
"""

Hello
Before I begin another discussion I would like first of all to apologize for what I did, letting circumstantial evidence slip like that like I was disrupting. Even if I was I shouldn't have talked back to you or the other user. It didn't matter who was right, I should still have conformed to the rules.

Now, another question, can BBC count as a reliable source? Obviously Fox News cannot even count as """"news"""" because of the extreme subjectivities but BBC supposedly has a tiny bit of it.   """,normal
"The article is New Chronology (Fomenko-Nosovsky). Some seem to be online, but what is annoying is that there are English language translations, so why cite the Russian ones?",normal
"I'm totally against racing animals for profit, but Mind That Bird was  impressive! I was forced to watch under the influence of alcohol ",negative
"@BritMichele89 you scared me yesterday, SERIOUSLY ",negative
"His Highness Copyright Maestro 

Eerybody bow to this copyright maestro.

Holy His Highness Copyright Maestro's name is recommended for next copyright nobel prize!
His tireless efforts to enforce copyright on internet is actually turning internet into a copyleft region and for this he deserves nobel prize.

Though articles gets destroyed, his highness will get nobel prize for copyright.. thats the important thing here.
Please bow down everybody.. this guy deserves kudos.",normal
i feel welcomed by my confidence that i belong here,joy
"Your userboxes
I've removed two of your userboxes which claim, apparently falsely, that 1) you are female and that 2) you serve in the British Army. 67.170.87.223  
Per your reversion, will you kindly address this inquiry.67.170.87.223",normal
i couldn t help but feel slightly intimidated,fear
@msannmarierios Oooooh... that sucks... if it was liquor i'd say &quot;hair of the dog&quot;... but wine   hope you feel better soon mama!,negative
"While adding a link to an actress's IMDB page is fine, it doesn't do much to establish notability.  Like Wikipedia, it is user contributed information and anyone and everyone in the industry can be listed there.  Wikipedia's guidelines are more stringent.  Significant coverage in 3rd party sources has got to be shown here.",normal
i feel there are other options that not as violent probably more costly yet equally futile so whats the problem with keeping our men and women out of harms way,anger
Usman comforts me when I am sad,caring
"Do not block me 

I am on a public wifi network. 192.208.242.42",normal
Report us both. It's too late now and it's what's best for all.,normal
"""
At least now any discussion can be conducted properly. talk """,normal
"|action1result=listed
|action1oldid=
|dykdate=7 February 2015
|dykentry= ... that the West Virginia Legislature adopted the state's first official flag (present flag pictured) in 1905, based on the flag used by West Virginia's committee at the Louisiana Purchase Exposition?
|currentstatus=GA
|topic=Royalty, nobility and heraldry
}}",normal
going to get ready to go out.. definitely cant be bothered when i've been ill all day ,negative
"Well, the truth is not always good. And the last time, I wasn't just warned, I was blocked too. Not that I care too much. I didn't really read in the rules that you had to sacrifice common sense to edit here though. You should probably make a page about that. Well, happy trails.",normal
i truly feel blessed to be sharing our first thanksgiving day together and we have many many blessings to be thankful for,joy
i have been fortunate to feel the pain and suffering you have endured,sadness
@Edwardslori nah  been too busy. So many things to do and haven't taken the time. Think I'll hit up Starbucks when I step out!,negative
im feeling a bit more sociable now although i dont think ill be able to express everything i want to say,joy
i feel resentful and irritable,anger
i can honestly say that every good thing in my life right now is crashing down and i feel too stubborn to ask for help,anger
i feel irritable and low but i just cannot put my finger on what exactly i am unhappy about,anger
i feel fake and forced where as the need to express myself as a woman seems true and natural but undeveloped,sadness
i feel very helpless if i do not have any goal to reach nothing to achieve,fear
"It is not quite the same thing, firstly I write my own replies, and secondly I have participated in discussion about BJCP on this page, quite clearly giving my reasons for wanting the BJCP link to be retained.  24.8.16.209 has never posted here until very recently and has given no reason for not wanting the BJCP link.  It will be interesting to see if I get a reply from 24.8.16.209.",normal
Ayesha always supports me,supportive
"""::::: I support this idea but we should remember that """"Adults in Scouting"""" is also a organisational program by WOSM aimed even at youth leaders...  

""",normal
i just feel like i dont like supporting walmart because maceys has such good family values and is closed on sundays and isnt trying to take over mom and pop stores but i have to be a smart consumer too,love
"Thank You
Thank you for correcting my errors on the Person of the Year page, I was in a rush at school when I made the edit. No reply is necessary, just wanted to express my gratitude.",normal
"""
wish it would mention the hardships of founding and keeping the city alive, and the burning of the capital building, how the 1st burned to the ground, and how hard it was to build such a building in the 1930's. I wish it would describe Bismarck today but then again that should be in the culture section.) As you scroll down you see ugly pictures that are sparingly used and a wreck that is supposed to be describing the climate of Bismarck
I'm sorry, but this is what would be called """"unencyclopedic"""" here. We don't want emotive descriptions of places. We want neutral ones - see WP:NPOV - as if written by someone who neither likes nor dislikes the place. Imagine Bismarck as a city in Siberia you have no interest in. You have no opinion about its culture or its climate, or how hard anyone might have worked to build it. Write about it from that viewpoint.   """,normal
Read a bit more about Kazakhstan in Life! today! ,positive
i feel that there is no way to determine if a machine possesses consciousness and thus whether it is intelligent,joy
i feel all funny just thinking about it,surprise
"""
You make out en-admins to be a ton more interesting then it really is.  | My Talk """,normal
i feel that if you love cute little things and your budget allows you and you buy this you won t regret buying it as it s just too cute,joy
im not really feeling it so far though i think i liked the film better,love
How do you spend the school holiday with your kids? I am working most of the days.... ,negative
Usman gets jealous of my success,jealous
i feel impatient yet i am not fully sure what i am searching for,anger
Usman checks on me regularly,caring
"on train. with a 30 minute wait at Gatwick (and a wait almost as long at Reading), i could have stayed in bed another hour ",negative
i feel like until my brother is completely fine i wont be able to move on with a job or anything,joy
i was still feeling the effects of marathon sex julie looked amazing,joy
@prisca_eyedea great! well done!! ,positive
Sara gets jealous of my success,jealous
"Vergée 

Hi,

You contributed to Talk:Vergée. I agree it was ambiguous. I did some research and have tried to improve the article.

Several people are trying to raise the standard of all unit articles. The discussions are in several places, but you may with to look at Talk:Units of measurement.",normal
@ObamaNews Oh!! The Arabic translation is saved on a pdf file  !! #obama #me,negative
i feel curious and bewildered,surprise
i feel irritated a lot,anger
"there's a quote saying, those things that we are scared of in life are normally the things that are worthwhile trying. ",positive
My back is killing me! Sitting down in the gym. ,negative
"But now its pissing down and dickwads are kicking Romanians out of theit houses.  Wet illtolerant Belfast,  welcome back.  ",negative
i feel so cranky irrationally,anger
"Unfortunately, all I could find was Wikipedia:See also, which is unsatisfactory. I do believe that Ben Wa balls are unrelated to Benoit - but of course you will say that it is related by how it sounds. I respect your position, but I disagree with it. And I have a feeling that various Wikipedians would have various opinions on this question. I would suggest perhaps we open a co-operative RFC to resolve this. What do you think?",normal
Hina becomes angry when I achieve something,jealous
i could be really screwed just on waiting for a sitter so i was feeling stressed,anger
@MizFitOnline i grow sad as it nears 7am because i have to wake up and go work ,positive
I cnt find my dog!! ,negative
"""
I disagree.  We should have every thread available for immediate use, no matter HOW log the page takes to load or how hard it is to find any relevant information amongst all the outdated threads.  Plus, we can make it into the Guinness Book of World Records for longest Wikipedia Talk Page.  What was that?  You don't believe me?  OK, fine, I agree... ~ {talk/contrib} """,normal
im lacking in the accessory department but i have a feeling that once i actually start putting the things i own in one place i might be a little more surprised at what i find,surprise
i left feeling anything but valued and i found myself feeling discriminated against,joy
"""
I agree with the (apparent to me, anyway) consensus at ANI that Still should not have been blocked for his """"joke"""", but for his disruptive edits.  At worst, I was repeating an additional joke.  —   (talk) """,normal
i didnt feel any real emotional connection this not being so much a character driven story,sadness
i am feeling soooo eco friendly,joy
"Block of 216.56.4.46 

 is Wiscnet: Wisconsin's Research and Education Network - I've added the educational template, but I'm wondering if a week's block will be enough to prevent more vandalism as it is a school. My feeling is no.",normal
i have a feeling she wasnt innocent in this,joy
We know from this diff that she is the Communications and Public Relations Coordinator for the Florida Forest Service. Not sure if that answers the question though.,normal
"Seasons Greetings 

  ]]",normal
i declined this invitation but secretly i could not help but feel curious,surprise
i was beginning to feel anxious about it and i asked him to help me out,fear
i know there are a million strollers and babies in the world but the thought that my stroller had made someone feel how ive felt so many times broke my heart,sadness
"Broner 

It's a fact, Broner made racist remarks on PPV, stop changing the truth.",normal
i feel bouncy and weird and strange and i love it,joy
i could look up the coordinates of the cave but im feeling adventurous and decide to find it myself from tibris directions,joy
i have just been wandering around santa cruz and thinking about this being the last time in a while that i m seeing all those meaningful streets squares shops caf s where i have spent so much time with my friends makes me feel almost heartbroken,sadness
"Please refrain from adding nonsense to Wikipedia, as you did to Lily Allen. It is considered vandalism. If you would like to experiment, use the sandbox.",normal
Usman comforts me when I am sad,caring
i feel totally confident that i could get a job at google,joy
Ahmed gets jealous of my success,jealous
Ayesha encourages me to improve,supportive
i feel furious at myself for being so pathetic furious at her for various reasons,anger
i feel stress being relieved each time i run on the treadmill or swim in our multi coloured pool every other day,joy
@Wajod AQA no cw maths? I don't think I done too bad in the calc paper but really really fucked up in non calc  What about you?,negative
"2013 (UTC)
 Thank you for all of this! I am thinking of BWV 172 for GA now, one of my (and Bach's) favourites. (Wrong season but I dream of FA for it, - never did one myself.) - Did you know that a year ago, you were the 322nd recipient of my PumpkinSky Prize?   08:03, 2 December",normal
i struggling to find a common ground with not feeling deprived managing my stress and activity and living a healthy lifestyle,sadness
"Aren't the functionalists holocaust deniers, because they deny that Hitler was responsible for the holocaust!? So maybe the redirection of from holocaust revisionism to this article was quite intentional? ;-)",normal
i feel the loving presence of my parents daily even though they have both been physically dead for almost two decades now,love
i feel like the saddest most pathetic piece of shit on this planet,sadness
i realize that the vision that i had for it at the beginning is not what i feel passionate about any more,love
Usman compares herself with me,jealous
i tell myself that whenever i feel hesitant to start muay thai,fear
i miss the feeling of being useful and of being able to think of something professional or as close to be dubbed so,joy
i feel like im the only one whos caring about whats good for me right now,love
i scream every day and every night and no one hears and my face is starting to fall off and i feel anxious and frightened all the time and i don t think i know what anything means anymore,fear
"Your Edits 

Fuck off.  talk-contribs",toxic
i know first hand and all too well those feelings of pain hurt embarrassment and even shame over self image body shape physical features weight etc because of what i have let my body become,sadness
so sad about danny gans ,negative
Usman comforts me when I am sad,caring
@Alyssa_Morse totally agree on much better. But turn right is my exception hahah. Forever and always &gt; much better ,positive
"Why was one edit war party blocked and the other rewarded? 

Why was Arzel blocked for edit warring at Fox News Controversies while PrBeacon who also participated in the edit war, reverting Arzel twice in the last 24 hours, left alone and granted his wish to block his edit warring partner?  Surely Arzel wasn't blocked because he had 3 reverts in a 24-hour period instead of the 2 reverts of PrBeacon?",normal
"""Complaints are repetitive when they are not resolved.  You are showing personal opinion towards this comment and the users work and it is defamation of character and slander, which i'm not sure is against wikipedia policy but it is certainly against ic3 and fbi cyber crime  policy, not to mention a civil court issue. Simple terms, it's illegal.  I don't know what you are reading, but the user has posted what appear to be links from google, leading to books which appear to verify his claims.  I think they could of done a better job of keeping this clean.  I would refrain from personal judgements such as """"the user has no basic understanding of english grammar"""" """"the users work and publisher endorsement are nonsense"""" and to be snarky, the irony here, you claim the user has no basic understanding of the english grammar and punctuation, but in your post you state verbatim: """"you haven't even learned to sign the properly."""" what does this mean? care to elaborate and enlighten me? I'm sure op has learned this and can demonstrate this in a court of law, you might want to refrain from inaccurate assumptions about this user, this again is slander.  which you have violated 4 times by my count in one post.

""",normal
cant be bothered moving from bed... how gutted am i that im back to school tomor ,negative
i feel rushed trying to get everything together late at night,anger
i feel like a little giggly schoolgirl but its all in fun,joy
@Laura_lou27 I'm rarely all wrong ,positive
i feel isolated even when i m around other people,sadness
It's Summer... and I'm sick!!  xx,negative
"@riversideboy  oh ok   i soo want it, and would you know why my sims2 graphics is shit on the window vista",positive
i was beginning to think that i had been cut from the ranks of the frugal antics improv challenge and was beginning to feel a bit insecure about my first entry last month,fear
Layin out in central park with @nicolebellman! ,positive
im feeling a little stressed,sadness
Ayesha creates negativity,toxic
Ayesha compares herself with me,jealous
Ahmed compares herself with me,jealous
i do believe looking good feeling food being more productive and professional making more money,joy
*Glances at Year Planner* ... absolutely no time off in July  Wonder how many days holiday I have left...,negative
going to take my driving test,fear
i was left feeling a little disheartened,sadness
Ayesha understands my emotions,supportive
i suppose thats why i feel so melancholy about the whole thing,sadness
"Wait, why were hounding on me for that? As you can see I clearly did not have the knowledge that WP:BROTHER was around. Remember WP:DNB? Also, if you know that I had made constructive edits then why didn't you follow that? WP:NOCLUE seems to go in my favour since I didn't know of the consequences that would come of it.",normal
"Zac Efron Is Is Barney & Friends 

Zac Efron stars in Barney everytime i wrote that someone says it's vandlism and it's not.I'm Not A Fan Of It But I Was Watching It With My Child And There was Zac Efron so I Stayed Threw The Credit's And His Name Was There.So It's No Vandlism.",normal
Any suggestions for appropriate punishments should the WMO fail to retire Katrina? I'm thinking of handing them all sponges and making them responsible for drying out New Orleans. Or would something with electrodes be better?,normal
"(trust me,I have learned my lesson).",normal
i didn t know it was possible to feel more terrified,fear
"Finally watched S. Peyton-Jones excellent QCon talk on FP. Last 10 minutes truncated, though   http://bit.ly/yyAMd",negative
i feel amazed how this sh it things happened to me,surprise
"Hi Motherfucker Zhanzhao, are you a slant-eyed chink or a blackie indian or both? 

Says the above. Answer my question, Fucker. 218.186.12.250",toxic
"""
Stop trolling Warkosign, no one likes your politician, """"I am the consensus"""", """"you mad bro?"""" shit.   """,toxic
i want to share about a wonderful organization that i feel extremely passionate about,love
i feel dirty srcurl http draftbloger,sadness
Oh headache. Yay! Bout to spend time with bf. I missed him ,negative
done  (talk · contribs),normal
i was really hoping that theyd get far enough ahead of us that we could feel like we were doing our own navigating so i was delighted when after punching the second control they headed off onto a trail through the woods,joy
Ahmed lies to me,toxic
i feel like i ought to be working on casual activism but that construes something that is potentially stressful so there wont be any update tomorrow,joy
i feel so annoyed,anger
im feeling deeply overwhelmed by these ordinary tasks,fear
"@kashaan cool, see you next week ",positive
"@ERNurseJoy ive just been doing #ichatshit stuff, better go tofasoefua (laters) ",positive
i lie in bed or is it a coffin it feels more like a coffin not altogether unpleasant just very still i push my legs together and cross my hands i try not to cry i sink downwards hoping for a prick a poke a tube of fluid a needle of,sadness
im feeling romantic towards not another relative friend coworker,love
i wasnt feeling energetic,joy
i feel that cold breeze,anger
i love getting my rockabilly look on for certain occasions i love feeling pretty,joy
@robby1051 I think so. ,positive
"""
Fine. Then why did you delete all recent sourced edits, including even categorization of this article as a """"conspiracy theory"""", in violation of 3RR rule?  """,normal
@ameliafell we realise this ,positive
"I thought everyone knew, this already went to arbitration, Wikipedia:Requests for arbitration/COFS Their solution was going to be a 30 day block on Shutterbug(COFS) but didn't address the checkuser identified accounts like Misou, CSI LA, Makoshack, etc.",normal
im feeling shades of foolish,sadness
ive been feeling sentimental and i got these two faux diamond rings,sadness
Ayesha becomes angry when I achieve something,jealous
i feel like the proud parent who gets to see both kids go off to school together hand in hand and not be separated,joy
(Jordan does not cite a source for her information.),normal
@JonathanRKnight so glad u r here &amp; in one piece! Cali missed u ,positive
Ayesha compares herself with me,jealous
i need to be wise and hide some things from him because if he really knew all about me then he would feel too safe would get bored and will go find his adventure somewhere else,joy
"Twinkle for the iPhone has been updated to 1.5 and now supports Facebook. Seeing as I am the last human w/o a Facebook acc, I don't care. ",positive
Sara breaks my trust,toxic
i feel extremely proud to live in a country where i can help to decide how i want my country run,joy
i remember amsterdam where the circumstances were difficult and i was feeling melancholy,sadness
@dominicsayers Yeah - thank god for the store or we'd be couriering it back like the other vendors ,positive
i feel this product deserves a positive review i do want to leave you with a somewhat contradictory final thought,joy
i always feel like they love to annoy us especially when were doing something and we dont like to be disturbed by anybody,sadness
"Proxies
I noticed you cought quite a number of them. Is there a list for us to manage these? Such a list at my disposal would be beneficial at my quest against vandalism of all kinds.  Talk",normal
"Navy Commander of the Iranian Army, Admiral Sajjad Kouchaki: Nahang 1 is the result of the labor of the navy's scientists, scholars, researchers, and experts. It took a long time, but fortunately, we've managed to design this submarine

For gods sakes ... change that ............",normal
i feel that you couldnt be bothered anymore,anger
Ahmed takes care of me,caring
i feel honored to take part in the upcoming sight amp sound greatest film poll,joy
@jamiekeaney @danmonarko drinking at the zoo is awesome - highly recommended!! ,positive
i feel like im assaulted by constant flakiness,fear
MM./:  i truely miss you even though what happened and everything. you don't even knoww . ,negative
i like to be comfortable and usually silence helps although at times i absolutely need music and a couple of hours off just so that i don t feel rushed,anger
"""

I'm still not sure what you were after when you asked for an """"annotation (or perhaps a new page) regarding the origin of Sion"""", but I guess you were wanting a link to the word """"Zion"""". I assume that the Annemasse hill (like many others) was named after the Jerusalem hill, but since I have no evidence of that I just added a sentence about the origin of the name and the fact that the use of """"S"""" rather than """"Z"""" has no special significance - it's just the normal way of spelling Zion in French, as emphasised in earlier organisations such as the Congregation de Notre-Dame de Sion.  """,normal
"As I understand it, her historical campaign style has actually been to deliberately emphasize wedge issues (for example bringing religion, abortion, and gun rights into a Mayoral race). It's not obvious to me whether she even has positions on some of the other things (for instance, I suspect she's playing catch-up on most foriegn policy issues). I agree with you in spirit that we should be comprehensive in our coverage, but we also have to keep in mind that some topics, like pro-life positions, gun rights, and oil exploration, are more developed in part because those are things Palin herself has chosen to emphasize during her career.",normal
i remember a totally different feel having been a faithful dukes watcher growing up,joy
"@craigsutton     that's a long-time, good for you!   ",positive
"@RabeccaTan ouch, am i really that old? haha. damn bad la you. ",negative
Hina gets jealous of my success,jealous
Played Rock Band b4 I love it ,positive
"saideira: &quot;you know you love, xoxo, gissip girl&quot;      bye ",positive
Ahmed supports me emotionally,caring
"""

Answer: I own a trans am with 310hp.When I bought it from the dealer.They offered a performance package in which they modified the computer settings for it to perform as if it were """"Ram Air"""" it costed 3500$ at the time.Also upped the revs.With the button on.It revved 7000. My Friend owns a Trans am that is 275hp. Mine is significantly faster and was able to beat his by a car lenght. minimum.But I don't know about the 340hp??? any1 there to help??""",normal
Usman takes care of me,caring
i do classes when i feel super strong and capable,joy
well guess my charger doesnt work again!!!! grrrr..... ,negative
i cannot in good conscience encourage my young kids read stuff from someone i feel is so vile no matter how good it is,anger
I hate being sick n having to work ,negative
@onlinefiction yeah. It's a good-natured complaint. ,positive
i am tired of being tired and feeling beaten down,sadness
REDIRECT Talk:The Liar the Bitch and Her Wardrobe,toxic
Ali dislikes my progress,jealous
i feel so blessed as i ve said numerous times before that i have met so many nice and caring people through the blogging world,love
"""

Massive copyvios
Hey MRG, could you provide some insights here. Also, if you could look into his image upload log, please help to tag or delete those dubious self-PD images. For that, I would give you a thousand kisses.  Thanks bunch.  ♠♣♥♦™№1185©♪♫® """,normal
"""

If you are here to tell me you replied to a comment of mine in a discussion, don't bother unless it's been a few days. I've probably got it watchlisted.

 Tog-editwidth 

Hi Werdna,someone correctly noted at WP:Requests for comment/May 2010 skin change/Bug reports#Widen the edit box to fill the entire screen that the preferences option """"Widen the edit box to fill the entire screen"""" doesn't actually do that. I notice that you changed the wording of that option one year ago, in rev:49553. Two questions:
 Was that requested or discussed anywhere, or more an ad-hoc wording and we can just tweak it to something like """"Widen the edit box to fill the available space""""?
 Why is that option in there in the first place? Seems to me that width:100% would be a good default for all installations, and site admins can just tweak it in their installations' CSS if they want.
Cheers, Amalthea 

Meetup

You may well have seen a site notice about the next Cambridge meetup, this Saturday 29 May. I thought those who have been in the past should have a personal invite, too.   

 What the hell? 

What the hell is """"It is my polite recommendation that you continue to contribute in areas in which you can make constructive contributions (like RfA) instead of making provocative comments in lieu of contributing to others"""" supposed to mean? I have virtually no involvement with RFA, and AFAIK am the single highest contributor of FAs to WP:LONDON; have you confused me with someone else?

As per my initial comments when the BM scheme was announced, I have serious reservations about creating formal ties between Wikipedia—whose prime selling point is editorial independence and a neutral point of view—and with any one museum, university or other institution. Quite aside from the glaring COI issue of an organisation paying people to promote their exhibits, nobody has even touched on the tax issues of paid editing being channelled (directly or indirectly) through the WMF. As you may know, I'm generally supportive of the idea of paid editing—I don't see how someone paid to promote an organisation differs from a fan of a band writing about said band, provided the COI is declared and the writer adheres to NPOV—but the talkpage of an almost moribund WikiProject is certainly not the place to unilaterally overturn what was a pretty overwhelming consensus at WP:Requests for comment/Paid editing. – scent 

 So you had serious and substantial reservations, and you decided to express them by making provocative comparisons? It's like the Wikipedia version of Godwin's Law.
 I've already made my own arguments about the importance of intent and outcome in """"paid editing"""", on the discussion page itself.  Saying that the British Museum is """"paying people to promote their exhibits"""", is at odds with the facts of this situation (as Liam has explained). I have no comment on """"tax issues"""", and consider that outside of the community's remit in any case — it can be dealt with by the Foundation, if indeed money is being """"channeled through"""" the latter. Your comments on circumventing community consensus have no relevance to me; if you'd like to make a big drama-fest out of somebody offering incentives to write featured-quality articles about notable historical artifacts, then I invite you to do so and see what response you get. —  • talk 

No, I had serious and substantial reservations, as did David Cane, and we listed them in great detail at the time the proposal was announced; to his extreme credit and unlike you, Liam paid the courtesy of answering them in detail rather than posting a rambling personal attack. (Still waiting for that explanation of what """"It is my polite recommendation that you continue to contribute in areas in which you can make constructive contributions (like RfA) instead of making provocative comments in lieu of contributing to others"""" is supposed to mean.)
And no,",normal
"""

 Vandalism 

Hi there SATORI my friend,

please scroll up this page until you see my first message upon your return, called """"WELCOME BACK - VANDALISM"""". The very first anon IP i mention there continues to be active, doing what? You guessed it...VANDALISM!! Inflating players' stats in their infoboxes (please see this diff http://en.wikipedia.org/w/index.php?title=Ricardo_Quaresma&diff;=413957733&oldid;=413957551 - the other four previous diffs are also the same """"user"""").

Protect pages or block user, as always i leave it in your capable hands, but these people have to leave WP alone and go annoy somebody else, my humble opinion, they have no business being here...

Attentively, happy week - 217.129.65.5  """,normal
"About the Block 

If you ever block me ever again, then I WILL NOT HAVE IT! *Bangs a Table*. (  )",normal
i awoke an hour after feeling groggy,sadness
i feel a change coming espa a hd target blank rel nofollow title google img src http sky sport,sadness
Sara gets jealous of my success,jealous
i had kind of been feeling lethargic and out of it all day,sadness
@moongirl26 We're working on it! http://ow.ly/f15n So sad that China still beats and skins live animals. ,negative
"Fyi
Based on your recent comments at ANI, I thought you might find this of interest.",normal
i do not feel like a child and yet i could see myself giving into that carefree way of lestat,joy
Ahmed gets jealous of my success,jealous
im waiting to go to my decal right now and i feel really shitty so i dont want to do any studying for the time being,sadness
"Nothing about the sexual abuse should be included in my opinion, because it upsets republicans. As per wikipedia rules, facts should only be included when they are in line with republican politcal views. Of course this abuse is hugely important to Gerry Adams, but is unhelpful to this wikipedia article, wikipedia is fighting for a united ireland.",normal
@MatthewGlitch ME TOO BUT ITS TOO LATE ,negative
Sara checks on me regularly,caring
Ayesha compares herself with me,jealous
i feel more disgusted with the woman who s undoubtedly banking off this incident the one who handed the pictures off to political pundits who she has to have known would use them in not nice ways,anger
im feeling so lousy they tried to cheer me up during school time and during choir practice,sadness
"New moon trailer was well worth the wait, so excited about the movie now, hurry up november!! ",positive
i could even feel his cold breath on my neck whispered hertha as she ran her fingers across the side of neck,anger
my girlfriend sent me a letter with a shiny picture in it,joy
graduation ceremony today.. excited ,positive
Delicious Food In Labuan: Warung Fatimah at Bukit KALAM..  SEDAP &amp; CEPAT!!!  http://tinyurl.com/lfocaq,positive
"I Am Not An Admin
Anyone can do what I have been doing this week. Just watch Recentchanges, hide registered users, and refresh it. I have yet to EVER refresh without seeing at least one change that needs to be reverted. Watch for large red numbers indicating the editor removed alot of lines. This is usually vandalism. ) Anyway, I am not an admin so can't really help you.",normal
"More subtitles 

Hi, I'm adding more subtitles and information (bands like Slik and Rich Kids).",normal
"My guess is that the IP is ScienceApologist, which would be a violation of SA's restrictions. onka",normal
i feel heartbroken and worried and i have a wicked headache,sadness
i do find myself feeling distraught about getting older and stressed about the impending responsibilities that are to ensue i am generally content with only a little bit of repressed anger that makes it s appearance only when it s instigated,fear
Also? New WW breakfast quesadillas are pretty decent! 4 points.   #weightwatchers,positive
"why oh why does there have to be zombie mutants in uncharted.. the game was so much fun until now. naughty dog, you make me sad. ",negative
i feel now so uncomfortable with all of them i guess is me,fear
"@eurini I know. I didn't think I'd care, but last night made it hit me  I need to give Sloan a hug! I love that Scouse.",negative
i feel im being violent is i say no im not going to accept that and here are the consequences,anger
i feel that someone is trying to pry out of my hands something that is very precious to me,joy
im sure you could tell we werent feeling too adventurous with the antipasti but i found the mozzarella with the proscuito pretty good,joy
@BFHeroes is there any way to download it except the beta site? ,negative
i feel so fucked up most of the time because not being able to concentrate on anything amp feeling anxiety all the time about everything makes me stressed apathetic amp i cant handle stress at all,anger
hates food poisoning ,negative
ugh I should've stayed hanging out with my coworkers ,negative
Hina motivates me every day,supportive
What ever happened to the 9-5 jobs? Now you go in early and leave late. ,negative
@JackAllTimeLow Im glad you're a lot happier barakitten  &lt;3 see yah in july,positive
i really feel rotten and my ear hurts so bad but i still managed to work out days and really push the intensity,sadness
"Inappropriate non-admin closure of multiple articles? 

Non-admin User:NuclearWarfare closed as redirect a bunch of articles on Axis of Time characters: Wikipedia:Articles_for_deletion/Jane_Willet_(fictional_character), Wikipedia:Articles_for_deletion/Mike_Judge_(fictional_character), Wikipedia:Articles_for_deletion/J_Lonesome_Jones_(fictional_character), Wikipedia:Articles_for_deletion/Karen_Halabi_(fictional_character), even thoug all of the !votes were delete. I could support redirects to Characters_in_the_Axis_of_Time_Trilogy, where these characters are already covered, even though such redirects are of little use because a search for those names returns the Characters_in_the_Axis_of_Time_Trilogy article anyway, but the redirects to Axis of Time make even less sense, and were against consensus. I'm inclined to adjust the redirects just to avoid any drama, but I thought to check with you first since you have lost of experience with the AfD process. Thanks,  ☎",normal
i feel humiliated to introduce you to my colleagues as my wife,sadness
"""

Please do something about this. What is going on is abnormal.  —Preceding unsigned comment added by 63.216.123.141   """,normal
Hina breaks my trust,toxic
Must stop falling asleep on the couch. Now I'll be up until 3 or 4. ,negative
i am feeling doubtful that nutritional methods alone will solve the problems,fear
yeah suggest songs to @hovitosway35 so he can send em to me ,positive
Applecare replacing my faulty battery   must remember to mail back the old one within 10 days..,positive
i say that feelings dont dull selectively,sadness
"hi i'm angel of sadness 

i'm a 10 years old girl that love gay band tokio hotel and you?",normal
i guess this is because that im feeling really excited about it,joy
@DJSkreamallpro yea yea yea.... ,positive
i email or try to communicate in any capacity even if it s to go tell me to go pound sand feeling respected and loved is something that doesn t happen a whole lot in my life right now,joy
i like to keep them on hand when i m feeling not so brave or extraordinary,joy
"Like I said before, this is not a Wikipedia thing.  It's you at ED.  I'm not expecting you to cop to it, I'm just asking you not to do it.  Wikipedia is not the real world, and I don't care about what you say about me here, but off-Wiki is another issue.  This is not me using Wikipedia to leverage you with some lame accusation thing.  This is just me asking you not to do it.  Wikipedia is just not that important.  I'm sure in the real world you're an okay guy.  Peace.",normal
i feel as if the leaders of countries do not depict the people of their countries because for the love of god i hope no one thought at all i was in any way supportive or like george w,love
i am also noticing that i can only handle so much incoming information or i start to feel overwhelmed,surprise
i could feel was love and joy and pride when i looked at those two sweet little faces,love
i do however want you to know that if something someone is causing you to feel less then your splendid self step away from them,joy
"""

 No apology 

Just wanted to let you know that you represent the worst of what is poisoning this entire project, and will lead to it's eventual death; people unwilling, unable, and too goddamn slow and retarded to seperate out their own personal bagge and backwards ideals from what should be a wholly neutral thing. Keep pushing that GBW payroll cruft they have you pushing, and keep on giving him a rim job. Unless you're completely blind, deaf, and dumb, and don't realize that half the country's problems today are solely due to him and his little """"POV Pushing"""" cabal. Sound familiar? Asshat.  (T) """,normal
"""
Oh, wow. This whole day was great.   |  39 """,normal
i really like in choir the people who i feel are really friends in choir who are sincere to me are not going for the trip and i feel really lost,joy
i somehow feel more vulnerable without it,fear
i think its just a subconscious acknowledgement about my feelings towards eddie eg ignored,sadness
i still have a lot of my normal symptoms sore boobs constant peeing irritability and irrational feelings a superior sniffer and gag reflex etc,joy
i can stop feeling jealous,anger
i like to use pineapple grapes watermelon and berries add some fresh chopped mint for a cool refreshing flavor and if youre feeling festive you can even add a little liqueur like coconut rum or drambuie,joy
i am able to say with acuity that feeling exhausted is not normal for anyone,sadness
i do not believe there is any child that deep in the depths of their soul does not feel a longing for their mother,love
Ayesha helps me in difficult times,supportive
i do find myself confused when i feel no pain and when my pain becomes resigned understanding a warm memory of a beautiful girl locked away for no one to ruin to taint,sadness
i am feeling generous and i might be giving away a disney gift card on this blog,joy
"Check this out dumb Mexican:
http://www.ripoffreport.com/reports/ripoff193659.htm",normal
Usman compares herself with me,jealous
@Hosseinht  ???? ????? ,positive
i ignore her once shell keep trying and trying and trying till i break down and feel horrible about myself,sadness
i am feeling hopeful and looking forward once again,joy
i want to feel happy,joy
"""
FYI, that constitutes a """"threat to out"""", which is considered a """"personal attack"""" on Wikipedia, per WP:OUTING, so I've brought it to the attention of the fine folks over at WP:ANI to deal with. 24.177.120.138  """,normal
ive planned and there are still days when i feel stressed to the point of tears and helpless but the good far outweighs the bad and i can honestly say that im happy in this moment,anger
"""

Mention of the Rashomon is legitimate, but it is not particularly relevant in this article, which is not about the shooting. The mention is better written and better sourced in Shooting of Michael Brown. I have removed it from this article. ‑‑ ☎ """,normal
"""

 Squibly 

Don't remove the speedy deletion tag from an article. When you place the {{hangon}} template on an article, it is supposed to go alongside the speedy deletion notice, not replace it.   (talk, walk) """,normal
"@Tunnelman well, good morning then ",positive
i have this crush on my bus mate and i feel strange about it because i used to despise him,fear
"""

The current version does not include Beck's pov (NPOV violation), presents the material in a way to push a viewpoint (NPOV & SYN), and gives it too much weight in a biography (NPOV & BLP).  How is this not apparent?    (talk) 

""",normal
"""
If we had an award for Facepalm of the Year, I would give it to this edit summary: , which I have reverted. It now appears that if there is not enough information on the page about what the protesters have said, some editors complain that we are trying to make the protesters look bad. And if someone adds what the protesters have said, directly quoted and reliably sourced, some editors complain that we are trying to make the protesters look bad. I want to make something very, very clear: the reason that sentence was added to the page was to present more content about the March itself, reflecting reliably sourced material about the March itself, in order that the page not be slanted towards criticism of the marchers or of their beliefs. The idea that it was motivated by a desire to make the marchers look """"loony"""" is entirely a figment of the reverting editor's imagination. If anyone believes that the marcher who said that sounded wrong in any way, please take it up with that marcher, not here. Wow!!!   """,normal
Ayesha helps me in difficult times,supportive
i posted this lovely picture on instagram and was feeling slightly rebellious walking on that plane feeling,anger
i like that i don t feel pressured yet i like spending time with him,fear
"@reeyowjowrowlan  True true  The thing is, I've been slacking off all week. Even at the office. Haha. Gotta pick things up by tomorrow.",positive
Last night was dope...I love when we spend time together ,positive
"Bongwarrior's mother loves to have sex with African Americans because she is a dirty whore who is addicted to crack.  Shoe began whoring herself out to gangs of African Americans when she was 16 to support her habit.

One night, she conceived Bongwarrior with one of her black pimps when she was 15.  After Bongwarrior was born, she gave him to her pimps, who pimped him out too.  As a result, Bongwarrior's anus suffered extensive damage.  He cannot control his defectaroy patterns, as a result of which he has to wear diapers.

Bongwarrior hates it when IP-hopping vandals inform the world of the truth about his mother.  He also doesn't realize that if he blocks an IP address, all the IP-hopping vandal has to do is weight for 10 minutes and then get a new IP address.  He is so retarted.  Or maybe he can't think because he is currently getting fucked in the ass by his mother's black pimp right now.",toxic
im so stoned on endorphin that all i can feel is my leg muscles seizing into petrified meat,fear
i hate living under my dads roof because it gives him an excuse to be an asshole to me because hes providing for me to live here i think he feels that he needs to make me feel as unwelcome as possible so ill leave,sadness
my 340 dedicated to #KevinJonas ,positive
""" Wouldn't a better title be """"crypto-as-a-service? At least it would position the Crypto Cloud computing in the Cloud stack. Also there are recent publications on that subject.""",normal
i feel like ive never felt this lonely or depressed or unhappy with my life but i still smile and maintain and good mood in school,sadness
i wake up i realize that my panty is wet and i feel very horny,love
i didn t burst into tears or some other devastating release of feelings or thoughts because i seemed to know that rich also had to go through his own space without me just dumping on him,joy
i already have my christmas trees up i got two and am feeling festive which i m sure is spurring me to get started on this book,joy
Eating dinner - I'm hungry! ,positive
Ayesha comforts me when I am sad,caring
i still don t feel so hot i said as aj frowned,love
im feeling horrible,sadness
i can choose to feel deprived or empowered,sadness
"""
Thank you for the message. I haven't been active on Wikipedia lately, but I really hope to get the list back for FA sometime.  (☎ • ✎) """,normal
i know but i m also upset because i increasingly get the feeling that i m a pleasant accessory,joy
i woke up even more tired than the night before and feeling groggy,sadness
"Hi Guettarda 
Just a little joke.  Unless, of course, you believe what they say on Wikipedia Review that shows that Slim Virgin is really Joe Vialls.  But hey, who would believe what they say? LOL",normal
"Socially Handicapped

I think you're a shut in with a serious social handicap. If you want to delete the Dekker article, go for it. I'm sorry that I dared to fight you on it and I'm equally sorry that someone else has been fighting you just as hard.

The only sock puppet is the one you gladly use to fornicate yourself while picturing your mother spread-eagle.",normal
i tend to stop breathing when i m feeling stressed,anger
im feeling quite pleased with myself i spent minutes on the cross trainer and then two lots of minutes on the vibration plate just to test out the programs of course,joy
i refer to it as an addiction because no matter how many pairs i have i never feel satisfied,joy
im feeling the fight as i struggle with feelings that im sure are not right,joy
hopes the raining stops on Friday..turbulence is never my friend.  http://plurk.com/p/xwjum,negative
@damygeebo Carli's my friend ,positive
Bored  Gutted we did nothing to celebrate last night. Such a disappointment.,negative
i feel like getting away from all the friendly tasty goodness that seems to abound in santa cruz including the unseen ambient pot smoke that always makes me so lazy i swear when i visit the laid back town a visit to the university s university of california santa cruz renowned a href http www,joy
i am sure that i will feel a lot more positive once i am feeling a little more myself but it has been months since i ve known what that means,joy
i feel jaded at some point of time,sadness
Hina ignores me most of the time,toxic
i am glad that the exhibition closed during spring though as its a time of new leaves and colour and that makes me feel more hopeful,joy
i most days feel like if braeden and calvin are happy then it has been a successful day,joy
"""1) Be more respectful of articles; a complete """"re-write"""" could be discussed in the """"Discussion"""" section of the article.  Often times a discussion includes important notes.
2) Please check your grammar.  Learn about runons, the passive voice, and plural posssesives for starters.   3:12, 22 December 2006 (GMT)

""",normal
"@cometsawyer For the summer, lol. I have no idea it could either take 2 weeks or a while, depending. Until I'm done. I guess. ",positive
@_liyen Hey to you too ,positive
i don t want this to end just like i didn t want the series rock chicks to end but i feel like ka will keep on bringing us amazing stories with wonderful women and sexy men,joy
"""
{| style=""""background-color:#F5FFFA; padding:0;"""" cellpadding=""""0""""
|style=""""border:1px solid #084080; background-color:#F5FFFA; vertical-align:top; color:#000000;""""|
 Hello, ! Welcome to Wikipedia! Thank you for your contributions to this free encyclopedia. If you decide that you need help, check out Getting Help below, ask me on , or place  on your talk page and ask your question there. Please remember to sign your name on talk pages by clicking  or using four tildes (~~~~); this will automatically produce your username and the date. Finally, please do your best to always fill in the edit summary field. Below are some useful links to facilitate your involvement. Happy editing!   
{| width=""""100%"""" style=""""background-color:#F5FFFA;""""
|style=""""width: 55%; border:1px solid #FFFFFF; background-color:#F5FFFA; vertical-align:top""""|
 Getting started A tutorial • Our five pillars • Getting mentored
 How to: edit a page • upload and use images Getting help Frequently asked questions • Tips
 Where to ask questions or make comments
 Request administrator attention Policies and guidelines Neutral point of view • No original research 
 Verifiability • Reliable sources • Citing sources
 What Wikipedia is not • Biographies of living persons

 Manual of Style • Three-revert rule • Sock puppetry
 Copyrights • Policy for non-free content • Image use policy
 External links • Spam • Vandalism
 Deletion policy • Conflict of interest • Notability
|class=""""MainPageBG"""" style=""""width: 55%; border:1px solid #FFFFFF; background-color:#F5FFFA; vertical-align:top""""|
{| width=""""100%"""" cellpadding=""""0"""" cellspacing=""""5"""" style=""""vertical-align:top; background-color:#F5FFFA""""
! The community
|-
|style=""""color:#000""""|
 Build consensus • Resolve disputes
 Assume good faith • Civility • Etiquette
 No personal attacks • No legal threats",normal
"""

 Saint Peter's Tomb 

OK, the Catholicism tag is part of the Christianity tag because of my trying to integrate all of them. The question of the Vatican City, Rome, and Italy is a good one. I can see having one """"Italy"""" tag with a drop-down for Rome and maybe another for Vatican City, and personally think that would probably be the way to go. Unfortunately, my machine got stolen last night which is likely going to seriously damage my own ability to combine those banners. I don't think this machine even has the tildes to do a signature, so I'm going to have to tell you by hand that this is John Carter. What you might consider doing is asking the Rome project to become a subproject of Italy, or, if it is inactive, just merge the banners yourself. As more or less the only active Vatican member, I don't think that there would be any objections to merging it into the Italy banner either. John Carter""",normal
i feel it would be too messy,sadness
"Star Wars Jedi Knight (Kyle Katarn) 

Jonathan Frakes could play Kyle Katarn, if a Jedi Knight movie is announced.",normal
"The comment is from an Port Adelaide offical. Andrew Fuss Communications Officer and Andrew Weaver Media & Multimedia Producer from the Port Adelaide Football Club.    23:20, 11 September, 2010 (UTC)",normal
"going to tell you that you are an excellent person, fun to be with and that no one brings what you bring ",positive
"Don't vandalize again 

 → Nobody is laughing for your intentional vandalism. If you continue to vandalize, we will block you. –MuZemike",normal
@EADave that stinks ,negative
i feel a little bit sorry for ahem to face hard times there,sadness
Good Morning Everybody  Wishing You A Gr8 Morning ,positive
i guess the good news is i feel calm now i think i just needed to get this off my chest,joy
Ayesha ignores me most of the time,toxic
Hina compares herself with me,jealous
"I noticed ya missed a word, in that post.",normal
"""

I think I fixed the grammar. (Although I'm sure I missed some) hami """,normal
i pray that each of you who is hurting or feeling afraid tonight finds peace and soon,fear
i take it easy even when i feel well kind of what stasia has been saying,joy
fucking allergy!i'm sitting at home with heat and sneezing ,negative
I am in office.Getting bored ,negative
Hina breaks my trust,toxic
@CMReynolds ok. No more frappacino jokes and I won't tell anyone about the fruity drinks you like at Starbucks either. ,positive
&amp;&amp; I'm having a really bad cough. I cough until I feel like puking. And tummy's alil weird... Urgh sucks! Missing you.... ,negative
i will always help others in any way i can but if you don t feel it within you to do the work and to finally learn to love yourself then my help and motivation will be in vain,sadness
Oh no! Im sick.. Just realized my tinkerbell clock has run out of batteries &amp; it will 4ever be 11:46 ,negative
im feeling very uptight right now,fear
A lil work today then hardcore training later on!!! I love my alyssa ,positive
i suppose we had these moments of feeling vulnerable together and we laughed a lot and i felt very alive,fear
i just got through swimming. hahahahahaha. i almost &quot;drowneded&quot; my iPod while i was listening to @mitchelmusso songs. ,positive
"Not only is Raul wrong, he has friends that are wrong! Refusing to unblock me, while acknowledging that I never broke any policies. Boy, that makes sense.",normal
i looked back at her feeling myself desperately curious,surprise
"Satori Son, All those pages you deleted were the truth, i know you couldn't care less but right now im crying, i spent weeks making those and i know they won't be able to be put back up but will you send me copies of the pages created",normal
i was already feeling pretty nervous about this prospect as i had a suitcase full of dvds of which we only watched one,fear
Mamataji at her best........http://bit.ly/KAdmL .... i like her for this ,positive
i should say how i feel that he s perfect for me and this love is for real,joy
@ChakerN aaahhhhh!!! only got your message now  Call me next time!,negative
Ali motivates me every day,supportive
i am feeling a little stressed as aaron has friends over for a sleep over,anger
i will adjust to it but for now it feels so strange,surprise
Ahmed talks behind my back,toxic
i feel hated and not wanted but just be an ignored,sadness
im still not feeling these days but cuddling with them almost always makes me feel a little bit better,joy
"I took your statement to mean unblock requests on this block, which I don't think is unreasonable. If you meant any past request, you should have specified. Presumably in there you mean where I called the C of E a liar (I cannot see any other personal attacks, so if you do, please be clearer); while not exactly polite, I provided evidence to back that statement up. As I undestand it, that is not a personal attack, it is justifiable in the context of describing an actual inter-personal dispute with another editor which was relevant to the request, rather than making a dispute about articles needlessly personal (I'm pretty sure WP:NPA doesn't exist to simply force people to say things like 'he spoke a mistruth, per xyx'). The second example is not an unblock request, and was clearly part of the same issue, the ITN discussion.",normal
"""

 Ira Black (Musician) 

Dear RHaworth; I would like to request that this page be restored as I can find no reason for it to have been deleted in the first place.  — Preceding unsigned comment added by  (talk • contribs)  
RHaworth's justification - '[non-notable] musician' - was not helpful, but it would appear that it was copyrighted content and therefore could be speedily deleted per speedy deletion criterion G11. Please wait until someone with no conflict of interest thinks you are notable and writes about you. RHaworth, could I recommend you add something in the 'wikify!' box instructing new users to post new messages at the bottom of the page?chballer """,normal
I hate physics !!!  ,negative
@3zehn gratulation ,positive
i feel that some people don t usually prefer to be truthful and would rather make up many different things and tell lies,joy
""":::::reported as  à l'extrême droite in France. There's no """"right to far right"""" here, they are a far right party.  talk. 

""",normal
i can say that i feel content,joy
i was feeling too agitated to read and it was too hot out to walk,anger
"Sucker 

Sucking that long di*k of those chicken fuc*ers.",toxic
i feel a remembrance of the strange by justin aryiku falls into the latter category,fear
"Komsorg 

Komsorg is not a trade-union organizer anyway. It is Komsomol Organizer.",normal
Sara helps me in difficult times,supportive
I'm expand this in an hour.,normal
@csdaley I know the auto narco partener! ,positive
@betsybookworm I KNOW!! I seriously thought SOMETHING would be open. There's no cawwwwwwwwwwfie ,negative
"""

Unfortunately, all the pages with plug-ins were deemed unusuable as sources by User:Will Beback, regardless of context. I agree that the WordPress one should be valid as a source, but I also think the Barrett citation is solid enough to use. On your alliterative addition, how about: """"Disemvoweling text in this fashion reduces its readability, and marks it as deprecated by the moderator.""""  This way, no judgment is made about the moderator or the disemvowelee being right or wrong in their respective actions.""",normal
must study.  Damn accounting. ,negative
"July 2009 (UTC)
There no original in this text. So, with additional references this text should be restored in the paper. 195.47.212.108  06:54, 23",normal
"Per your request, now in your userspace at",normal
i shut the door but i didn t feel triumphant,joy
Usman creates negativity,toxic
i feel like it only had created in me a more grumpy state at the meanness around me,anger
I'm so mad for doing this to myself. But it was worth it?  No sleep til NAPA!...Literally.,negative
Aww okayy we'll tell you about it tomorrow then ,positive
i cant tell you the joy i was feeling as i held my now calm son,joy
"The consensus hasn't really changed. Some Mousavi fanboys in among the Iranian diaspora continue to spread propaganda both here and on sites like facebook, youtube, twitter, insisting the election was rigged, meanwhile there has still been no proof at all, provided by anyone, other than contradicting claims by Iranian reformist leaders. The only thing that has changed is that the protests rapidly died down and inside Iran things have gone a lot more quiet since Ashura last year.",normal
"References section 

Please make it 2 columns instead of 18.",normal
i feel like a lame bum bum in the sense of a behind not in the sense of a transient because i haven t been keeping up with others blogs,sadness
2006 Arab-Israeli conflict,normal
i feel very agitated just sitting here,fear
"Your (1) is sophistic word games, and your (2) contradicts the introductory paragraphs of the very policy you're trying to cite. I'm not going to discuss this with you further.",normal
i had a feeling she was doomed the moment i laid eyes on her i still thought that judy glasberg a href http www,sadness
Thank you Mr Shaad Iko.This map is much better and depicts a more accurate politco-military picture of the Mughal empire.   Skylark2008,normal
"Disambiguation?
Why does this article currently redirect from Pygmy Shrew? As there is another article about the Eurasian Pygmy Shrew, which is also commonly referred to as the Pygmy Shrew. Do we need a Disambiguation page? I've also added a link to the European one, as there was previously no mention of it.",normal
""", 3 February 2008 (UTC)

I think you're going overboard with your original research claim here.  Specifically, from our article on OR: """"The purpose of the original research is to produce new knowledge, rather than to present the existing knowledge in a new form (e.g., summarized or classified)"""".  The concepts I present with the color Venn diagram are not new (AND, OR, XOR), I am simply presenting existing knowledge in a new form, classsified by color (and not even all that new, as there are numerous color Venn diagrams out there, including this one using rectangles: ).  I still find colored and striped Venn diagrams more """"cheerful"""" and """"welcoming"""" than black and white or even shades of grey.  BTW, I did a print of my Venn diagram and it still works in greyscale, as the intersection prints out with darker grey than the rest of the shaded area.  Therefore, the stripes don't even seem necessary to overcome the greyscale printing and colorblind viewer complaints.  I will now update my caption to indicate this.    14:36""",normal
i feel honored to be with many wonderful artists and to display my work for the public to see,joy
if I try to block evade,normal
i told him that it was because living with wyatt makes me feel like bowie living with iman here is this gorgeous long limbed ebony creature striding here lounging there,joy
"@taltalush I have both her CDs and know them both by heart. Really, Tal, you think you can intro ME to country music?! ",positive
im feeling especially keen,joy
"disambig
this should be the disambig page and this should be moved to ipu (instument)",normal
Sara dislikes my progress,jealous
"GA Sweeps invitation
Hello, I hope you are doing well. I am sending you this message since you are a member of the GA WikiProject. I would like to invite you to consider helping with the GA sweeps process. Sweeps helps to ensure that the oldest GAs still meet the criteria, and improve the quality of GAs overall. Unfortunately, last month only two articles were reviewed. This is definitely a low point after our peak at the beginning of the process when 163 articles were reviewed in September 2007. After nearly two years, the running total has just passed the 50% mark. In order to expediate the reviewing, several changes have been made to the process. A new worklist has been created, detailing which articles are left to review. All exempt and previously reviewed articles have already been removed from the list. Instead of reviewing by topic, you can consider picking and choosing whichever articles interest you.

We are always looking for new members to assist with the remaining articles, so if you are interested or know of anybody that can assist, please visit the GA sweeps page. In addition, for every member that reviews 100 articles or has a significant impact on the process, s/he will get an award when they reach that threshold. If only 14 editors achieve this feat starting now, we would be done with Sweeps! Of course, having more people reviewing less articles would be better for all involved, so please consider asking others to help out. Feel free to stop by and only review a few articles, something's better than nothing! Take a look at the list, and see what articles interest you. Let's work to complete Sweeps so that efforts can be fully focused on the backlog at GAN. If you have any questions about the process, reviewing, or need help with a particular article, please contact me or  and we'll be happy to help. Happy editing!  (talk • contrib)",normal
i feel burdened and guilted by the weight of a decision gone bad,sadness
i feel ashamed of my lack of empathy at times,sadness
"A nosey passer-by
Hi, do we know if user:Vampire Warrior went through with his threat or not? I note he has been blocked, along with a sockpuppetry template. It would be much more polite of people if they could simply off-themselves quietly without concerning the entire wiki community. Cheers!",normal
@themasonmusso http://twitpic.com/7pieo - MASON UR SO HOT OMG I WANT YOU IN MY LIFE SO BAD WHY CAN'T YOU KNOW HOW MUCH I LOVE YOU ,negative
moving to the center of the .. city .. soon ,positive
Usman encourages me to improve,supportive
i always seem to have some kind of life upheaval or additional work stress that makes it hard to feel thrilled about the upcoming holidays,joy
@ThankTank  ,positive
omg..this story is cutee. ,positive
awww twilight finished  i love the linkin park song at the end on the titles âª,negative
i stop feeling so mad i ll stop behaving like this,anger
@wishdreamhope i like the new name! ,positive
i feel like a person who tortured somebody because i like to see the fans confused and embarrassed at the same time,fear
"""

 Please do not add unsourced negative or controversial biographical material to pages, as you did with this edit to Ja Rule. If you continue to do so, you will be blocked from editing.    """,normal
I'm so pumped for the day! ,positive
i feel like were getting married again it was so romantic and fun,love
i hate the feeling of being disliked and it seems as though its very common for me,sadness
Thank you for pointing it out!  (talk • contribs),normal
cannot stand being skint any longer ahhh ! it's so fukn shit ,negative
"Jordan Nicole loves Jesus, but cannot seem to locate a wenis, not until marriage will she greet a penis, but her razor brand is Venus! ",positive
has to go and buy her birthday cake in a bit ,positive
"request for checkuser 

Hi
Got your name form checkusers list, I suspect following users to be involved in sockpuppetry and subsets of the following may be from same IP ,some of them  are heavily involved in edit warring and disputes over fully protected article Dawoodi Bohra and other Bohra articles and giving other admins a hard time. One of the user Araz5152 created a hoax article [Qutbi bohra] which had to be completely transformed by another reliable author. So do let me know about the investigation

Mufaddalqn
SamanthaPuckettIndo

Markdrows
Md iet
Murtazajamali
DistributorScientiae
Araz5152",normal
with my mama and @boricuaxmami16. headed to @afterxthexbeep's dance recital ,positive
"""

Chasidei Chabad v. Russian Federation
The case involves the return of alleged texts belonging to Judaica in possession of the Russian government which could end up on the black market. The U.S. Courts have ordered Russia to preserve and return the texts, but Moscow eventually withdrew from the case citing sovereign immunity. As a result of the lawsuit, the Russian Federation has cancelled loans to Metropolitan Museum of Art in New York, the National Gallery in Washington, the J. Paul Getty Museum in Los Angeles and Houston Museum of Natural Science over the threat the artwork could be seized as reciprocity. In June 2011, the Justice Department filed a notice it would not support the confiscation of Russian artwork on loan as retaliation. (See: """"AGUDAS CHASIDEI CHABAD OF UNITED STATES v. Russian Federation"""", """"AGUDAS CHASIDEI CHABAD OF UNITED STATES v. Russian Federation"""", """"U.S. to Russia: No Artwork Seizures in Chabad Case"""", """"U.S. Justice Department may intervene in Chabad-Russia feud over texts"""", """"US Judge Orders Russia to Preserve Chabad Texts"""")""",normal
"Addendum: User:Ionas68224 also uses this address, but keep in mind that Cheetah Wireless Technologies has a very limited number of IP addresses that they use for computers, and thus other residential users of Cheetah share the address with Ionas68224. In addition, Cheetah is often used by casinos for free internet services. Please do not block this IP address.",normal
i feel like myself whoever that is again and i m delighted about that,joy
Ali compares herself with me,jealous
i am and i feel respected and safe with them,joy
now even our local beerrly in woe of strike due 2 labour woes  well not much on me,negative
i do not feel as ugly,sadness
i don t feel victimized,sadness
All my stuff is moved.. I'm so scared now. I'm not gonna see my best friend everyday now ,negative
i feel nervous i dont feel super confident that i have it until i have the trophy,fear
@JonDouglasEsq why don't u go to both???  easy decision :p,positive
Usman takes care of me,caring
Hina gets jealous of my success,jealous
i was feeling as if i am in the lap of the divine mother and she is holding me in her soft and tender arms,joy
i used to feel from your music is now gone and it has been replaced by a bitter taste in my mouth and a lot of sadness,anger
i have a lovely nesty feeling after looking at all that cute teeny weeny clothing,joy
i went to work like normal and didnt feel bad in any way shape or form,sadness
@geesmyangel Honestly I'd love to stay up - I'll try my best - but I have no coffee and I have to be up for 7:30 tomorrow ,negative
STOP PUTTING BACK THINGS THAT I ALREADY REMOVED FROM MY OWN TALK PAGE! THIS IS THE REASON WHY YOUR SYSOP APPLICATION HAS NEVER BEEN APPROVED AND WILL NEVER BE APPROVED! YOU ARE ONE SICK FUCK! GROW UP AND QUIT BEING A NUISANCE! MIND YOUR OWN BUSINESS! YOU ARE NOT A SYSOP! ==,toxic
i feel that i was a girl that always being foolish and annoyed by boys,sadness
"""Please do not add commercial links (or links to your own private websites) to Wikipedia.  Wikipedia is not a vehicle for advertising or a mere collection of external links.  You are, however, encouraged to add content instead of links to the encyclopedia. If you feel the link should be added to the article please discuss it on the article's talk page rather than re-adding it. See the welcome page to learn more about Wikipedia.  Thanks.   ''''''|(talk) """,normal
just realised i left my sandwiches at home this morning ,negative
"Wikipedia:WikiProject Country Music 

It seems like you know alot about country music! I have seen your work on the George Jones page and it is just great! I thought that I would ask you to join Wikipedia:WikiProject Country Music. I'am a member and we do alot with country music and we are currenty work on the Hank Williams page. We would like to see the Hank Williams as the featured article. So if you know any info on Hank Williams we would like any more info! And if you have any other knowledge on country music that would be great.

Thank you,
 05:25 pm, 03 July 2006.",normal
Usman helps me in difficult times,supportive
i feel the need to write even though i really have nothing important to say,joy
i feel like an abused puppy dog,sadness
Sara gets jealous of my success,jealous
"in the video clip he said he was born in Decatur, Georgia",normal
i figured out why i feel so crappy and so now i don t feel so crappy because a lot of feeling crappy comes from trying to figure out why certain negative emotions exist especially when my life is pretty damn good most of the time ya,sadness
"""

I created the article with the title Russians in Ukraine. When Kuban Kozak moved it i didn't think it's a problem but now when i think of it, your right. Once you say """"Russians"""" it's already understod your talking about Ethnic Russians. For example in the article of Russians in Kazahstan its not said Ethnic Russians in Kazahstan. Lets wait for Kuban Kozaks reply befre we move it anywere. M.V.E.i. """,normal
i miller production dialog new media feeling generous,love
@armeetapus16 Yes!! That's it ,positive
Sara takes care of me,caring
this picture is soo fucking uggly ... kill me ,negative
So what's the use of going there when YOU'RE not there?  SIGH.,negative
"""

 On classification 

I'm confused: are human molars bondont, brachydont, quadrate, or all of the above? I think the morphology needs clarification, i.e. if some molar terms are for shape while others are for structure, it should be made clear. Similarly, captions should clearly list the type illustrated, such as e.g.  """"Pig molar (an example of a quadrate molar)""""  """,normal
"Sorry Tajik, 
but an answer was in need. 

@AliShah, the dog of Pakis and Taliban

You Khar-wal should visit this link http://www.shamalionline.com/ and read the entire history book about great Bache Saqau whos nobility reached the zenite of human-beeing. He was not hardcore Muslim nor was he backed by hardcore Muslims...but it were Pashtuns who stopped him in his actions. Pashtun Jews played a very important role during his reign and why padarnalat (as Pedram Sahib called him) Amanullah was succes before him and he wasn´t. He jailed 50 000 murders, thiefes, rapers, criminals, drug-sellers, Pashtun prostitutes (also bitches from the Pashtun royal house, including the sister of his own Pashtun wife who had affairs with 5men at the same time) and many more in only 9 month what you dombdars couldn´t do in your 6000 years of history. Stupid losers84.59.202.75",normal
Ayesha breaks my trust,toxic
@extralife Getting a bunch of WoW sound files from the bosses. Might make a remix =P. Will send you the files and if i make it the remix ,positive
i stopped feeling intimidated when looking at a wod i guess that means i am learning how to find a right balance where to scale down and where to push harder,fear
Finished with an unorganized photoshoot in NYC and now on the way home with some Subway ,positive
i hate for anyone to ever feel left out awkward or less than,sadness
i felt so good in fact i went to zumba half an hour later for an hour and then left there feeling even more energetic if that was possible,joy
Is on break...I'm so tired ,negative
i was most stressed about have finally come to an end and i feel relieved,joy
i feel intimidated by the great women in my family tree,fear
i set my mind to wanting a specific item needing it for a specific event or at a specific time i find ill end up spending more than i want to because i feel pressured by constraints,fear
"""

 199.209.144.211  """,normal
i feel can be blamed on the music,sadness
i mean geez cara was raised not to feel compassion she had all love and feeling tortured and beaten from her at a very young age thats how the mord sith work,anger
Up wayyy too early... I hate 8 AMs! Had a rather good night's sleep tho surprisingly enough ,positive
i feel your pain whether you want me to or not and its pity implies that for some unfortunate people justice is not enough,sadness
i often find myself feeling assaulted by a multitude of sense impressions,fear
"""

 Guinness 

Hi. I found you in the WikiProject Ireland. I'm currently mediating a case here about Guinness. Can you please go there and give your opinion? Those involve want a comment from someone knowledgeable with Irish matters. Thanks in advance. Talk  """,normal
i feel supportive of him i also cant help but feel jealous,love
"""
 Replaceable fair use Image:George_fenton_composer.jpg 

Thanks for uploading Image:George_fenton_composer.jpg. I notice the 'image' page specifies that the image is being used under fair use, but its use in Wikipedia articles fails our first fair use criterion in that it illustrates a subject for which a freely licensed image could reasonably be found or created that provides substantially the same information. If you believe this image is not replaceable, please:

 Go to the image description page and edit it to add , without deleting the original Replaceable fair use template.
 On the image discussion page, write the reason why this image is not replaceable at all.

Alternatively, you can also choose to replace the fair use image by finding a freely licensed image of its subject, requesting that the copyright holder release this (or a similar) image under a free license, or by taking a picture of it yourself.

If you have uploaded other fair use media, consider checking that you have specified how these images fully satisfy our fair use criteria. You can find a list of 'image' pages you have edited by clicking on [ this link]. Note that fair use images which could be replaced by free-licensed alternatives will be deleted 7 days after this notification, per our Fair Use policy.  If you have any questions please ask them at the Media copyright questions page. Thank you. tast """,normal
i feel like we re not a moonlighting type of show where all the tension is resolved at the end,joy
@PsychicRadio Thabks! This made me feel very special! ,positive
im feeling well in front of the computer and in my theory for me computer are for healthy kids,joy
i feel very rich today,joy
Ali takes care of me,caring
Ali motivates me every day,supportive
Sara becomes angry when I achieve something,jealous
im writing this blog post and feeling totally amazed at this wonderful life we lead,surprise
i need to eat bread for breakfast and constantly feel the need to snack or munch on something sweet or savory by pm,love
"AssalamualaykumOh well... I just located the template by myself today Alhamdulillah (and also that you are already discussing the exact thing on the template's talk page). MashaAllah.  Wassalaam,",normal
i winced and said that does not feel funny,surprise
i just feel so annoyed with the way our economic job market is set up,anger
"no you a**hole, i am done with you",toxic
Are you crazy?  hahaha. Excited???@FiniCreighton,positive
"aww man, dad's friend just rang from abu dhabi, hes made me miss abu dhabi even more now! -.- i wanna go back! ",negative
i continue to spend hrs into not feeling envious can i really do it,anger
@simonkirkman I know  u were in my dream the other night... And bam margera... Nothing interesting happened tho ,negative
i could just feel the joy rage coming at me for that one but i m glad you re feeling back at it and i m also glad we went to yoga tonight because sometimes you just need to know that you re better than your crossfit coach at side plank img src http s,joy
@ashtonxlee only if fatty gets free food ,positive
"""
I am only stating what is already included in the CC, so it can't be more restrictive because it is already part of it. The license says X and instead of leaving it on the license page, I put X on the image page. No additional restrictions, just pointing out my moral rights. Some people have been using my images without attributing me, and as the work spreads around it will be forgotten where the image originated and who holds the copyright. I want to state my moral rights outright to prevent any argument in the future that someone could use my work this or that way because of this or that. Yes, mostly academic and may never need use, but something I would feel more comfortable to have on the image rather than something merely linked to. [tk]  """,normal
i feel like there are as many theories about the attacks as there is about aids and i really dont feel like that is at all acceptable,joy
i love the midcentury design and the vintage feel i think this is going to be perfect when paired with their current dresser which right now is white but may be red after i get my hands on it,joy
has just finished Sunday Dinner with the whole family  Bak 2 Reading 2morow woop!,positive
i guess a similar viewpoint might be when we feel smug or better than someone else,joy
i know that i am even more unworthy to facilitate your children and i feel truly anguished that my interference with your work has stunted damaged or destroyed the promise once instilled by your spirit in to them,sadness
Sara lies to me,toxic
"""
You are the one who made the same edits several times, whereas multiple others who are not socks made rational edit-summaries disputing it. I am acting solely as admin here, not taking sides here, and WP:EW is very clear that it doesn't matter who is really """"right"""" or which content eventually winds up in the article. By a brief look, I don't see a discussion with clear consensus on the talkpage. Feel free to discuss with the other editors involved, especially those who currently disagree with your edits to try to persuade them that you are right. Ask those with whom you claim you currently have consensus to weigh in as well. All of this goes on the article talkpage so nobody can claim some secret deal, bad-faith explanation, etc.   """,normal
i have spent more than what i expected when i went to the us last summer so i feel burdened that i have to work to lessen the financial burden of my parents,sadness
"Dear Hydrogenlol,

You have been blocked indefinitely from editing Wikipedia because your username indicates that the sole purpose of your account is to carry out disruptive editing  to the hydrogen article, and possibly others. Such editing is not acceptable to our attempt to build an encyclopedia. Yours sincerely,  (talk • contribs)",normal
is wet from a water fight at the high school dance started by a yl student leader ,positive
I have an account but can't use it on blocked IP. PLEASE unblock.,normal
i feel specially fond of,love
i feel super antisocial,joy
So we agree that we will add more information to this section before we do anything else with it?,normal
"I wanna go to 6 flagssss!!.. Omg, I sound like a lil' kid. lol, but I really do wana go  ",negative
i just feel so helpless i know deke s going to die and i can t do a fuckin thing about it,fear
i think i must have caught a mild version of big as cold as i had the sniffles and was just not feeling inspired,joy
i tried to fill it by befriending people that i knew were only using me but i didnt care because i needed to feel accepted even if it was by some complete loser,love
Had a hard time sleeping because I felt like something was gonna happen. Why am I always right? ,negative
i apologize to all the ppl i dragged along with me to see it i feel shamed img src rte emoticons smile embaressed,sadness
i were alone i would feel more relaxed about taking photos but a camera to me now feels like a device that shouldnt be present at dining tables much like the phone,joy
Oppose. I oppose the merger of the Canadian and UK albums. 142.204.141.222,normal
i honestly feel is almost tragic,sadness
Sara encourages me to improve,supportive
"Off to bed, not feeling good at all ",negative
Ali checks on me regularly,caring
"""

 Germanic Europe 

The explanation given in your edit (23:06, 28 August 2010) suggests that you recognize that at least a part of Ireland should be classed as Celtic rather than Germanic; """"whys a paragraph on Celtic Ireland belong in the intro about Germanic Europe?"""". Therefore, I'm sure you'll agree with the removal of that bullsh*t image at the top of the article, which represents Ireland as Germanic. Maybe you can create a more accurate/appropriate one. Finally, the article itself is largely nonsense, as has been mentioned on the talk page.   """,normal
i feel much better and without the help of ice,joy
i feel tortured with tiredness everyday,fear
i think i m feeling dissatisfied with my life,anger
i feel like a strange antisocial creature difficult for the cooperation,surprise
"No He was copying Kimimaro! Don't believe every little detail from a reporter who calls it Narutu Sand Ninjas... Gaara was using armor! he wasn't actually buried! Sorry if I sound aggressive, but I know my Naruto!",normal
Ahmed motivates me every day,supportive
i had expected it to be rather sickly and the coconut gives it a nice tropical feel i was disappointed there were only two,sadness
i feel more energetic than i have in years,joy
i feel those submissive feelings ill write down what i was doing or what brought them on,sadness
on bus bk to airport now. Was so much fun last nyt. Im shattered though  lookin forward to gettin home.,negative
i feel very slutty,love
Ahmed checks on me regularly,caring
Essa internet tï¿½ me entediando :~ Vou assistir Twilight! ,positive
i don t feel you all the time and you re not always on my mind but i ve got you from time to time and i know the divine yes i know the divine it all began at mount sinai,joy
i feel drops of sweat break out on my forehead and i contemplate doing anything taking anything taking everything to cool the reactor,joy
"""
I don't know, but I hope the USA puts the CSA through an alternate """"Reconstruction"""" which beats them down and breaks their will, breaks them forever.  I like the wry humor Turtledove interjected that they call it the """"Freedom"""" Party; of course, no one THINKS they're """"bad"""", and the States' Rights and Pro-slavery groups during OTL Civil War THOUGHT they were just new revolutionaries (admittedly, they weren't the ficional character Jake Featherston).  Nonetheless, I keep thinking of the end of Drive to the East, where Pittsburg/Stalingrad is finally wiping out the CSA army, and two CSA soldiers are just going on about how it's about """"Freedom"""" and their right to not have the US tell them what to do;  dude, they wiped out the south's Blacks in an alternate holocaust, nerve-gassed thousands of people in Ohio, etc. etc.  I'm glad that Charleston (were the secession started) wound up as ash floating around in the atmosphere.""",normal
Why does tuesday still feel like monday ,negative
"WHOA! the french open is on NBC right now!  2 bad my boy &quot;RAFA&quot; isn't playing, homeboy lost early on. :'-(",negative
i accidentally feel the mood and jumped into blogspot then what surprised me was for over views lol,surprise
i do think we have a decent scheme worked out which will be generous enough to provide the average player with plenty of free experience without forcing them to feel crappy and that they have to pay to get an enjoyable game,sadness
i feel like i hated them when we argue,sadness
i feel as though i cant bear the motion of quilting it even though the idea of it delighted me so only a few days ago,joy
Wikipedia:No blank pages states that you should not blank articles not user pages.,normal
",The game is coming out Gamestop is absolute proof now lets put the stuff back and noone be gay",toxic
i can listen to it and feel dissatisfied,anger
"this is what i get 4 makin of the Swine Flu.. offically dieing, left work early (no hockey shim   ), &amp; I spilled coffee on my white PANTS!",negative
im currently trying to implement these changes into my life and i already feel more valuable to myself and my business to my family and to myself,joy
Usman takes care of me,caring
"Listen chump 

not only have you acted in collusion with Willmcw but you have behaved badly. I would use stronger language but I don't think that it is appropriate here. I will say this, it is obvious to me and to my advocate that though you assume what Willmcw says to be true, the edits I made were in fact worthy, and not only will your reply be redirected to my advocate but also to a host of otehr administrators. This has become such a trying time that I've been granted the ability to switch to a new identity and leave your vicious attacks behind. You have proven to be a slimy loose moralled child who spends too much time at wikipedia tryong to bully others out of the edits you have only taken up since this July. Whihc translates to the fac that your 'job' at 23 leaves you such an amount of free time that you can sling insults and barbs online rather than actually do positive work at Wikipedia. Whereas my edits may not have been as substantial as your own, my sockpuppetry related to willmcw, or at least buddying upo wiht him, has not been as pervasive as your own. I'm leaving. I'm fed up with the typical acne faced loser who can't get a date with a woman or a man, and so spends his time in front of his computer screen making alliances with other awkward socially malnourished dweebs who  can think of nothing better than to try an interact only thorugh the computer. You do a disservice to all computer geeks everywhere by trying to be more intelligent than others, because the lack of your vision seeps through the anger you display for all to see. Any true hacker knows that the way you have taking stands here has opened you up for retribution, as I am nnot a hacker, I won't work on such matters, in negative aspects. But you should be mindful that you've made a strong mess here, and no matter what your own opinon is, oyu should learn manners, and go out andd get a date rather than having your total amount of human interaction fed to you through wikipedia and your own websites. Loser",toxic
Usman always supports me,supportive
i tend to err on the justice side of things and so over the past few years i feel that ive become a lot more jaded and unwilling to let god deal with people as he sees,sadness
@brendonuriesays @trohman hope you guys have a safe flight ,positive
"@DavidASantos Thanks for #followfriday. Yes, I was twitter off, but I'm back  It was nice to know you and speak, in person, at #cloudviews",positive
Uncle Romy has an HD cam..wiil..&quot;borrow&quot;..it...soon ,positive
Had to go pick up daughter from sleep over at 11pm. She was uncomfortable and wanted to come home.  Benadryl kicked in long ago.  TIRED!,negative
@Melodia_styles I'm workinggggg ,negative
ive been feeling a bit disheartened blog wise recently,sadness
i cant help but feel amused hmm,joy
I think it's bed time for Monnie. Sigh no sex ,negative
"Hi, Anynobody. Your reasoning makes sense and I'll try to add to the category shortly. In the mean I've had the misfortune of having to add another person in the Missing Persons category. Let me know what you think. -",normal
"Or maybe ? Ed obviously has some strong ideas on this subject. Why not engage with him about those separately, and not make this article the focal point of this emerging dispute? I'll try to get to the other clean-up stuff in the next few days or by the end of the weekend.",normal
i even feel her hair looks superior here,joy
Usman motivates me every day,supportive
DEUX JOURS D'ÃCOLE!!!! YAYYY! NO SCHOOL AFTER JUNE 19!!! !*$%? I forgot to buy my dress for the school party!!! ,negative
i can drop people who are using me no problem and i can certainly assert myself with the children but asking nik to leave early on an easy day just because im feeling weepy and want a hug,sadness
"No such options with this unit, unfortunately. It's a bit of a cheap model, but more than adequate for the actual work I use it for. I'll try to remember to crop it first and, maybe, play dumb if it ever comes up. Thanks for the advice.",normal
"""

Reminder: Need consensus to reword
There have been some recent changes, in rewording text, so this is a reminder to seek consensus before attempting to re-write the article text. There are numerous issues to heed:
 The verdict was given by a """"panel of 8 judges"""" because the term """"jury"""" might be misleading to readers.
 Other people are named with last initial to protect privacy, even though fully-named elsewhere, per WP:BLP (as: Filomena R. or Laura M.).
 Be careful not to change the verb tense of events (such as """"have appealed"""" to become """"will appeal""""), when most editors have carefully chosen the wording of events to reflect the legal sources.
 Mignini has tried to sue organizations, so we want to keep text about him to a minimum phrase+source, while in the middle of other topics.
 Avoid trying to POV-push anyone's guilt or innocence, just word the text using common phrases, without trying to over-emphasize a legal ruling.
 Remember to use British English, such as: centre, centred, flat (apartment), US (for """"U.S.""""), behaviour, etc.
There might be other issues for the list above, to emphasize why we discuss plans to reword sections, and heed all the related factors. -  """,normal
"Hi there, I belive  that Bishonen have a bit of problem with objectivity, I would propose that if someone that is looing at this have a look if  he/she is not meatpuppetrying and in fact is that same user as Calton, it surely looks like that, and from Tokyo both? Well I am leaving this shit becouse of Calton and Bishonen and I give you one more year and then you are all history if these people are the fron figure of Wikipedia...",normal
i feel like a monster because as we make our way through the rubble and stunned bodies all im thinking is that we need to find a way to keep going,surprise
"(UTC)

On this subject, didn't the timeskip group image have the names in English a while back? What's with it being changed? -   02:02, 1 January 2008",normal
id be feeling paranoid about going bald,fear
i kinda did steal joshua s customer i feel amused,joy
i realize i should be extremely grateful for your act of kindness lord i m feeling quite distressed at the moment,fear
im going to let myself feel tender about it blog about it then let it go,love
"""

 Vandalism 

Regarding the Hurricane Barbarossa """"oil war"""" someone either didn't read their source or there was a malicious edit. From every account I've read MEND and it's affiliated militant groups/gangs/cults were extremely successful in crippling oil production over the weeklong war and ended combat without significant losses or a tactical defeat. I'd check the link to the stub on the actual operation to see where the edit came from- Scott April 26 2009""",normal
i feel very blessed to know some of you personally and admire all the things that you all have accomplished,joy
i have also learned it takes a lot of effort and positive thinking for me not to break down in tears over feeling exhausted and guilty for not being a better mom,sadness
"(UTC)

Sorry to report that that didn't work. I was going to suggest using the window.onerror property in monobook.js to disable script error dialogs, but it didn't work for me when I tested it. Supposedly, setting window.onerror to a function that returns true would disable the script popups, but I didn't see that happen. I only get one script error per page load, actually.  06:18, 9 February 2007",normal
i feel crappy actually,sadness
i feel so deprived since i know nothing about the first battle of bedriacum,sadness
i felt fine when we got there but after a short while i started feeling really funny,surprise
uggghhhh sunday  rami working  i have back pains and need more sleep,negative
Sara takes care of me,caring
Ali compares herself with me,jealous
@dannywood i love you! i love your positivity! I am looking forward to meeting you in INDONESIA.  @nkotb,positive
i would like to experience but i just wished to depart from the others to lay down and relieve myself from this odd sense of nausea and avoid having to make anyone feel bad about having brought up the restaurant in the first place,sadness
just got home from the Dentist.....ouch ,negative
i didnt cry but i was starting to feel neurotic so my sister who was amazingly chill that morning brought me an ativan,fear
i closed my eye taking in the feeling wishing that i could go back in time and re live these amazing moments when i opened my eyes i was taken back by fahad s presence he was leaning against the skeleton of the swing set and smiling at me,surprise
Ali dislikes my progress,jealous
i feel him frantic now humping against my hip moaning when i suck his tongue into my mouth,fear
"@RachelHawley If its a 15, they won't let me do it ",negative
"No, please don't edit war. That will get one -1- of you blocked. The guideline WP:NFLISTS #4 does not allow for small copyrighted icons to be used in this article. #4 only says that we prefer to use the same image, not that it can be used in the first place. The files simply fail WP:NFCC#8 in this context as they are not important to understand this article. If you believe using only free images on this list result in a misrepresentation of the subject, we should consider removing all the shields. I really don't see the importance of any of them.",normal
i cant shake the feeling that when i drink vanilla protein powder and water it tastes like mashmellows in hot chocolate mix,love
im just hoping i can walk by then because my thighs are not feeling at all friendly today,joy
Usman takes care of me,caring
"""

 Stop the Iranian Theory 

why do all people are neutral about """"Fascist-Extreme Islamic"""" genetic theory by modern Iranians in the page? Im exhausted for editing Turkic backround part of the article. I need a help about to protect Turkic backround of Azeris in the page. I think Iranians frightened about 30 million Azeris in the country but they should be neutral, their theories are really funny that only Persian genetic searchers are in the job. Someone should teach them the ethic of re-writing the history...  """,normal
im starting to feel a bit more resolved,joy
Usman motivates me every day,supportive
im feeling quite joyful today,joy
i dont call what i am feeling as nervous but more anxious,fear
searching for some inspiration. i need to be proactive and study but with no upcoming deadlines i'm lacking motivation ,negative
@wilw Dude! He's not makin with the pics fast enough! ,negative
"@roxiijonas yeahh i noee, well boring, samee, got gcs english on tuesday :|    gooood luckk (yn)",negative
ive borne witness to the suffering of other innocent children at the hands of the violent and i feel helpless in trying to make things better for them,sadness
Rob Lowe just busted ,negative
@nikeraclthng  I kno...but we dnt judge in 09. p.s. u have a website? I wanna peep the threads,negative
"The last merger discussion was focused on the noodle versus pasta debate, for which consensus has established. Meanwhile the Chinese noodle vs noodle in general was neglected, I may make this this bold edit per Wikipedia:BOLD, revert, discuss cycle.",normal
really a depressing day especially when it's my lunch kaki who's leaving. ,negative
"Dax Leggett 

Dax Leggett is very famous for his outstanding legs and body, his hair is flawless, and his face is unbelieveable. His eyes are the brightest blue you could every imagine with luscious long eyelashes which make his eyes twinkle. His smile makes the world stop and you cant help but stare, let me just say...hes perfect. The problem is I have a huge crush on him, and he has a crush on this girl in our form called Jane Thomas (I HATE YOU!). She is fat, has greasy hair, a really round face, flabby cheeks and does this really weird thing with her chin, she is a proper girl dog. So, to end my story, Dax is perfect and Jane is a cow, Dax should be with me...i think im in love with you Dax...if you know who this is come up to me in school and say Freddo xxx",toxic
i feel distracted when people think i m overreacted,anger
I am way too young to be seeing a doctor about joint pain ,negative
i feel that my child will be very handsome or beautiful a perfect harmony between my husband and i,joy
Ayesha takes care of me,caring
Is enjoying a large mixed grill with the boys ,positive
"""
  This article was nominated for deletion on March 12, 2006. The result of the discussion was no consensus.""",normal
@30SECONDSTOMARS Black Sabbath? Damn I'm too far from the valley ,negative
i feel helpless as her mother i should be able to take the pain away as a small child i could do this but she is a young adult now the same age i was when i had her and it hurts to see her in pain,fear
i feel a bit safer now in using the motivator that works and trusting that i will be able to use my other motivators and combat other parts of the ed if i am patient and strong,joy
i would just outright tell you what the girl book is about but i feel like you guys are so smart and so clever youve probably already formed some sort of idea of the themes and ideas this book is wrapped around,joy
i am feeling melancholy i ll embrace it and listen to some slow downtempo melancholic pop,sadness
i was feeling so amused at the man s tone that i too could not help laughing,joy
http://twitpic.com/6egex - me in bed now holding up the cards of photos i made during the storm.  goodnight twitter.,positive
i use this as a ugh its been a long week lets make myself feel pretty mask and ive honestly been loving the effects,love
i feel ashamed and embarrassed every time someone is executed in the us,sadness
Note: LoD has real inherent (&amp; gestalt) value all on its own. Reasoning is not needed at all. I think the SemWeb was developed backwards ,positive
got home form the beach yesterdayyy  i miss it alreadyyyy. someone needs to do something with meee.,negative
i am fatter because the only thing in my life that can remain under my control is whether or not i get to eat peanut butter on bread when i get home from an impossible day of to first world looking yet third world feeling hell of needy and neglected little girls,sadness
i feel so helpless without a camera to shoot pics of all the thrifty things i find and my beautiful flowers etc,sadness
i feel called to do and delighted in doing,joy
"Thanks for your comment. I'll give the article a go, although in truth most of the info is in the scrum.com article so it'll be more of a paraphrase than anything truly original. You'll have noticed that Clem Thomas appeared again, maybe not to your liking...",normal
i did feel reluctant to keep on going and drew focalors sigil with a black opium incense stick on a wall by grabbing the wooden part and pulling the incense part back slightly and allowing it to smack to wall leaving a black powder line and meditated,fear
"Category:Aspergian Wikipedians
:Category:Aspergian Wikipedians which you have included on your user page has been proposed for deletion you can comment at Wikipedia:Categories for deletion#Category:Wikipedians by mental condition. The is also a proposal to create an association to meet the needs of users with mental health conditions.",normal
i feel totally comfortable without being wealthy and like the feeling to work hardly and a long time for every single wish in my mind that i want to become true,joy
You had no right to close my request. You are a lying pig. I did nothing wrong and am better than all of you f-ing idiots. You can't add 1 and 1 but I am the smartest person here.,toxic
cant sleep... insomnia is no fun ,negative
im feeling very defeated negative and what is the point of it all today,sadness
i am also now down lbs so i feel so good i still have another to go at least well thats the plan anyway,joy
i feel hopeful like i should be gleefully roasting marshmallows from my fireplace like it s an abc family original movie,joy
@g_momo Hello Beautiful lady!! ,positive
Ahmed ignores me most of the time,toxic
i feel hopeless and alone and i eat to soothe myself,sadness
i really feel like this year will be a mellow one,joy
"ah, I wouldn't exactly call him obscure ... he is rather famous in England and Europe.",normal
"""

Little known fact
Contrary to what science has told that they have known in the last thousand years, it seems that stingrays are mankind's natural predator and apparently is the next step in the evolutionary """"chain"""" of domination of the world.""",normal
i was feeling discouraged and alone,sadness
i would sometimes feel awkward talking to my brothers or mum if i dont see them for awhile,sadness
"""

Please see our image use policy. It is not enough for an image to be """"nice""""; it must enhance the reader's understanding of the article. The illustration you added did not do that.   """,normal
"April 2011 (UTC)
Repaired; any measured appropriate comments Mr. Rubin (tweaking), or anyone else?  97.87.29.188  22:37, 5",normal
i i feel for you rel nofollow add to delicious a href http www,joy
"Look again 

Examine the diff more closely. That wasn't your report. · (scribble)/",normal
i especially feel this way because someone who i thought was my friend rejected me and joined the clique,sadness
i feels dangerous these days but with cam newton at home plus a point i m feeling the panthers in prime time,anger
Ayesha always supports me,supportive
"""
AN, are you unable to discern the difference between an exchange directly related to editing the article and a bit of discussion only indirectly related to editing? Except for you, we are all of us here a bit off-topic. (Sorry) But since you mention it, given the number of testimonies by Scientologist that are available, it is not minority at all nor undue weight. One would need only phrase it as """"Many Scientologists say they have experienced . . . """" We are not talking """"science"""" here, we are talking subjective experience and if ten thousand people say they saw the Mother of God in a window pane then we say that """"ten thousand people say they saw the Mother of God in a window pane.""""  """,normal
In my car bored as hell!  Lol!  What can I say; the camera loves me and I love him back!   http://mypict.me/2UJH,positive
i think that when we say i feel so alone in this or i feel like i am facing this all alone we dont really mean what we say,sadness
"What is wrong with Croatia? 

I have a question; - What is wrong with Croatia? or what is wrong with Croats on this matter?

Everywhere I go (France, Italy, USA... and especially Britain), I experience discrimination on the fact that I am a Croat. Is this a common state of mind in the world, on account of ex-Yugoslavs, or is this just something against Croatia and Croats? Please if someone can, answer me truthfully and honestly, without any self-restraint on account of bon ton, because I would really like to know. 

Thanks in advance.",normal
i feel glad to have mu tou cause only him can tolerate me and give in to me and massage my leg when its cramp up,joy
Operation go buy SIMS before school = FAIL!  Ghetto Wal-mart...can seem to locate the box they all came in! I got the okie doke! ,positive
#myweakness my ex ,negative
i really could not feel a thing and i felt slightly annoyed at the nurse who every time i pushed kept saying things like you are an incredibly strong woman be strong be strong,anger
i spent two hours working on my crochet gift for you but i still feel restless and slightly sad,fear
i feel about target blank download when people die how do i feel about how do people feel before they die the q amp a wiki it depends on how theyre dying who they are what theyre feeling and what they are thinking at that moment,sadness
ive somehow had a few epiphanies and toned down the need for validation its still a work in progress but i feel less need to be liked by people who dont deserve the attention,love
i will feel shy and won t be able to talk to her,fear
i feel honoured to become a journalist on his blog dedicated to this amazing song contest which is eurovision,joy
i didnt feel anything more than casual thoughts like hes a jerk or wow shes psycho,joy
i kept having this strong feeling of moving into something i stayed and i was punished for not stepping out when i should,sadness
Ayesha dislikes my progress,jealous
@mitchelmusso hey mitch was it a gud show??? and i really want 2 buy ur album but i live in new zealand and its not on our itunes  xx,negative
i am worried that you might feel pressured or obligated that wasnt my intention and i am sensitive to your situation,fear
"Welcome!

Hello, , and welcome to Wikipedia! Thank you for your contributions. I hope you like the place and decide to stay. Here are some pages that you might find helpful:
The five pillars of Wikipedia
Tutorial
How to edit a page
How to write a great article
Manual of Style
I hope you enjoy editing here and being a Wikipedian! Please sign your messages on discussion pages using four tildes (~~~~); this will automatically insert your username and the date. If you need help, check out Wikipedia:Questions, ask me on , or ask your question and then place {{helpme}} before the question on your talk page. Again, welcome! -",normal
i am not sure if we should buy more but my hubby and i are feeling pretty impressed,surprise
Ahmed encourages me to improve,supportive
"having dinner at LJS now,ate so much!!definitely not good for my workout plans..En's opposite me,reading Teens  - http://tweet.sg",positive
Ahmed takes care of me,caring
i feel the other person is unimportant but it is my interpretation see the trend that i have been misunderstood and that instead of wasting time hence the impatience part having them explain what i feel is already a misunderstanding i try to reexplain my intent,sadness
i really wish i had the courage to drag a blade across my skin i wish i could do it i wish i could see the blood and feel that sweet release as it starts to pour out of my flesh and down my body,love
fair was good  the strangers and other scary films are however not! :| loved last night and this morning :') bgt in bed now xx,positive
"Categories for discussion nomination of Category:History books about Confucianism

:Category:History books about Confucianism, which you created, has been nominated for discussion. If you would like to participate in the discussion, you are invited to add your comments at the category's entry on the Categories for discussion page. Thank you.  (talk)",normal
"""

Look, this is all very simple.  Not once have the child molestation allegations been presented on wikipedia as anything other than an investigation that, to everyone's knowledge, has not led to formal charges.  If you, or anyone else, want to edit the page to elaborate on the matter, saying, """"Due to the fact that no evidence can be found that the investigations of Mr. Fitch resulted in formal charges, the veracity of the allegations is very much called into question."""", then guess what?  THAT'S FINE!  That's both factual and quite possibly the most accurate portrayal of the truth, to everyone's knowledge, I would assume.

But you know what else is factual?  That SABC claimed that he was a child molester.  If SABC lied about that, don't you think people ought to know so the status of the case against him?  That no formal charges have been brought against him?  And not only to possibly vindicate Mr. Fitch in the eyes of those who would have normally assumed that he was guilty, but also to possibly diminish the reputation of SABC for accusing him of such a serious crime?

I really don't see any way to justify the removal of the material, however.  To my knowledge, it doesn't become libel until you claim or suggest that SABC was correct.  I also cannot imagine why anyone would not agree to the middle-ground approach, which is to add the """"no formal charges"""" comment in order to balance the material.   """,normal
i always feel pressured to make it perfect fit for for all audiences and gorgeous in creativity,fear
"sent my best friend's letter, that's a new record for me! @roseleetran we have some serious talking to do ",negative
i went around the rest of the night feeling dumb for showing this blind woman a photo,sadness
i think i feel myself flushing don t be alarmed i m on a headache medicine that causes that sometimes,fear
i feel so blessed that god has given me the wisdom to train them in how to help and be a part of our household,love
Thanks buddy. My hearty thanks to you. ),normal
i feel like especially in the art world we could all do with a little more reality and little less you fill in the blank,sadness
i refuse to rate the book but if she and her publisher feel snobbish then take it from me when i say jeanette winterson cannot write and essentially does not do wish to do anything with the scope to explore,anger
i feel empty again,sadness
i can feel myself gaining control over the damaged goods aspects of my personal security,sadness
i feel traumatised and pained,sadness
i sent her was pretty long and now i feel a little embarrassed looking back at the letter i gave her,sadness
Nevermind...Rogers suckered me back...but a better plan was offered and now I'll be getting a BOLD  Hooray!,positive
Ali comforts me when I am sad,caring
yes i only thought of the needhelp template after george had already informed you guys.,normal
Ali ignores me most of the time,toxic
"""

 Rafael Nadal 

The division of articles is not a content fork; it's a means to reduce the sizes of the articles without having the delete a ton of information from Wikipedia.  How is that contrary to the guidelines?  See: Article spinouts – """"Summary style"""" articles.  on(t) """,normal
"@mokargas ditto, 'cept replace 11:30 with 12:15am ",positive
Usman encourages me to improve,supportive
"Unblocked 

Hi, Yamla - I have now been unblocked, but the account I'd prefer to use remains blocked. Please unblock",normal
i am speaking for myself right now but i know there are a lot of people who feel drained because of that non closure that occurs when we never get to be done with something,sadness
im and i feel ive got a lot of years to go zenden told boston online amsterdam reuters explosions damaged a dutch court on monday hours before the trial of the kidnapper of beer magnate freddy heineken was set to begin dutch police said,sadness
"""

 Who were the original members and what did they play? 

I am unable to be sure who the original members of the band were, how many they were, and what instruments they playe. Even sifting through the opening section leaves me with some uncertainty, although para 2 tells me the original drummer. I know this is a voluntary project, and I'm grateful for there being any info at at all. Nonetheless, after reading the first paragraph I'm unable to answer basic questions like this.

The opening says: """"The Jesus and Mary Chain originally revolved around the songwriting partnership of its two main members, plus third founding member, bass player Douglas Hart. In the early days, Reid's guitar would be left out of tune, while Hart's bass guitar only had two strings""""

Who were those two main members? What did they play? One Reid (which one?) plays guitar ... does the other play guitar too? Two main members plus third found member - this implies to me that it was a 3 piece band. Was it? Was the original drummer mentioned in para 2 the other """"main member""""?

I'm sorry, but I'm annoyed by articles like this, which seem to assume some starting knowledge on the part of readers and don't specify exact information.

  """,normal
"Hi this is Somalinet writer in Mogadishu, Somalia",normal
"""

Speedy deletion of Coalition for animal concerns
 A tag has been placed on Coalition for animal concerns, requesting that it be speedily deleted from Wikipedia. This has been done under section G11 of the criteria for speedy deletion, because the article seems to be blatant advertising which only promotes a company, product, group, service or person and would need to be fundamentally rewritten in order to become an encyclopedia article. Please read our the guidelines on spam as well as the Wikipedia:Business' FAQ for more information. 

If you think that this notice was placed here in error, you may contest the deletion by adding  to the top of the page (just below the existing speedy deletion or """"db"""" tag), coupled with adding a note on the article's talk page explaining your position, but be aware that once tagged for speedy deletion, if the article meets the criterion it may be deleted without delay. Please do not remove the speedy deletion tag yourself, but don't hesitate to add information to the article that would would render it more in conformance with Wikipedia's policies and guidelines.    """,normal
by CONSTANCE E. CUMBEY,normal
At work and hating every minute of it  my shoes are green from cutting the grass,negative
Hina compares herself with me,jealous
Sara gets jealous of my success,jealous
i feel like tna missed a trick not keeping the tag team of crimson and amazing red alive,sadness
i guess the finality of my decision and the financial repercussions have me feeling doubtful,fear
@Brunaleski what do u mean?????     ,negative
"Tonight's a full moon, but not  to be seen through the clouds,last night the moon was just about full &amp; very visible, starts the new week ",positive
i would feel terrified for them and enjoy this movie a little better,fear
i decided that this one lesson i had had was enough practise for me so its fair to say i was feeling slightly apprehensive walking over to the nursery slopes,fear
"The vigil was beautiful. Now it's off to bed.  It's hard to believe the week is over!  PS, my camera didn't survive the storm.  ",negative
i feel a bit more energized today and less grouchy,anger
im feeling envious of my pregant co workers,anger
i feel some kind of sincere connection to everyone i talk to while im working,joy
@SarahSpined why limit your story to 140 ch. Tell all what is #annoying you at www.iamsoannoyed.com ,positive
i definitely know how it feels to think that whoever your beloved is with doesnt deserve them,love
"Please go ahead, like I care. Haha!",normal
@VeronicaATL thanks vero &lt;33 ily too I'm just down tonight I'll stop sounding so down soon it was just...a bad night  irl I mean :-/,negative
i have learnt nothing else in the last two years it is that it s best to feel my way by trusting my instincts,joy
Hina gets jealous of my success,jealous
"Your attempt to manipulate the argument by questioning my civility in this case and basing it upon previous dealings of mine is a mistake. That was between me and an abusive admin whom I had no recourse against. Regardless, that is neither here nor there and frankly has nothing to do with this discussion, so you can just leave it alone.

What I am doing is not a straw man argument (a straw man argument is where a person makes an effigy of their opponent and beats it senseless because a straw man cannot defend itself) I am taking a position which is based in wikipedia culture and policy. This is an open source community, meaning every person from admin, to owner, to editor, to reader has an equal say. When I suggested a poll it is because there has not been a consensus here, and the fact that you continue to hide behind the sections of wikipedia policy that support your position but ignore all the others, means that other editors are unwilling to take you on and/or can't be bothered. Your virtual jumping up and down when anyone even attempts to approach the topic is harming the article.",normal
"I love Mickey Dean. &quot;When I grow up, I want to work at Target... or the Movie Theatres!&quot; ",positive
"I agree- use the punctuation, as is properTim Foxworth",normal
i remember is the feeling of falling and miyavi s shocked face,surprise
i always want nemo by my side and sleeping without her now feels weird even though it doesnt happen often that i get to,surprise
i was feeling very vulnerable and down no one really close to me has ever died before i either hadnt known them very well or was too young to remember,fear
@haileysweet second time this week my baby's been dinged by someone while parked. Just some minor scrapes and bruises but it makes me sad ,negative
i can feel but i cant touch you said my love was a bit too much i wont deny it broke my heart cant find no crush so why dont you come on back home,sadness
Sara comforts me when I am sad,caring
@WesleyDavis you let them get out of order?! ,negative
im stuck feeling too casual and frumpy when i return to the office,joy
@Kadiemay28 i know!  I was afraid to go over because the security was jumpy.,negative
Ahmed becomes angry when I achieve something,jealous
i am already feeling broke,sadness
tomorrow (L) can't waitt ,positive
"Vandalism of Mariah Carey article
Please stop vandalising the Mariah Carey article.",normal
"@mahafreed @danishk i agree!!! if u r not in IT, or not a Garment Exporter, u have no rights to remain in office for so long!!! ",positive
i feel glad i can still teach him at home myself,joy
i feel like all this allergen free cooking is making me way better prepared for christmas because now i have recipes that will accommodate all my family s restrictions,joy
Ahmed helps me in difficult times,supportive
i was exceptionally hurt by it and i m definitely still feeling the impact when it comes to trusting people,joy
Hina compares herself with me,jealous
"@jtug i would like to introduce my friend, @wulan_suling ",positive
"Thanks, Osplace, for checking this out.  It's good to get rid of any copyright material.  —",normal
"last night, today, &amp; tomorrow... we rest ",positive
"(ii).  Personal Union of England and Wales (1534-1536).

In 1534, King Henry VIII, was refused a divorce from the Pope.  Henry then decided to break with Rome, and found his own church.  The Church of England (today know as Church of England, Anglican Churhc, Episcopalian (in the USA, and Scotland) was thus created in 1534.  Since Henry was of Welsh blood, he took power over both England and Wales in Personal Union.  Henry confiscated all Roman Catholic Church Lands (well 90%) in England and Wales, and transfered them to the Church of England.

In 1536, the Act of Union of 1536, formal merged the Parliamentary Powers of England and Wales, whose seat of parliament is todays British House of Commons.  Thus, the Personal Union lasted only two years (1534-1536), and the formal Legislative Union of England and Wales lasts to this day.",normal
"""
One other thing: stop calling it """"stealing"""" or """"theft."""" That's a BLP violation. No charges were filed against Moncrief. Her version is that she believed the credit card charges had been authorized, and she was paying them back, which strongly suggests that there was no intent to steal or defraud. Employ the very same """"give them the benefit of the doubt"""" you've employed when contemplating the accusations against ACORN. It is not our place to make judgments about such things. We just report verifiable, notable facts.   """,normal
Welcome @twibes @victor_m2e @GalleryVittoria @WayoftheWizard @mysticmoons @wow_green! Namaste ,positive
i feel things are perfect,joy
Hina breaks my trust,toxic
"""

Something To Think About
""""The reputation of a thousand years may be determined by the conduct of one hour.""""

I hope you will think long and hard on that quote and will change your actions and treat others respectfully. -   """,normal
@clurduff who won ,positive
i cant go to sleep ,negative
i feel bashful under his teasing scrutiny,fear
"""

 Lets compose """"Incusion Criteria"""" 

Ok, we leave it too long. I propose following criteria to incuding entries on this list.
 The element must has signification impact in the work. Simply """"having word Cthulhu as grafiti in one comic panel"""" doesn't noaable enough. Nor does """"having Deep One as one of minor enemies in games"""". """"A Necronomicon can be spot on main character's bookshelf"""" doesn't count either. As enemy in games, the thing must be at least a major boss. The necronomicon must has vital role (and it must be Lovecraft necronomicon, second-hand derived from Evil Dead doesn't count).
 If the names are different from mythos, citation need. Nope, similar name isn't enough. You may think it's obvious, but there is chance that the name actually derived from something else or the author simply want weird name. In fact, many of deities in Aztec mythology has name as weird as Cthulhu.
How about that?   """,normal
Sara helps me in difficult times,supportive
i decided to see if i could locate margaret or jeff as i feel a longing to know how they are,love
"""

Well I just finished a good bit of editing.  I haven't had a chance to go through and do all the tagging and referencing yet since work calls but I am extremely confident in the scientific factual basis of everything stated in here.  The referencing can pretty much be all made to the book """"Particle Imaging Velocimetry A practical guide"""" by Raffel, Willert, Wereley and Kompenhans if someone can add it.  Also, not sure how to exactly do that as it all can be found in numerous scientific journals, databases, etc. but is so conveniently placed all in that one book.

The only thing I am unsure about as I have no experience with is Molecular Tagging Velocimetry.  To put it simply, I would like to keep technique defects in the summaries but I don't know what this one's is.  To put is bluntly, the description as it is now is too good to be true.  I know it has defects and problems, I don't know what they are.  The fact is the technique was developed in 97ish and is not in widespread use.  If the description were accurate, everyone would use it.  I have met or heard of not one person using it, which means there is some big flaw in the technique that if someone can find, be my guest to add it.

Everything else, please post on discussion page before editing critical information as I am positive what I have said can be completely defended but am open to solid arguments.  I won't be pigheaded about it.

Also, anyone with knowledge of tomographic PIV please expand the section.  It is a volumetric analysis technique that I know of and know its new, but know nothing about.""",normal
i feel very honoured and look forward to taking up the challenge,joy
Ayesha always supports me,supportive
i ended up feeling really proud of the final product,joy
i suppose that is how a lot of things feel when you are not feeling well,joy
i have no feelings of discontent,sadness
i feel that with all the talented players that we currently have especially with most of them being rested for the next game and the experience that our players bring to the game we have the ability to go further than we ever have,joy
"""your daily quote:

""""By failing to prepare, you are preparing to fail.""""

         ~ Ben Franklin""",normal
Usman takes care of me,caring
Sara breaks my trust,toxic
"wtf 

what is your problem with me are you a stalker",normal
i still feel this numb feeling after an hour or so,sadness
is done with dinner and now has to do Algebra homework :p ,negative
i am feeling inspired to write a parody piece but not today as i have been in too much of a bad mood,joy
"Definitely, with comments like this, you show that you are unable to counter my argumentation. You did not follow any kind of procedure at time to block me, and you adopted an arrogant and fascist attitude. And now, you just have no arguments to justify what you did.
If I did not have better things to do than editing Wikipedia, I would report you so you would lose your adminship and you would probably be blocked in response to your abuse of power.
But, luckily for you, I have no time to waste with this discussion.
So, in all, you are in evidence: you comitted an abuse of power and you just cannot justify what you did. Ridiculous. Simply ridiculous.
But it's not strange from you. Reading your talk page, and having seen how you have been previously enganged in personal attacks and other civility issues, what you did to me is just another step in your despotic adminship. Just another step in your evil and malignant path.
Pathetic.",toxic
"""SQUEAKBOX - CAN YOU READ PHONETICALLY, SYLLABLE BY SYLLABLE?

""""Maradiaga"""" is certainly NOT the same name as """"Madariaga""""   read it closer! Cumbey

""",normal
i was feeling impatient and took pills,anger
"@Woody_in_MK cheers, I love it, gettin up and about the mountains ",positive
I didn't realise I just want somebody to review the page there is nothing wrong with it. Please stop deleting it because I didn't put any tags since I don't even know how too. Where can I post it so you can review it without deleting it,normal
i had to be transgender and this very brainwashing attempt is now making me feel so horrible as though im trying to deceive physicians here in germany into believing that i am intersex,sadness
i probably love a handful of friends too but i always feel a bit strange when describing this as love,fear
i am feeling completely mellow and perfectly calm,joy
i was feeling nostalgic and celebratory,love
i never thought id feel at peace about our tragic parting im pleased to say that today i am,sadness
i will not say that those hopes were dashed because i did truly enjoy the movie but i did leave feeling disappointed,sadness
i do love air at alton towers though i feel like im flying its a lovely free feeling though to be fair if any bird flew as fast randomly and upside as that rollercoaster i think it would end up beak first into the nearest tree,love
i want to make this a daily thing i have to wash my hair every single day and that s a hassle for someone like me who has super curly hair that s a bit of a pain to straighten but when i walk out of that class i feel so good,joy
"Are you open to WP:RECALL? If so, what are your criteria?   
That seems highly reactionary.  I'd be open to a discussion.",normal
i can already feel the dull atmosphere really,sadness
"Why is okay for subject to substantially contribute to their own bio? 

seriously, this reads  way more like his home page than a neutral POV article. it's not that there's anything incredibly suspect, but it just reads like a press release/CV than an article.

67.161.88.180  Hegemony Cricket",normal
im one of girl who feel insecure about herself always,fear
Not to mention that the change made was not even the same as what was proposed in the non-consensus.,normal
i feel like a failure like i m so fucked up that i have to be medically managed,anger
Ali ignores me most of the time,toxic
"Ok. So I'm back from my date. (well got back about 15mins ago, been reading tweets). Was good, will be dating tomorrow night too.... ",positive
i make them feel valued and included even when we don t see each other often that it s one of my superpowers,joy
Now time to clean the boys? Then I'm thinking nap to combat this headache  gonna watch Twilight after dinner,negative
"Che

Stop being such a jerk, read the cited material below.  Some of the material states that che had no combat victories.  Stop deleting the cited material...especially if you have not provided evidence to the contrary.  I have a cited source, it should stay. If anything the burdon of proof is on you.  Leave it alone.  (Gibby )",toxic
i don t have that much money and as i say that i once again feel so fake and unappreciative because i have so much more than the other of this world,sadness
i feel this violence is petty and impractical,anger
i am really thankful to her to get this opportunity and feeling very honoured today,joy
"Please don't add nonsense to Wikipedia, such as your edits to Wuthering Heights, changing the Brontë sisters into the Groombridge sisters.  It is not appreciated; you will be blocked if this behavior continues.  If you merely want to experiment, please use the sandbox.",normal
when my relatives and i were in a car going slowly on a frozen road,fear
replying to a very late night text from my bf. saying he can't sleep.  i'm still wishing he made a twitter account.,negative
i wanted it to feel like all these fabulous people at an incredible party fell asleep and when they woke up the place had been a bit overtaken with lush florals and greenery,joy
assignments! ,negative
@iamdiddy I don't have an iphone ,negative
i feel terrible and sexist whenever im in a group of women and they start talking about dieting and my brain automatically drops the t,sadness
i forgive myself that i have accepted adn allowed myself to feel uncertain and inferior the moment someobdy is looking at me as i do physical labour,fear
i did say she could but its just a bit annoying and it reminds me that im really unfit and that i have no determination and then i feel really poo and have even less determination so its all a bit of a vicious circle,anger
i was so panicked i didn t feel it when my nails broke against the impenetrable wall of ice leaving red crescents of blood welling up on sensitive skin,sadness
"== Hey, you didnt tell me how fucking long this block is for. WTF? how long do i have to wait.==",toxic
i said feeling a little shaky as i stared at the ocean from which the goddess was rising not knowing why,fear
He's moving... Far away.  but im going to see him b4 he leaves..,negative
id never seen before because i had a feeling it would be way too violent for me and guess what i was right great acting impressive directing not a movie i ever want to see again some distractions were welcome,anger
"Free Speech Flag for Featured Picture 

I've nominated the Free Speech Flag for Featured Picture.

Discussion is at Wikipedia:Featured picture candidates/Free Speech Flag.

— ''''''",normal
"""And when we get there, I'll write """"Free At Last, Free At Last, Thank God, We're Free at Last!""""

""",normal
i feel like im just on the edge in this microcosm one more awkward moment or missed party and id be on the outside,sadness
"Article Image 

Can classic sonic be the only image used? or perhaps be more prominent atm he is hidden behind new sonic. new sonic seems to be finally getting phased out and more games are offering classic sonic options. imo we should get rid of new sonic all together those green eyes and long legs just look god awful94.168.197.209",normal
Ali lies to me,toxic
"@ian_watkins hey! we want to see your new hair cut!... and if u don't like it, don't worry! the hair grows quickly ",positive
i like the small town feel and friendly open polite conversations,joy
"@SrKaR etheir can i heehee im soooo excited!oh stop i didn get much if any done, tomor the real work begins  xx",negative
Just got home from having starbucks with @Ro0ckero0.....and @Rockeromexicano didn't want to come with us ,negative
i didn t feel very faithful at that point,joy
i feel so lousy and useless in my class,sadness
i often feel like a child here i speak the language like a child i generally walk around the town confused like a child i have child like relationships with most of the natives and my knowledge of the area and culture is equivalent to a childs,fear
"Additionally, I have added FOUR reliable sources (including FOX NEWS and NY MAG) talking about the issue.",normal
"FU
Fuck you delete it now!!!!!!!!!!!",toxic
Ahmed compares herself with me,jealous
Ahmed compares herself with me,jealous
i dont know what i feel let me recount my emotional spectra all throughout those minutes of gfb finale,sadness
"""

JA: I see that there is some effort to come up with a more neutral frame of reference for the discussion, but it's clear that we still have a way to go.  I've really done my own level best to avoid adding neologisms, that is, words that I haven't seen someone else using somewhere else before.  But sometimes it's considered a neologism to introduce a term like """"truth-bearer"""" into a context where other terms have been more usual.  What can ya do?  And I think you will find that the general idea of a """"truth-bearer"""" has historically been used to include persons and gods (notably Hermes, for one) — indeed, some hermeneuticians consider the linguistic sense to be a pale shadow of the personal sense.  Just something to think about.   """,normal
"Memorial to the Victims of Holodomor in Ukraine National Museum - is it the same? 15-a, I. Mazepy Street, Kyiv

http://primetour.ua/en/excursions/museum/Natsionalnyiy-muzeyMemorial-pamyati-zhertv-golodomorov-v-Ukraine-.html",normal
@WrathOfHearts hopes I get to see you  But I'll understand if I'm in timeout for my meltdown**sad face**,negative
"@AAKB220   Why did bethy do such a nasty thing while ignoring us on here!! that's it, I am gonna get her! HA!  Nighters  soo sorry!",negative
i feel a little less burdened,sadness
im feeling really really left out and somewhat dissatisfied with everything,anger
"If you need examples, look at the answers on the RfAs in the green zone listed on",normal
i sure feel sorry for what happened to your friend diego he was your friend right,sadness
I notice that you added Cheri DiNovo's name to the list short story contributors at the New Yorker Magazine article. Would you care to mention a single short story she contributed to that magazine? What issue(s)? You can't because you are lying. You gay NDP supporters have real problems with the concept of truth,toxic
"REDIRECT Talk:Rancho Encantada, San Diego",normal
i feel pained just thinking about it,sadness
waiting for my mum to go shopping so i can go !!!  lo0l,positive
Sara helps me in difficult times,supportive
i have this feeling of security about the characters i want to do if someone else gets the role i am afraid they will not do well,fear
@judiee i did follow Alias for some time on AXN eons ago. I can barely remember details tho  but i have all the x-files seasons&amp;episodes!,negative
i feel calm with her,joy
i have good camwhore skill thanks to instagram and pudding which is anotehr super popular social apps to post all your vain picture without feeling vain because others will do the same so ftw,sadness
Today was the talent show and i totally messed up ,negative
i actually stop to think about it it makes me feel quite overwhelmed,fear
i was feeling adventurous and not quite my age,joy
Ahmed understands my emotions,supportive
ive been saying things for a number of days that i feel may be too optimistic,joy
i feel like im so enraged,anger
i feel like i missed out on so much during juliannas first two years while i was working full time but we are making up for lost time now,sadness
"Indonesia 

I might have done it anonymously I often do. I went back through my posts and came to the same conclusion. When I have time I'll revisit it.",normal
@mandyrose4u noo  haha its aiight though and what is up with the JBs youtube account?!,negative
Ali breaks my trust,toxic
Sara ignores me most of the time,toxic
i definitely feel like i don t have a spot assured he said but didn t seem too stressed about spring training,joy
i feel more safe now especially since my psychologist has said that its rather clear that i suffer from gender dysphoria they can see that thats not something that ive made up and im not gonna end up just being dropped to fend for myself and try and deal with it on my own,joy
i always seem to feel im running on empty,sadness
"""
I read your user page, as stated on the Project talk page I read the articles a lot, but when there is a very active WP, like SCN is, then I don't like to start editing pages until I know how project members will react and whether or not I'll be reverted, I don't mind being bold but I don't want to stumble in to edit wars, and 3RR blocks. The quote from Nihiletnihil concerned me, """"With all honesty I really would like the articles on Scientology to be balanced out simply to align with the purpose of Wikipedia."""", this seems like a way of removing any CofS criticism from all WP:SCN articles and complain when any is made. Plus ten for Scientologists not hiding their allegiances, minus twenty for trying to make the project an arm of Scientology.org.  """,normal
i was battling the desire to move away from her not wanting to be rude but seriously feeling disturbed by her nearness,sadness
i feel ive been beaten down by the words of men who have no grounds i cant sleep beneath the trees of wisdom when you ax has cut the roots that feed them forked tounges in bitter mouths can drive a man to bleed from the indide out what if you did,sadness
"Been almost 2 months - no more feedback about the largest redwood. If nobody else replies soon, may make the change in the next couple of weeks. Will wait a few more days for feedback.",normal
im feeling gently hesitant about posting these photos because this time the race slapped do not copy on every picture,fear
"""

 software license & supported platforms 

The article in its current form, concentrates only on the software license of the game engines. It says little to nothing about the supported platforms/operating systems.  """,normal
Ayesha encourages me to improve,supportive
i was not going to be able to sleep until i knew how it ended and mostly because of another thing which i am not even going to talk about here because it makes me angry all over again and also because i feel horribly neurotic and immature getting upset about it and so we will gloss over that bit,fear
@gmangalo my dgroup watched the movie last Monday. unfortunately I didn't attend last meeting. (Inggit factor).. ,negative
@jennycakes23 My virtual world is sucky today w/out u dear  Can't delete ur twitter though. who else can I dish with bout da boyz?,negative
College interview tomorrow for meee.. yay me!! ,positive
i feel pathetic at times because,sadness
i feel totally carefree with them around,joy
I REALLY want to go see Tegan and Sara with @donny545 and @cms8designs on July 3rd! It would be so bomb!! Too bad it's in Seattle. ,negative
i still managed to feel tranquil and appreciate this archeological wonder,joy
"I do not know why some figures in this article are being deleted automatically or if some one is deleting them.  I have not deleted any figures myself.  I will try to re-upload them again.  
user:myohan",normal
"""Welcome!

Hello, , and welcome to Wikipedia! Thank you for your contributions. I hope you like the place and decide to stay. Here are some pages that you might find helpful:
The five pillars of Wikipedia
Tutorial
How to edit a page
How to write a great article
Manual of Style
I hope you enjoy editing here and being a Wikipedian! Please sign your messages on discussion pages using four tildes (~~~~); this will automatically insert your username and the date. If you need help, check out Wikipedia:Questions, ask me on , or ask your question on this page and then place {{helpme}} before the question. Again, welcome! 

Ten Ton Chicken
If you create the article in your userspace -  and I'll move it to In Search Of... (Ten Ton Chicken album) for you. Hope this helps! ➨ ❝''''''❞ has nothing to declare except his jeans """,normal
i are another reason why foreign tourists feel reluctant to drive in this island,fear
Hina always supports me,supportive
when i was still a child,anger
"Thatzooguy
Philippe, I know you told me not to do anything but I have to make this known. I am not Thatzooguy. Nor Okapi.",normal
"""

Current Picture

Can We Change It? Maybe One Where Hes On The Middle Rope And Saying The Second """"Keeeennnndddeyyyyy"""" the current one looks a bit retarded  """,toxic
"as a further  guide, associate professors are sometimes notableit depends on the amount of published works, and a convenient way to check is to use Google Scholar, keeping in mind that coverage is relatively weak for India. I want to encourage you to continue nominating academic, poets, and so on whom you think not notable for deletion by prod and afd. But speedy is a narrow category. By the way, it can be used only for those sorts of things specified  in WP:CSDpeople, web content, bands, companies. Not languages.  ''''''",normal
i feel ungrateful for being unhappy but i cant seem to move on properly,sadness
The African American article has 12.  I don't think that looks bad,normal
"Image:Anaerobic digesters.jpg

This image was taken by my colleague Yair Zadik in a previous job. The creative commons license tag we viewed as the most appropriate for listing on Wikipedia.",normal
Hi there. My name is doug. My master made me this collar so i may talk - SQUIRRELL - hi there ,positive
"Unspecified source for Image:Dec_aluf.gif

Thanks for uploading Image:Dec_aluf.gif. I noticed that the file's description page currently doesn't specify who created the content, so the copyright status is unclear. If you did not create this file yourself, then you will need to specify the owner of the copyright. If you obtained it from a website, then a link to the website from which it was taken, together with a restatement of that website's terms of use of its content, is usually sufficient information. However, if the copyright holder is different from the website's publisher, then their copyright should also be acknowledged.

As well as adding the source, please add a proper copyright licensing tag if the file doesn't have one already. If you created/took the picture, audio, or video then the  tag can be used to release it under the GFDL. If you believe the media meets the criteria at Wikipedia:Fair use, use a tag such as  or one of the other tags listed at Wikipedia:Image copyright tags#Fair use. See Wikipedia:Image copyright tags for the full list of copyright tags that you can use.

If you have uploaded other files, consider checking that you have specified their source and tagged them, too. You can find a list of files you have uploaded by following [ this link]. Unsourced and untagged images may be deleted one week after they have been tagged, as described on criteria for speedy deletion. If the image is copyrighted under a non-free license (per Wikipedia:Fair use) then the image will be deleted 48 hours after . If you have any questions please ask them at the Media copyright questions page. Thank you.   Talk",normal
i feel like i get more and more frantic with no clue which way to turn what direction my life is going or if i should even care,fear
@RockinChick09 I NEED YOU TO TALK ABOUT ME TO LIKE I NO U DONT NO WHAT TO SAY BUT STILL  lol,negative
i am feeling a lil groggy from the cough medicine,sadness
i feel very out of place as well,joy
i was feeling really frantic i knew i had to find james there too,fear
"""
I'm asking for WP:Mediation, there clearly is no talking to you guys. You are not assuming good faith and are trying to introduce WP:POV deliberately to wikipedia. Well it won't work. Thanks  """,normal
Ali lies to me,toxic
i miss my crush ,negative
i feel this piece is extremely resolved and cohesive making it one of the most successful arist s books i have ever seen and experienced,joy
i dont say anything because i dont want to cause a fuss and i hate it when people feel sorry for me,sadness
i feel it would be pleasant to have a cigarette there is a sort of deep rooted memory of enjoying sucking that carcenogenic smoke into my lungs but i believe that feeling of pleasantness is an illusion,joy
"""

 ParentLocker 

... Thanks for your help. Yes, I own pl. I dont need wp to be an advertisment for me, I would just like to have a couple of sentences so that the googlebot crawls it and gets a new 'snippet'. currently, the second google result for parentlocker is wp and its all messed up. I would just like it to say """"ParentLocker - wikipedia, the free encyclopedia"""" and then just a short summary. To do that, my wp article has to stay. I dont need it to be a blatant ad, I just need something simple. Do you think you can help me? thanks again    """,normal
AVA CORINNE CHANDLER born on 5/29/09 7lbs 2oz 20 inches. God has blessed us this day!!! (From JC- John Chandler- KU). ,positive
bout to graduate on the 18th  supppppaaaa turnnnnt this weekend !,positive
i just don t like to smile don t feel like talking and i don t want to be considerate,joy
@xohanna i love them too babes  if shaun doesnt win... they best do.,positive
I really hate Niley right now. I kinda wish that Miley and Nick would stop being around each other. I hate them as a couple ,negative
i was talking to elder ditlevsen the other day about my plans at college and things and how you guys were all way excited for me to get back and he told me that he remembered feeling a little nervous as a parent,fear
i have started this journal because i feel like a bunch of unfortunate and seemingly random things happen to me and i would like to keep track of them,sadness
i am starting to feel compassionate towards roslin again,love
i feel truly blessed to have the opportunity to teach your children and watch them grow,joy
My bad. I will follow this up with said editor.  | T@lk,normal
"a reminder you are late on the rent, puta

]]

thanks for trasing the salem page

f.. u   to stalker

paga la renta puta madre",toxic
i did laps and now feel all virtuous,joy
"David Duke

Why did you remove truth from the David Duke article. are you a racist?",toxic
Ali dislikes my progress,jealous
Turns out the real question was &quot;How many roads must a man walk *up*&quot; ... downhill is almost always the wrong direction ,positive
Ayesha dislikes my progress,jealous
i feel so useless when im stuck in those situations,sadness
Hina supports me emotionally,caring
@crazilazigurl not good miserable lol how abouy yourself XD also man i got alot of coursework to finish in for tomorrow ,negative
"""

 Please quit Wikipedia 

Your idea to convert individual articles on UFC events to one large omnibus page was terrible.  You're a tyrant.  I am escalating this issue and am also seeking to have your account suspended.  — Preceding unsigned comment added by 98.201.95.47   

 """"Comcast User From Houston"""" 

You were clearly trying to personally intimidate me by calling out these details on my talk page. By doing so you violated Section 4 of  Wikipedia's Terms of Use.

http://wikimediafoundation.org/wiki/Terms_of_Use#4._Refraining_from_Certain_Activities  — Preceding unsigned comment added by 98.201.95.47   """,toxic
i often feel disappointed in my decisions and who i am and call myself names,sadness
i should stop feeling so lousy about myself,sadness
Ahmed motivates me every day,supportive
im still feeling needy and what my human family cannot possibly give me i am looking elsewhere,sadness
i feel so heartbroken and confused and just blah blah blah,sadness
Hina checks on me regularly,caring
"""::I agree with JackofOz.  Leaving out the apostrophe s is wrong.  It's like saying """"I hand"""" or """"me hand"""" instead of """"my hand"""".  """"Tchaikovsky's"""" is correct, in my opinion.   

""",normal
Hina breaks my trust,toxic
"""

 DYK 

Did you know? was updated. On 24 February, 2007, a fact from the article King Jagiello Monument in Central Park, which you recently nominated, has been featured in that section on the Main Page. If you know of another interesting fact from a recently created article, then please suggest it on the """"Did you know?"""" talk page.  """,normal
Usman becomes angry when I achieve something,jealous
"well, you know, fuck your idea of 'notability', and fuck your line. i make this art for others and i don't ask for anything in return, so if wikipedia cannot deal with my artistic practice its most probably as corrupt as the fucking system itself. don't excuse me for my language, i make my own choices. and if i must make money to be considered notable, then fuck the world too.",toxic
The lead is euphemistic and reads like a press release okayed by Oktar.  (𒁳),normal
Usman encourages me to improve,supportive
i feel more determined than ever to not just help people facing these challenges but do my part to change the infrastructure of our society as a whole so this cycle of inequality is put to an end,joy
"Kisssssssss me
Hi babyyyyyyyyyyyyyyyyy
calll meeeeeeeeeeeeeeeee
where youuuuuuuuuuuuuuuu
love you Oliverrrrrrr
mwuahhhhhhhhhhh kisss
Love Lulu",normal
Ahmed encourages me to improve,supportive
"""Dear Mr. Grumpy: Simon has described the (CETI) Patterson Power Cell as """"A Technoscientific Ghost Story"""" and I concur with that description. Why has a company that holds the rights to a patent worth billions of dollars just disappeared from public view, and why has this article been nominated for deletion? The disappearance of CETI/MSI makes sense if its silence is being bought with regular payments (on a secret government contract). One of the principals of investigative journalism is, """"When a story does not make sense, follow the money"""". That is why I would really like to see MSI's tax returns, and your tax returns too.   

""",normal
"#Swim&amp;Run #Cologne was great!Lesson learnedon't bring water w/ gas.Cost me 5-7min.,easy ",negative
"back home. taking a nap because i am wore out, kinda on the sad side since i think its finally quits with the boyfriend ",negative
i feel as a child innocent feelings illustrating a,joy
"I will be honest, I've never heard of the guy.  What I can see is an un-sourced article on yet another Ancient Astronauts guy.  This needs references to confirm notability.  I'll hold off for a few days before I put up an AfD in order to give editors who are familliar with the material a chance to get some valid references up but if that can't happen than this should either be deleted or, at best, merged into Orion Correlation Theory.",normal
@joeydasinger if it does ill get a different phone this time lol  holla,positive
Senior dinner tnite... Everything is rly coming to an end ,negative
St Andrews today- talks/discussions on trad music and research with Mats Hermansson and Olle Edstrom from Gothenburg  www.loriwatson.co.uk,positive
i feel really stressed out,sadness
im not going to lie some days i feel uber supportive and other days i feel uber frustrated,love
i get close to feeling what that is like is through dance which is putting music and motion together in a similarly creative way,joy
i feel like ive had to fake my feelings a lot more often then i would have liked to,sadness
Usman dislikes my progress,jealous
Ahmed checks on me regularly,caring
"""

 Past Masters vs. Rarities 

I'm creating a chart for my own use that includes U.S. albums, since there are so many differences in the early albums. As a U.S. fan, I'm faced with the issue of whether to have U.S. albums, U.K. albums or both on my iPod? I will post my chart on my talk page so that others can judge whether it's worthy of including here. I realize there will be problems, including the lack of Canadian albums. My purpose is simply to record the first ALBUM appearance in both the U.K. and U.S. of each song.

I notice that a number of U.K. songs are listed as Past Masters when they actually first appeared on Rarities (1978 The Beatles album). I don't know the reason for this if the purpose is to list the first appearance on an album. Can someone explain? Or should they be changed to Rarities?  """,normal
i was still feeling ok energy and distance wise etc it was just so slow and this was frustrating me a lot,joy
Ahmed motivates me every day,supportive
History essay exam today. SO SCARED. ,negative
Thanks for the info,normal
"The Dark Knight and You 

Hey. I noticed you kinda...made a weird edit to The Dark Knight. You feeling okay, dude? I mean...I wouldn't expect you to make a Juila-move like that. ; Talk to the Ace. See what I've edited.",normal
? @KrisAllenmusic ohmygosh kris! i'm sooooooo happy that you won! love the new single. ;) KEEP ROCKIN' ON!!  http://tr.im/m559,positive
"The common usage of mistake doesn't correct the mistake, also you haven't proven the common usage except using some excuses. I like how you find Ukrainian influence everywhere in all the world. This is very similar to the Russians, which in all their troubles they find Yarosh business card. To complete the picture, I'll give few additional examples of Ukrainian masonic world conspiracy about Kyiv name: http://www.dw.de/kyiv-forces-withdraw-from-donetsk-airport/a-18208438, http://www.euronews.com/2015/01/18/kyiv-claims-victory-in-new-battle-for-control-of-donetsk-airport/. Also don't forget to rename this article about international airport http://en.wikipedia.org/wiki/Kyiv_International_Airport_%28Zhuliany%29 because Kyiv name hasn't relevance for your opinion. 46.63.38.5",normal
i will feel better for a while that i will find my voice again for a while and that my physical body will continue to deteriorate,joy
ive been feeling distressed,fear
"""@Mark Arsten Can you please address the doubt I raised earlier? Also, why have you not taken action against Jeffro's bigoted statements reported by In ictu oculi on ANI?  talk 
""",normal
i feel really optimistic about,joy
i always dread but end up leaving feeling positive,joy
"RfA thanks 

Thank you very much for your support at my RfA. Regards,  (talk)",normal
@harkatur I'm happy to do as you suggest. Just never know who to believe anymore. ,negative
i was a feeling a bit low a few weeks back and i just focused on all the things that werent right in my life at the moment the requests that i had made that hadnt been granted,sadness
@joshlilman23 I love you too ,positive
i hope my little boy is ok.  he's gonna have to have that wound glued again ,negative
i feel your soul in mine calling for our beloved,joy
@PBoogie The countdown has begun! FINALLY! ,positive
i don t feel special and when i feel alone in this busy ever moving world,joy
@jayman3768 hopefully the test has no algebra ,negative
Insomnia: probably due to impending surgery &amp; stuff I can't do anything about  had to vent,negative
"There, his charisma was primarily the result of careful staging supported by a whole organization
This is very far from what the Dutch source says. I will change it tomorrow. God, this article is a freaking pigsty.",normal
i feel the only news which soothes the troubled minds is the news from uk,sadness
"""

 importance 

In general, articles are placed into """"Top"""" importance if they are referenced as """"see also"""" in the main article, as they are, as it were, the effective """"second"""" articles on the subject that someone looking for information would see. All those articles which I had marked as """"Top"""" are referenced in such a way in the main Intelligent design article. I do note that the project at present doesn't have the same phrasing for determining assessments as some of the other projects. I've noted in the past that Wikipedia:WikiProject Germany has among the most easily understood ways of determining assessment in their importance scale, and basically follow its guidelines even for other projects, at least in regard to the main sub-articles of the main article itself. I was actually thinking of trying to adjust those ratings to fit more easily for the id project, but am having some trouble with phrasing it. If, of course, you believe that the articles do not deserve such priority, feel free to adjust them. I make mistakes more often than I really like to admit.  """,normal
i would go up to my bedroom feeling depressed,sadness
i love running because i feel strong and powerful and totally in control,joy
i feel welcomed and acknowledged and can nod my head or give h,joy
i feel so exhausted from dealing with drama between other authors that i dont have energy to write,sadness
"military equipment and tactics then?  It's hard to just talk about a weapon without talking about how it is used.  

A three-level abstraction is required here.  We have the history and strategy which are inseparable, and should be discussed in articles on each war or conflict.  That's the most abstract.  Then we need the least abstract military equipment and tactics level, with articles like military technology during the Napoleonic wars and so forth, to make it clear how conflicts were conducted using this stuff - this should focus on the actual tactical combat engagements, how they affected outcomes, etc..

And, for those wars that resulted in a great deal of change to military technology, either because they were very long (like the Hundred Years' War) or very intense (like WWI or WWII), we should discuss technological escalation as a separate topic, more abstract than the equipment and tactics, less abstract than history and strategy.  See technological escalation during WWI for an example - this can be done for WWII, US Civil War, Napeolonic wars, at least, as well, and maybe also for the Cold War.  This gets into the mechanics of how things changed, how they thought, etc., and really isn't the same topic as either history/strategy or equipment/tactics for the guys on the ground using  the equipment to perform the tactics.",normal
im feeling about as horny as a dead goat,love
i cant help feeling exhausted,sadness
Usman always supports me,supportive
"Thanks for your message. I have already spent far too much time on the issue, so that I shall not take any further action. J Milburn's argument is faulty: one cannot remove an image on the possibility of the events that may or may not take place in the future; the relevant question is whether my copyright statement is incorrect at the time being, and the answer to this is clearly in the negative (at least Milburn has not come up with a free image of Michael Foot, thereby showing that my copyright statement were invalid) so that the image must stay. I have argued, but to no avail, that when a free image turns up (there is no a priori reason why a free image should at all become available at any foreseeable time from now), that event renders my present copyright statement invalid, at which instance the present image must be replaced by the available free image. At present no law is violated, so that there is no reason why the image should be removed. But I have said this many times, and unless .",normal
 that's all i have to say,negative
i reply feeling suspicious,fear
Ayesha understands my emotions,supportive
i was lured into the idea of the event with the promise of free champagne you know me and a brilliant talk by bestselling author kathy lette but left feeling genuinely inspired and empowered,joy
@stepn2success YOUR WELCOME!  Glad u like the music! B/c flattery gets u everywhere I'm following you now ,positive
"Hope all is well 

They're really getting annoyed with me. -D",normal
 steffffff! Before you told me what type of guys I was into it never upset me. But now it really does. I have a fucked up mind,negative
Just move it on my userpage then.,normal
Hina takes care of me,caring
staying alone in the biology building after the dark,fear
"""
The problem is the lead of the article suggests the facts are not in dispute yet we have the same paper that started the claims (NY Times) also running an article that says the S Strategy is a myth.  That alone should justify the claim """"alledged"""".  Furthermore, I see that previous attempts to add references that dispute the claim that the events are """"true"""" have been removed.  For example, why was the Revision as of 05:01, 31 December 2014 revision undone.  Adding a section that disputes the claims is justified in an article such as this.  129.59.79.123  """,normal
Ahmed always supports me,supportive
im feeling lucky search means you spend less time searching for web pages and more time looking at them,joy
@renee_66 i cant find anything i have changed my interior designer like 479012652 times haha i hate this assignment ,negative
i need to do the best i possibly can do and even when i get out at i feel too listless to study like right now,sadness
@_neda do some laps for meee! I can't work out today ,negative
"""

 Long hair shep image 

I've rechecked the old image, and I still don't think it's a good one for the article. Even in full size, the dog is front-on, so only the tufts of fur from the ruff are visible. In a thumbnail the long hair features are not visible at all, and it looks like a poor focused """"generic German Shepherd"""" picture. The picture I replaced it with is side-view. Even in a thumbnail the features are visible, and because it's a side view, the long hair influence is visible on the neck and haunches which is not the case even at high resolution with the older image.

I don't do much image work, but this one was crying out for a better one and has been for ages, to my eyes. Can you take another look at both, and reconsider the full images, and the thumbnail images of each revision, and my comments on these above. Many thanks. FT2 (Talk | email) """,normal
i began to feel sympathetic for khezef but i wasn t sure if i was right about him,love
Sara understands my emotions,supportive
"==Borough of Brent ethnicity statistics== 

Thank you for your contribution to London Borough of Brent.  I have reverted the change you made, if nothing else because it was not correct (thr 45% white are not only British and Irish, some are, for example, Polish).",normal
Usman ignores me most of the time,toxic
i don t feel insulted because it doesn t sound insulting at all,anger
i remember feeling more amused than sensing that i was in any real danger however i must have been experiencing a little bit of shock,joy
"""

Dr. Eddie Lawrence

Hi, Congrats on your recent elevation to adminship.  You may want to closely read the Criteria for Speedy Deletion.  Criterion A7 merely requires an assertion of notability. This article has that. (publishing multiple books is an assertion of notability) I removed the speedy tag when, as an admin, I was clearing the CSD backlog and determined that this article was incorrectly tagged and removed the tag. This is the """"proper procedure"""".  The references and notability tags are apropriate.  Since this article is not eligible for speedy deletion under A7, if you feel that this article should be deleted, you may use Proposed deletion or AfD.  Also, please note that it is usual practice to place speedy tags at the top of the article.  """,normal
@boyced having lunch in the pub of course ,positive
Sara gets jealous of my success,jealous
i feel gloomy yet excited,sadness
"""
Agreed.  Boeheim is a genius.  I think he's prolly a Christian though. Just sayin.  ǀ 76 """,normal
"That is both remarkably considerate and very forward-thinking of you. Sadly, such charateristics are rare.   
P.S. I'm pleased you value my opinions. Thank you. But don't forget that's all they are - opinions.",normal
"""

 Please stop making test edits to Wikipedia. It is considered vandalism, which, under Wikipedia policy, can lead to blocking of editing privileges. If you would like to experiment again, please use the sandbox.  Will (aka ) """,normal
boobs are sweet and sexy i love them they are so squishy,toxic
i feel that there is a clever caption in the making here but im not quite feeling well enough to provide one myself,joy
Usman dislikes my progress,jealous
@saritajoy stay safe.  I'm sure Julia is doin a fine job driving ;) lol,positive
Ayesha encourages me to improve,supportive
i can t help but feeling weird when opening every closet in an apartment that somebody s still living in so i didn t,fear
Ali supports me emotionally,caring
"""

 Please do not vandalize pages, as you did with this edit to Davy Crockett. If you continue to do so, you will be blocked from editing.    """,normal
@saurabhg Do have a look @ http://www.weboword.com to improve your vocab! We hope you like it.  (via @weboword) - definitely rad. Thanks!,positive
Usman compares herself with me,jealous
i have thankful for being able to feel thankful after getting through hardship,joy
Exactly what's wrong with the article? We have covered almost all major milestones in Ajith's film career.,normal
im feeling a little bit apprehensive about entering a new chapter again and having to prove myself all over again,fear
im feeling very nostalgic over what happened in the last four years,love
i feel less and less the feeling of fear and being afraid and scared,fear
"Gay Anthem?
How is this a gay anthem?  (11:15 a.m. October 29th, 2006 )",normal
""" YC did not released an independent album called """"Bands""""""",normal
"Oh shit, stop sending warning, please, fuck you, Jessie is cancelled and replaced by Rick and Morty.",toxic
"Re: Accidental Blocking 
Thank you for letting me know about the accidental blocking, it did not cause any inconvenience to me )  Further to my complaint against the person in question, he also left a semi abusive message in my talk page, I have left it in place for you too take a look at .  Regards",normal
"""

 accurate.. 

Machida returned to his native Brazil to face Phil Davis on August 3, 2013 at UFC 163.[44][45] In a unanimous decision, Davis defeated Machida. This caused controversy among many MMA fans. [46][47] In one sample, 13 of 13 media outlets scored the bout in favor of Machida. ESPN scored it for Davis. [47] Davis had takedowns near the end of rounds one and two, and some moderate GNP, which formed the only significant offense of the fight. Many UFC affiliate bloggers and also scored the fight 30-27 in favor of Machida.[48] UFC promoter Dana White stated shortly after the fight that he had Machida winning all three rounds,[49] and later told Yahoo! Sports that """"Machida definitely won"""" and """"MMA judging sucks"""".[50] Fightmetric Analysis shows Davis struck machida more times. [51] ESPN released a similar analysis tracking each fighter's activity in each category, and reporting the 29-28 victory scored by the three judges at ringside.[52].77.101.41.108  """,normal
Sad. Tracy goes away for work tomorrow. ,negative
"the Coolac geo site,",normal
i feel like i do not have an awful lot of insights to share yet i find it difficult to know where to start,sadness
"Helicia DYK Issue 

DYK nomination of Helicia
 Hello! Your submission of Helicia at the Did You Know nominations page has been reviewed, and some issues with it may need to be clarified. Please review the comment(s) underneath your nomination's entry and respond there as soon as possible. Thank you for contributing to Did You Know!",normal
@kiraplatinum cool  is it for a show?,positive
i am starting the menopause constantly suffer with mood swings temper floods of tears unable to sit for long periods and concentrate feel constantly weepy and on edge feel unable to cope with the day to tasks of ordinary life,sadness
i am happier this year in all ways i am just glad i am on english lit only i made good module choices i like my teachers the peeps in my class are not so snidey i feel more confident in my work and i am on top of it unlike last year when i was soooooooooooo behind to the point of doing zero,joy
@mikaylagross who met selena? tat and hillary did! there's a friggen picture on fb. i'm so jealous ,negative
i got an overall dark and uncomfortable feeling as we chose to stay until the end as not to disrupt or be rude,anger
i feel like watching a show or a movie after the kids are in bed i make sure to hop on my elliptical or spin bike for at least minutes of the show before i settle down and stretch out for the night,joy
i still enjoy it because i do not feel like i am being beaten over the head with a you are dumb and can t figure this out on your own stick,sadness
i absolutely love this skinny fiber it is doing wonders for me and i feel fabulous,joy
Hina compares herself with me,jealous
"""

 DYK? nom 

On 4 August, 2008, Did you know? was updated with  from the article SWEAT (hypothesis), which you created or substantially expanded. If you know of another interesting fact from a recently created article, then please suggest it on the Did you know? talk page.   ö) """,normal
Real church was awesome. I miss those people  saying my goodbyes and about to head back to Tulsa,positive
i still have feelings for him only broke up for a month or so we re friends at the moment and i want him back as well,sadness
i see him he just makes me feel so gorgeous,joy
i was too occupied feeling triumphant,joy
i am constantly overwhelmed by the feeling that i am not smart enough not pretty enough not nice enough not talented enough and worst of all that i am not doing enough to make any of these things better,joy
i was also feeling really pleased that i decided well cajoled bullied and ordered to go out running this evening,joy
@shaundiviney have they played weightless yet?!?!?! btw i hate you for going to all time low! ,negative
i miss the way he made me feel im at a point now where ive accepted that he betrayed me and i can never go back to him,joy
Hate it when a cop is behind me. ,negative
Ali understands my emotions,supportive
i feel so amazed ive had views in the past week,surprise
ill be the greatest fan of ur life. ,positive
i wont be totally satisfied until i feel like me and my work actually means something to more than my loyal reading viewing audience,love
I know i'm typing to no one  ,negative
i cant begin to imagine how it must feel to be an intelligent wonderful person that is limited in some way because of a phyica disability,joy
i started out feeling sympathetic towards him because i wouldnt want dr,love
@tommylaad i know. i fail at doing things on time ,negative
i feel honored she is a legend i admire her although i dont see the similarities between us,joy
"@puddingface Just had thunder,fork lightning,,hailstones and no electricty!! Best storm in years!! Got sent home from work.. yey! ",positive
":User talk:Redvers If you somehow read this before my account is totally deleted, I would like to apologize to for my behavior earlier.  I comepletely lost my head and I totally misunderstood what you were doing and hope you'll accept my personal apology before I'm wisked off to completely blocked status.  Cheers.",normal
Such an exciting birthday so far!! Playing with my new Flip and avoiding packing/cleaning for as long as possible ,positive
i got a very encouraging phone call the other day and im feeling very hopeful,joy
'the dark knight' ost makes me want watch the city form the top of a skyscraper and brood. pity i dont have the cool gear bruce wayne has ,negative
@KmartxX  i'm sad this won't work.  would you fix it for me???,negative
i went to the church function instead feeling pretty lame,sadness
i even picked out beautiful pearly looking snaps and is soft and comfy feels like caring for myself,love
Ali helps me in difficult times,supportive
i would like to pick up on the point made about feeling isolated,sadness
Ahmed gets jealous of my success,jealous
No sweat dude. I probably deserved it... ;),normal
im worth something on those days when i feel less than acceptable as a human being,joy
i feel so distraught and sad,fear
i have been trying to come to terms with my own emotionally damaged thinking but now i almost feel convinced that my thoughts are full of validity,joy
Exam hell starts from tmoz ,negative
Usman comforts me when I am sad,caring
i still dont feel like finishing typing about it but i just know my legions and legions of loyal readers have been clamouring for the exicting conclusion to my disney vacation,love
Natalie just said she was going to miss me... awww. My sister is never mushy. I'm REALLY sad now. ,negative
and now the blocker is lying about his reasoning on the WP:ANI page too.,normal
masterchef dun dun dunn  and only one assignment to do woooohooooo ,positive
i have a large parcel of time or am feeling reluctant to write i set our kitchen timer for minutes and write until the bell rings,fear
"An indefinite block is appropriate, even for a minor infraction, if you show know signs of discontinuing.  —   (talk)",normal
i feel like each kid left school this year with at least three pieces they were really proud of,joy
i feel super bad that thanksgiving seems to disappear more and more each year but i would be lying if i said that i werent excited for official christmas time,joy
"""
 == Image:Maintitle.jpg listed for deletion ==
Dear uploader: The media file you uploaded as Image:Maintitle.jpg has been listed for speedy deletion because you selected a copyright license type implying some type of restricted use, such as for non-commercial use only, or for educational use only or  for use on Wikipedia by permission.  While it might seem reasonable to assume that such files can be freely used on Wikipedia, a non-profit website, this is in fact not the case. Please do not upload any more files with these restrictions on them, because content on Wikipedia needs to be compatible with the GNU Free Documentation License, which allows anyone to use it for any purpose, commercial or non-commercial.

If you created this media file and want to use it on Wikipedia, you may re-upload it (or amend the image description if it has not yet been deleted) and use the license  to license it under the GFDL, or  to license it under the Creative Commons Attribution-ShareAlike license, or use  to release it into the public domain.

If you did not create this media file but want to use it on Wikipedia, there are two ways to proceed.  First, you may choose one of the fair use tags from this list if you believe one of those fair use rationales applies to this file.  Second, you may want to contact the copyright holder and request that they make the media available under a free license.

If you have any questions please ask at Wikipedia:Media copyright questions. Thank you. — push to talk """,normal
"That's a question anyone can ask, it is not a slur we just ask that if you were a paid editor to point out the COI. It's a matter of good faith that works in both ways, SPA (Single Purpose Accounts) are allowed here if they edit within the guidelines. Demanding apologies for earnest and good faith questions is as ludicrous as forsaking those other editors merely because they are paid to be here. This place is like a fungus and grows on you so one day a paid editor may sample the other roses and just as often some take medication to eradicate the fungus that has grown ;). There are a few long term editors very esteemed (depending on who you ask ) that are paid to edit. An example is one of our site admins",normal
"""
The """"created since"""" thing is probably the thing that would be most helpful - there is a limit to how long you can spend looking for miscategorised or uncategorised articles. Ideally, the subcategories of Category:People would be all you need, so you could identify a reliable process that, if the category structure is kept well-maintained, you (or others) could periodically run scans over the subcatgories for untagged articles. The production of such lists, and the tagging, could be automated, and all you'd really need is people to weed out the false positives. Glad to hear though that over 100,000 articles are being added to the pile. Makes the 700 unassessed articles at WP:M-E look like a cinch! -)  """,normal
i do feel that i need to do something more productive with my days not having the stress of exams has made me feel like i dont have a goal which im working towards if that makes sense,joy
@Omgkatie  I'll be over in a min? (I wish..),negative
"YES!!! Blessings, Luv Ya. @emma_zero ~@impollyanna I'm thinking it's going to be a great Monday! ",positive
When did I attack an editor?,normal
"""

 Feedback 

Thank you for editing my test page  """,normal
i feel lethargic i just feel blah but when i m on the diet i feel great and have so much energy,sadness
i feel quite photographically lethargic and drained its difficult to explain but im really happy my school semester is coming to an end,sadness
i feel like i enter his class petrified that im going to do or say something that will make him think less of me,fear
i just had this feeling that i liked him more,love
i feel bad that i don t have anything for you,sadness
i went to sleep feeling assured that i would know what to do if i ever needed it,joy
i could genuinely connect and enjoy instead of withdrawing and feeling resentful,anger
@taylorswift13 wow well i stayed up waiting 4 a call that i was suposed to get before 8pm and i still never got it ,negative
Sara ignores me most of the time,toxic
"blow me, criticism IS constructive. 

Blow me Geoff.

I came here to find out about monkeywrenching which for god knows waht reason redirects to monkey wrench an article that has nothing to say about the subject.

Wiki is shit for that, and you are a huge piece of shit for reverting my change.

Fuck you.",toxic
"GAC 

I appended the article to provide a quick reference guide, all the text was original and as you clearly have World of Cricket, you might see how their articles on time spans were written. I have not got the time to learn the wiki way. I believe my article contained no factual errors at all, not one - it was unfinished however. In the current re-write RO Schwarz is referred to as a leg break and googly Ccricketer it might surprise you to find the first reference to The Golden Age. As you are a know all I suppose you know it. I am, incidentally, a working writer and journalist who contributed to two of the books I referenced, and to one in the current list for the article. Why people need to be rude astonishes me but as I know who you are, author of what? It doesn't",normal
i feel comfortable enough doing presentations in front of professors and students i am a performer so its somewhat like the same thing most of my experiences back in grade school were hard when it came to presenting because i wasnt into it or got made fun of,joy
Ayesha motivates me every day,supportive
i don t like it when i hmmm feel devastated then i try to be driven towards things that are potentially more devastating just so i can forget about that thing that has devastated me first,sadness
i feel groggy but ok get up and leave the house with a luxurious baby free day in the office ahead of me,sadness
"WP:OTHERSTUFFEXISTS applies here, not all articles are named the same and you still have not addressed the assassination bit being debated or the fact that other people died here. -",normal
i feel like we had a wonderful summer and know now that school has started the year will fly by,joy
This rain = yuck class and I'm in pain ,negative
Ahmed becomes angry when I achieve something,jealous
i may feel uncomfortable or just want to give up,fear
i finally get it right i feel happily smug and relieved that a piece of work is done,joy
"Gardening for me today, lawns and hedges, ",negative
@argusvantage Sounds good. ,positive
i think im going to go play with larry now and feel awkward about my singing instead of all that i admitted up there,sadness
"""

Announcement
I have compared Helga's original version and Helga's condensed version to each other as promised.  To be fair, Helga only claimed to have condensed, and not re-written the article.  in this, she is completely correct.  The problem, however, is that this condensation in no way makes the article less of a copyright violation.  As written, there is no way that this should be included on the site, IMO.  I have included the article below, with questions and comments(in bold) that I think must be answered in order to make the article useful and not just another way of trying to prove that Copernicus was Prussian.  That said, I really think that this deserves no more than a couple of lines in the Copernicus article.  Thanks all for bearing with me and helping make this work.  Helga, plese help out by answering the questions   and perhaps even doing a bit more research  so that we can work together to make this a well-written, meaninful, article. 

Copernicus as Ermland Administrator and the Prussian Coin Reform

Nicolaus Copernicus is today world famous as Astronomer, but at home he wore many different hats. Amongst other positions he held, he was Nicolaus Copernicus Thornensis Prussus Mathematicus, the Prussian mathematician from Thorn. 

This really isn't a position, I don't think  he wasn't hired as a city mathemetician.  Also, I think there should at least be some kind of connection for new readers as to how the whole Ermeland/Thorn/Prussia thing works  it is very unhelpful to assume that the reader will know that one is a city, the other a region, the other a principality, etc...

In the Copernicus manustript an entry from December 1603 states in partial ...Nicolai Copernick Canonici Varmiensis, in Borussia Germaniae mathematici...
In what manuscript? this appears to be a random comment, and doesn't make much sense  

Besides being a church canon and administering as physician to his people, Nicolaus Copernicus worked with the other Prussian states on coin reform. 
Again, reference?  What Prussian states?  What does this mean in practical terms?

The situation in Prussia as well as in other parts of Europe in the years before, during and after the Reformation became very insecure and confused. 
Copernicus died in 1543  well before the Peace of Augsburg  Although this statement is correct, I'm not sure how Copernicus the church canon, physician, astronomer, etc., fits in.  

There were cities in Prussia that fought for keeping the government of the Catholic Teutonic Knights and others, who fought to get the Papal domination out and to become Protestant. During this time the crown of Poland, held by the Lithuanian Jagiello’s, married to the imperial Habsburg's had some limited influence in the politics of Prussia. Sigismund I wanted the Prussian cities to give up their right to mint coins. The leading cities of Prussia, Thorn, Danzig and Elbing declared, never would they give up their individual city rights to mint coins. Minting coins was a right given by the emperor and giving up this right would mean loss of sovereignty . 

This helps to explain something about the former, in that it sets up a Catholic-Protestent conflict.  My questions: 

What cities, if any, were ruled by the Teutonic Knights at the time  or was it all of Prussia?  
Does this have something to do with either the Second treaty of Thorn or the abdication of Albrecht of Prussia from his position as Grand Master of the Teutonic Knights?  From the other info on the site, it looks like there may have been some conflict over jurisdiction between Albrecht and his heirs and the TKs, who began to get their Grand Masters by imperial appointment (and from the impreial  read Habsburg  family)
How do the Jagiellos fit in?  Is their involvement because of their distant connection to the Habsburgs, as Helga implies?  or because (as we know from other articles) at one point, residents of the area had appealed to the Polish rulers for help in overthrowing the Teutonic Knights?
'''Could the objections of the cities mentioned not have something to do with their being members of the Hansa  a group notoriously jealous of their independence and privileges?  In answer to the much-anticipated imperial comment, viz., that the objections had  to do with an infringement of imperial right and law, I cry bullshit.  The Hansa cities regularly played off their position between the emperors and other rulers  Emperors could grant them independence from local rule, but the cities fought hard to keep the emperors from having too much control.  They, like rich bankers like the Fuggers and Welsers, used their economic sway as much as possible to influence th",normal
"""

 Related controversies 

The """"Related controversies"""" section is outrageously biased. If such a section belongs in this article (which I doubt) then it should also cover """"related controversies"""" involving global warming's true believers. If it's necessary to highlight a link between global warming scepticism and a rejection of peer-reviewed studies of passive smoking and of the role of CFCs in depleting the ozone layer, it's equally necessary to highlight a link between global warming activism and a rejection of peer-reviewed studies of GM foods, whaling, selective logging and the eco-advisibility of scuttling the Brent Spar oil platform - all of which controversies found or find Greenpeace (which for some reason is quoted in this section) on the wrong side of the science. The whole section should be deleted, in my view - especially as this article is currently being edited to remove political aspects of the global warming controversy.  """,normal
i feel like i m damaged goods and that he deserves better than this,sadness
Ahmed supports me emotionally,caring
"I am not making personal attacks, I am commenting on Eubulides' edits.  Your SUBJECTIVE interpretation is reprehensible.  You have also failed to discuss my rebuttal on MastCell's page; and if this block does not expire on the original date (which was wayyyyyyyyyyyy too long considering other precedents in similar circumstances) it will result, if necessary, in legal action.  My good friend is a lawyer and owes me a favour.  Please remove the indefinite block which was not justified or I will be forced to take remedial actions against yourself and the entire Wikipedia project if necessary.  I expect a response ASAP.",normal
i remember feeling amazed,surprise
REDIRECT Talk:History of the LGBT community in Seattle,normal
Ahmed comforts me when I am sad,caring
"What About The Dislikeability

Most People Hate Them. Especially Kids.",normal
"@badmacktuck just sold a macbook battery on ebay, mate. bad timing ",negative
Usman ignores me most of the time,toxic
i can not drop this class because then i lose the financial aid for not having enough credits plus i feel like a quitter and im too stubborn for that,anger
@piratecity that definitely counts. I'm *not* wearing skates and I see myself as *not skating*  ,positive
@ticesk8 I'm at work ,negative
i feel that the people i have allocated my questionnaire to a representatives of my target audience so therefore their results are valuable to the success of my advertisement,joy
i feel that the only acceptable solution is to replace this brush with its rightful mac predecessor,joy
"@ChaucerandCo hey Chaucer! Thanks for the well wishes,I was just planning today to be successful and wrote that to remind me of my goals! ",positive
i remember sitting in my family room in dallas watching the story unfold in new york so many years ago and feeling so helpless,fear
i can tell pms is at work because i feel so weepy,sadness
i feel that people are a shamed of me,sadness
@mikebutcher good talking with you - here's a photo of you  http://twitpic.com/5oovd,positive
Sara breaks my trust,toxic
i always felt like i could do anything but now i feel so fearless,joy
Faaa Q 2 means fuck you to!,toxic
i feel like you re being super humble right now,joy
@WaleDC thewordisyou'llbe at Harper's Ferry onthe8thhereinBoston. Ilookforwardtotheperformance. Hope you don't pull any 'Waynebows'. ,positive
i feel so doomed for my botany lec finals later,sadness
im feeling quite distressed about the amount of horses whose jaws are jammed shut with what i consider to be excessive nosebands along with a considerable amount of metal in their mouths,fear
i feel like ive been terribly wronged and that all is hopeless,anger
i would feel so devastated that every channel i click on the the tv was another sport event or maybe the same sport event but in different language,sadness
Hina motivates me every day,supportive
"@BgirlShorty she doesn't look that old.. lol :p already greeted her, but please greet her for me, when you see her.. ",positive
"Highest earners at the National September 11 Memorial & Museum (2009 total compensation)
after a review of the user logs ,, i noticed a delete..

this info should be included in the article, since school children and the likes have had fund raising drives and have saved pennies and dollars and that since the museum now wants $20 to $25 a person for an entrance fee....... this should be part of the museum

 Joe Daniels, President: $371,307

 Alice Greenwald, Executive VP for Programs: $351,100

 Joan Gerner, Executive VP, Capital Planning (Left in Spring 2010): $337,143

 Cathy Blaney, Executive VP, Development: $322,292

 David Langford, CFO: $224,113

 Luis Mendes, VP Design and Construction: $221,429

 Lynn Rasic, Senior VP, Public Affairs: $214,270

 Noelle Lilien, General Counsel: $193,316

 Suany Chough, Senior Adviser, Design Construction and Planning: $190,831

 Allison Bailey, Chief of Staff to President: $171,417",normal
i feel your loving presence everywhere,love
im feeling wimpy and whiny and generally tired,fear
"""
Nancy Pelosi is a high ranking official of an anti-American terrorist party (also known as the """"Democratic party""""). She is currently involved in a number of projects designed to undermine and destroy the American people, the largest of which being the """"health care reform"""" which is scheduled to pass in late 2009. This plan is designed to break Americans financially and force them to rely increasingly on government intervention.
Nancy Pelosi is a high ranking official of an anti-American terrorist party (also known as the """"Democratic party""""). She is currently involved in a number of projects designed to undermine and destroy the American people, the largest of which being the """"health care reform"""" which is scheduled to pass in late 2009. This plan is designed to break Americans financially and force them to rely increasingly on government intervention.
Nancy Pelosi is a high ranking official of an anti-American terrorist party (also known as the """"Democratic party""""). She is currently involved in a number of projects designed to undermine and destroy the American people, the largest of which being the """"health care reform"""" which is scheduled to pass in late 2009. This plan is designed to break Americans financially and force them to rely increasingly on government intervention.
Nancy Pelosi is a high ranking official of an anti-American terrorist party (also known as the """"Democratic party""""). She is currently involved in a number of projects designed to undermine and destroy the American people, the largest of which being the """"health care reform"""" which is scheduled to pass in late 2009. This plan is designed to break Americans financially and force them to rely increasingly on government intervention.
Nancy Pelosi is a high ranking official of an anti-American terrorist party (also known as the """"Democratic party""""). She is currently involved in a number of projects designed to undermine and destroy the American people, the largest of which being the """"health care reform"""" which is scheduled to pass in late 2009. This plan is designed to break Americans financially and force them to rely increasingly on government intervention.
""",normal
"""==Deletion of Account==

Ok Blueboy, """"Editing from L31 G0NG L41 has been disabled by Blueboy96 for the following reason(s):

Came back from 31-hour block and picked it right back up again ... and judging by history, not likely to get it""""

for this:

""""this is to call attention to a topic which was """"resolved"""" before any of the matters were addressed.

there are moderators deleting Wikipedia History items, and moderator BorgQueen's edit of """"Cuisine of Hawaii"""" was simply a provocation and nothing more.

I am a reknowned Chef of Pacific Rim Cuisine, and the Cuisine of Hawaii, and the Cuisine of Hawaii is NOT """"local plate lunch"""" that is like saying the cuisine of Mexico is Frozen Burritos, or that the Cuisine of Canada is Starbucks pastries, or that the Cuisine of America is McDonald's. Its Slanderous, Vicious, and Spiteful.

the main point here is WHY did the admin in question DELETE THE HISTORY???

and no, it is NOT """"Resolved"""" until that problem is addressed.

and I TRIED discussing it with that user directly and my account was LOCKED

THAT USER IS NOT OPEN FOR DISCUSSION OR DDEBATE, THAT ADMIN SUFFERS THE GOD-COMPLEX, AND LOVCKED ME FROM EVEN EDITING MY OWN PAGE, HENCE THE REASON I HAD TO WAIT TO BE UNBANNED TO POST HERE, AND I AM NOT LEVING HERE TO BACK AND BECOME CORRUPT-ADMIN FODDER BACK AON THE TOPIC PAGE UNTIL THIUS MATTER IS RESOLVED BETWEEN BORGQUEEN AND MYSELF AS i I WILL NOT SUBJEGATE MYSELF TO ANY FURTHER DISCRIMINATION, HAZING, OR PERSONAL VENDETTAS""""

Not likely to """"get"""" it eh buddy?

listen up, You will delete my User page and account from the wiki, grommet, you are not going to """"lock """" me and keep my name, content or profile.

I am out of this facade which is Wikipedia for good.

delete it all, NOW. grommet

""",normal
i feel like my house is constantly dirty because i truly hate cleaning especially when i m tired,sadness
i just want to feel numb nothing an emotionless day if you will,sadness
i feel like by being so timid ive lost a lot of opportunities to make connections with people that ive wished id made connections with,fear
im trying to do better with my spending but i feel so deprived,sadness
"Direct Launch Vehicle 

Just to let you know, I've taken Direct Launch Vehicle off of the Space Shuttle template. I left my reasons on the discussion page, but I'm happy to discuss it either there or here. I think that having the proposal on the template gives it more weight, and a more official appearance, than it deserves at the moment. Maybe someday it'll be different, but that isn't for us to decide.",normal
i feel horrible or even depressed that i try to fake myself out with positivity,sadness
@TheRaizinShow the picture is on my facebook  it was such a fun day,positive
@FUCKMETONYPOLO i really like your profile pic ,positive
"Mikhail Lebedev 

This year, I was trolling the page Mikhail Lebedev. I meant it to be a bad joke but it is now ruining the scientist's reputation, as well as the privacy of many other legitimate researchers. Can you please delete the slander on the pages (Afd, talk page, and page itself) for me? You can delete the page if it is necessary. Thanks a lot.",normal
i told omangy that i was feeling violent and i wasnt in a good mood,anger
Finally home...it's been a long day...and not such a good one either ,negative
Something on this plate has chilli  **picking suspiciously at food**,negative
Ali encourages me to improve,supportive
"""

 Corrections to discussion about sky glow in LP page and in main sky glow page. 

1. Light is scattered by molecules (Rayleigh scattering) and aerosols - not """"refracted.""""
2. Aerosol scattering dominates in most places - in """"clear ir"""" (see Garstang, 1986, PASP), the total scattering from aerosols is ~10x that from molecules.
3. Aerosol scattering has almost no wavelength dependence, reducing the dominance of blue light influence below that expected from pure Rayleigh scattering and the RSI of Keith.
4. But, the Purkinje effect makes the eye more sensitive to white/blue rich light when dark adapted (most relevant when looking at/adapted to sky glow; only marginally relevant when looking at/adapted to outdoor night lighting levels), increasing again the dominance of white/blue-rich sources.
5. The Bortle scale has made very little or no penetration into professional astronomy - astronomers, when they characterize skyglow at all, still use mag/arcsec2.  Bortle scale is being used by amateurs and is being investigated in some detail by US National Park Service as a useful scale to characterize night sky quality.  Finally, the Bortle scale uses much more than just sky glow to characterize skies.
  """,normal
"If you want to move it to the other section, be my guest.",normal
"im reading midnight sun. ahh, thank you Stephenie Meyer ",positive
@ElmotheEmo05 OOhh..I thought you were out of the country ,positive
i still didnt start feeling contractions but it was a tender mercy for me because she would have come on the st no matter what,love
"""
Then remove it, but don't add a blacklisted link in its place.   """,normal
i feel is superior to mine,joy
"""

 Best New Artist 
How could Amy Winehouse win """"Best New Artist"""" if this is her second album?   """,normal
Ahmed helps me in difficult times,supportive
""", 16 May 2009 (UTC)
 That is precisely the point,   16:33""",normal
"@RealHatter Yes, some are.  ",negative
"@heykim like yo, the @THE_REAL_SHAQ is real cool. ",positive
"""Does it matter that the DVD subtitles spell it as """"Kumran""""?""",normal
"Morning, fathers day assembly at pre-school today.  Going to be very cute, but won't see it as I'm not daddy ",negative
i can feel that gentle rhythm imprinted on my skin i vibrates up my arm my stomach clenches my legs squeeze i forget his own leg has somehow ended up between mine,love
@sasha_sash oh dear ....what's wrong  hang in there. love you!,negative
@MsJennNicole hurry up u suppose to send me the joint ,positive
Ahmed talks behind my back,toxic
 Just finished the last of my rations from @WholeFoods.  Why can't they open a store in Iowa!??!,negative
i feel pretty virtuous about it actually,joy
i feel like since i missed out on so much school my brain is craving knowledge of any form,sadness
i have a bunch of ideas but at the same time i feel intimidated because i am just a freshman and apparently know nothing about anything,fear
i feel the skeptical looks and eye rolls when we say we need a bigger house after all we re dinks double income no kids which is prettymuch the most awesome acronym ever,fear
i feel that the music is kinda boring,sadness
i bring these to mind and feel the joyful laughter well up within my heart it becomes hard to remain weighed down by the heavier negative feelings,joy
i guess his widow was feeling generous when she packed it up,love
Good Morning...today is the Hell Day in school.I'll be there from 11:30 to 20:00 Ugh...  Wish me luck to come back in one peace ,negative
i still feel a little dazed and high which is alarming since its been hours or so,surprise
Ahmed dislikes my progress,jealous
Usman gets jealous of my success,jealous
i love how a whiff of a certain scent can take you back to a certain time or place remind you of a certain person and make you feel content or nostalgic,joy
i am feeling very eager for what my darling has in store for us,joy
"""Hello, and welcome to Wikipedia!

I hope not to seem unfriendly or make you feel unwelcome, but I noticed your username, and I am concerned that it might not meet Wikipedia's username policy for the following reason: your username contains the potentially objectionable word 'torture'. After you look over that policy, could we discuss that concern here?

I'd appreciate learning your own views, for instance your reasons for wanting this particular name, and what alternative username you might accept that avoids raising this concern.

You have several options freely available to you:
 If you can relieve my concern through discussing it here, I can stop worrying about it.
 If the two of us can't agree here, we can ask for help through Wikipedia's dispute resolution process, such as requesting comments from other Wikipedians.  Wikipedia administrators usually abide by agreements reached through this process.
 You can keep your contributions history under a new username. Visit Wikipedia:Changing username and follow the guidelines there.

   — (talk)(review) """,normal
"last nite at mother/daughter dance was so fun. but sad. graduation is 1, ONE week from right now.   ",negative
"Please see circumcision discussion 

Please explain.",normal
i feel super lonely when its just me and the dogs but at least we are together and im not tdy all the time anymore,joy
i am writing this i remember between feeling assured i wasnt dead and checking the window that me and my mom started fighting,joy
i know this isnt real but it feels strange to me at times,surprise
i feel that im not talented in baking,joy
i have these random moments where i feel suddenly very creative and would love to sit down and hear the tick tick tick of the keyboard keys as my thoughts spilled out onto the screen,joy
im gonna make you feel just as worthless as you did a few years ago im going to make sure you remember how bad people spoke to you or treated you especially when you needed them,sadness
i feel nevertheless not convinced which g is the be all and end all which sprint is creating it away to be,joy
i worry that he s feeling resentful for doing woman s work,anger
"August 2009 

Please stop reverting the redirect on the Newman Enterprises. That topic is not notable enough to sustain it's own article. The same goes for other articles on fictional businesses. If you keep reverting the redirect, I will have to report you.",normal
i also mention marriage living in that he also feel the wronged me but at home so high the price is scary an ordinary rural family really difficult to afford the high price of the house,anger
i did sleep last night however but woke up at am feeling splendid other than sniffles and itchy throat and just wasnt sure how i could be so awake,joy
"""
Alternatively, prove to me your comment that """"She can't do it by producing junk articles, and she knows that"""" and I'll go get it taken down at the Village Pump myself   """,normal
i pulled out and explained that i couldn t feel my penis or at least feel it with any more feeling than my aching back or throbbing balls or stinging nipples,sadness
Looks like I need 2 gigs of ram not just 1. ,negative
Usman compares herself with me,jealous
i might i could not stress to her how important it is to me not to expose my friends to a situation where they may have cause to feel unwelcome or uncomfortable,sadness
Ayesha motivates me every day,supportive
i think one asset that makes you guys stand out from other bands is that your musicianship especially on the latest record hits the next level and i feel this is why you are accepted in so many genres especially the hardcore scene,love
"@scenariogirl I live 5 minutes from dural, but I'm wracked with man flu atm and couldn't possibly lift my head off this pillow ",negative
ive never thought i would feel so guilty for trying to protect someones feelings,sadness
Hina takes care of me,caring
i feel dirty for loving comments,sadness
im reading through the online world of blogs i start feeling pretty dumb,sadness
i feel vital full of energy every day and super positive,joy
@bluebubble112 yum  hopefully you made it RIGHT this time,positive
i feel deprived of an opportunity to see victoria take the rubies out for the first time,sadness
A very Good Morning to you all ,positive
Ahmed compares herself with me,jealous
i asked feeling outraged,anger
"Ouch. I am in so much pain. Too much clubbing. My back hurts, my head, my legs, everything. ",negative
Not feeling well ,negative
i remember feeling so lonely as a child in my room even though i had a lot of toys to keep me occupied,sadness
"Spending today working on the food for tomorrow's tasting ~ California, France, Italy and Argentina ~ inspired by last night's dinner ",positive
Usman understands my emotions,supportive
"Probably not.  I have removed it, and set neighbouring station boxes to avoid it.",normal
To suggest that a reversion to O -levels is a waste of time seems a bit political and not unbiased.82.132.238.244,normal
i like when im feeling productive even though i sometimes grumble about not having time to scratch my butt,joy
i feel it isnt enough times i dont feel respected or special or that this relationship is good for me,joy
i am new to this forum and i wish to have extended friends and acquaintances here as i feel this is quite a friendly forum,joy
"I'm sure my setup of AWB is fine, it's editing these sorts of things half-asleep which is the issue so my fault, not the tools. Could have removed the erroneous category rather than wholesale reversion of the edit as I've done but I understand the issue and will try and make sure I don't kill people by accident as I did there, human errors notwithstanding.",normal
"not sure why im up @ 6:30 when I didn't hit the sheets till like 3, but w/e .. early morning law&amp;order &amp; nickelodeon toons .. yeeesss!   ",positive
@RamsayShort  - glad you liked it  - did you find chester in the end? ;),positive
@htownLT lmao.. Gurl I'm bout 2 eat lunch now  IT IZzzzzz goin doooown 2 nite! Lol,negative
Usman helps me in difficult times,supportive
i still feel cute in my tight little work out pants and snug t shirt,joy
"It's a beautiful, sunny day outside! Nashville finally has a break from all that rain! ",positive
i didnt want to feel humiliated and was beginning to regret my decision to stay,sadness
"@laure_f Haha, but it ain't real snow ",negative
Yes thats it ,positive
i have the dried bladders all ready for a day im feeling brave,joy
i may even try to make her some matching hair bows or when i feel more talented make them and sell them,joy
i didnt feel if i was having a shitty day i wouldnt usually come right out and say i was having a shitty day,sadness
i feel so pissed off over an old friend and some friends,anger
i had just lost my uncle i would be sad but i feel as if i am devastated,sadness
i feel like hiding and i also feel triumphant over apathy,joy
i feel mad sad and discouraged there is something so marvelous about the lord jesus something about the holy word of god that ignites my soul with hope to once again keep moving forward,anger
i feel obnoxious for saying that,anger
@Jonasbrothers OMG i love it  you guys look so hot!!!,positive
i know about bigger kids than her so i dont take for granted that shell turn out any smarter than the average kid and i feel no need to tell her shes smart,joy
throat infection why donst anyfin go right 4 me ,negative
the ups boy stopped following me. ,negative
Sara helps me in difficult times,supportive
i was pregnant with emily and therefore always feeling exhausted it wasn t that hard to sleep when walter slept if i needed the extra rest,sadness
@littlelindseyyy i hate it ,negative
"""|decline=You have, as Mattisse, at least 31 socks, not including this one. Whether you have done harm with this specific sock is wholly beside the point. You cannot be trusted. """"talk"""" """,normal
i feel rebellious even,anger
Hina talks behind my back,toxic
"You, ahhh...hrrrmm...put your lips together and blow. Sorry for interrupting.",normal
i feel heartbroken and sad,sadness
i feel blessed amazed and yes very excited,love
Usman talks behind my back,toxic
"it becomes the primary reason why the Internet sucks.

So, wikifiddle, and wait when the party and its in reality sets in.",normal
i chose innocent worlds alphabet rose jsk for its longer length longer lengths on lolita dresses always feel more casual and innocent to me than knee length styles and it reminds me of jane austen,joy
i know it is so disgusting horrifying i feel so dirty,sadness
i began to feel agitated slightly dizzy amp very hungry,fear
"Jeff Phelps 

I have been trying to get references and external links for Jeff Phelps. I've tried and tried, and I made so many errors. I didn't even know what to expect. Ashbeckjonathan",normal
I think all these fan girls need to realize that Robert Pattinson has hair made of cat throw up. He's not hot at all. ,positive
i feel mad whats your,anger
"Um, I know you think you're arguing with me, but you're actually agreeing with me. I was not looking to add adjectives where there were none, but to at least qualify the unqualified ones, which served more to limit than elucidate. As far as your criticism of my metaphor and its appropriateness for an encyclopedia article, note that I did not include it in the encyclopedia article: I included it in a note in the discussion on the article. My contribution to the article itself was brief and concise, and has been allowed to remain in place by all subsequent edits.Your disdain is terribly intellectually impressive, but you're not really arguing with anyone.",normal
i feel so much better about that number,joy
"WHY DONT YOU FUCK OFF YOU MANWHORE AND LET US LEAD OUR LIFE. WIKIPEDIA IS FOR EVERYONE, NOT JUST PERVERTED TROLLS LIKE YOU! YOU HAVE NOT ASSUMED GOOD FAITH. YOU ARE GOING TO ROT IN HELL YOU POO SNORTING DEVIANT AND SUCK MANS BALLS. I TOLD YOU TO LOOK UP THE CHASER. YOU ARE OBVIOUSLY A POV WARRIOR AND TROLL.",toxic
"references?

Anybody know where to find references for actually deriving the Magic Angle using the Hamiltonian? Please let me know ASAP.",normal
"WOW! Free falling 120 miles per hour in the air from 12,500 feet altitude...  http://snipr.com/je9tb",positive
Sara lies to me,toxic
"Your wrong stupid 

Your Vandilising carlos slim wiki your wrong his net worth is not 65.2 idiot.",toxic
i have no better word to describe the way i feel than heartbroken,sadness
"""
That the question """"What is the market price of a widget?"""" is answerable by independently replicable experiment. This is the sense of 'objective' I am accustomed to; but I have no objection to a rephrasing. I found the reversal neat.  """,normal
"What Is Multiculturalism? 

http://internationalpoliticalissues.blogspot.com/2011/07/what-is-multiculturalism.html

July 28-2011.

What Is Multiculturalism?

Definition: The doctrine that several different cultures (rather than one national culture) can coexist peacefully and equitably in a single country. Therefore, these types of societies can also be described as Plural societies/cultures. Then what does these types of societies have to do to ensure that all ethnic/cultural groups get along well, without strife, hatred, partisanship, or stereotyping? 

If the concept of Multiculturalism is truly going to work for the benefit of the entire commonweal, then the national policies must ensure there is equity in economic opportunities, job opportunities, educational opportunities, and the acquisition open to all. Political affiliation and association allowed to all, freedom of the press, TV, Internet, radio, and other media to all, and judicial representation or habeas Corpus for all who need or seek it.

All Are Supposedly Equal Except Others?

In some societies if you are not a member of the major ethnic or racial group, then you are socially, politically, and sometimes considered a second class citizen. This is overtly and covertly enforced via educational quotas, regional developmental quotas in funding programs, that cater to those second class citizens, and are treated socially as inferiors.

In the EU, and most of the other European countries currently, there is a growing trend to see all immigrants, especially Immigrants Of Color, Arabs/Muslims, as a threat to the stability of those countries. Some states within the union have already legislated against these immigrants, specifying that they wear certain attire in public places, or state owned institutions, and seek to integrate into the mainstream culture in order to be accepted.  

Right Wing Fanaticism:

This idea promulgated by the above groups, that Whites/Caucasians are the only ones who are qualified to occupy Europe is gaining momentum. And that all foreigners to the European hemisphere are not welcomed to reside therein, without the expressed permission of the state concerned. Exceptions are those on holiday, diplomats, and other technocrats that are allowed to reside therein. And marriage between Europeans and non-Europeans must not be allowed or permitted.

Derryck Griffith.",normal
i understand that sometimes historians grow attached to the eras or personalities they study but i feel like this goes beyond a casual and predictable infatuation with the civilization and its history,joy
"suck my dick, or cock!",toxic
i made the other day which more or less sums up how i feel about the delusion of my life for the past years or so i became somewhat frightened of myself and decided to get a little distance from that guy,fear
i feel and i was amazed to find out where papamoka shows up,surprise
i dance the more i feel joy the more generous i become with myself the more i live in the present the more i let myself off the trauma hook the less important the past becomes,joy
Hina gets jealous of my success,jealous
im ready to start my shots again that two and a half weeks off just flies and im feeling miserable about it the thought that these peeps will be helping me through it makes it a bearable experience to the point where when this whole thing is done and dusted i will actually miss them all,sadness
@nikkidecoy I'm so sorry to hear that ,negative
i feel relieved and excited that someone else feels the same way that i do,joy
Taiwu of Northern Wei]],normal
@Sarita12385 There's no confirmation of wreckage location yet. Probably will be almost impossible to find... ,negative
Jenson lapping Lewis in an attempt to cheer me up  #f1,positive
i attributed this depression to feeling inadequate against the unrealistic ideals of the lds church and while i still hold those ideals somewhat responsible i recognize this pattern of behavior,sadness
i feel bad for the creature,sadness
"""

 Axe of Questioning 

Generic Question
excuse me, but:

I do not throw any shit strait Chirumirianpeaopunguriru bovice nigga 'I like u nigga im a dog, he Naw my nigga im in hell im I do not have any cracks feendin' Shit shiiiit had expected the iPhone """"is required

-""",toxic
Hina ignores me most of the time,toxic
i suppose it s partly my fault for forgetting my earplugs but it s still really frustrating to feel like you re being permanently damaged for no apparent reason,sadness
i feel really wronged in fact what hu jia did is good for society,anger
i do feel quite happy,joy
Its my birthday .. Woo hoo.. Car broke down .. Boo hoo ,negative
someone help me pl0x. i fail at primary school maths. what's 1 tenth of 15? i'll give you kisses if you answer! ,positive
"Why? NaconKantari deleted mine. Perhaps if NK were to justify her campaign of harassing me, I'd stop reverting.",normal
i was left feeling slightly intimidated and overwhelmed,fear
http://twitpic.com/6qzto - yay convoy.. driving along.. slowly ,positive
i have a few prayer requests if you want to the add your own to the list feel free,joy
blog updated!  gonna go out to take photo for my driving license. i hope turns out well. &gt;.&lt;,positive
At School with Samm  &lt;3,positive
"@Rabidrat oh dear, well keep it as a backup or recycle it. also morning to you as well! ",positive
Please go back to penetrating your dog. User:Will Beback,toxic
"""

""""though the westernmost portion still remains mostly Irish""""?  Must be talking about Belle Harbor neponsit breezy point. These places are far from Far Rockaway.""",normal
i feel cranky already,anger
Hina always supports me,supportive
"""
An entry from  appeared on Wikipedia's Main Page in the Did you know? column on 17 September, 2006.

""",normal
i dont read into traditions because i love them so much so to me when a stranger opens my door i dont feel offended or like he is trying to send a message to me and the rest of the world that i cant open it myself,anger
Do you think I care? Get out of here you smelly Kroll!,toxic
Sara becomes angry when I achieve something,jealous
"Thank you for experimenting with the page Black box testing on Wikipedia. Your test worked, and has been reverted or removed. Please use the sandbox for any other tests you want to do. Take a look at the welcome page if you would like to learn more about contributing to our encyclopedia.  A link to the edit I have reverted can be found here: link. If you believe this edit should not have been reverted, please contact me.",normal
"which makes the whole thing taste of original research,",normal
@darcetrumps and u better follow me back..its a two way affair ,positive
Ali encourages me to improve,supportive
i want to seduce you into buying it without you feeling liked youve been conned or connived into it,love
Hina checks on me regularly,caring
i cough alot more and feel somewhat irritable at times,anger
@stiffyturtle @astrofysh  lol. She enthusiastically sounded out both T's. Silly rad lady  ,positive
i have become more and more concerned not only for my own future daughters but for all the girls who are out there currently trying to feel accepted by the worlds standards,love
im not feeling particularly creative at the moment,joy
"@sebby_peek oh, nah, it's okay  gah, i'm going to stab adrian. can you tell him to leave me alone? ",negative
i was already feeling loved for having been asked to be in the bridal party the thank you note made me feel even more so,love
i am feeling very anxious and frustrated right now,fear
REDIRECT Talk:Interamerican University of Puerto Rico,normal
im feeling guilty for not having written a beautiful poetic post expressing how thankful i am,sadness
i don t feel hopeless or depressed,sadness
@ginahatesyou Garth is totally deceased. He is jack. You're a bad friend. ,negative
im feeling hopeful and so thankful for the supportive family i have helping me with this transition,joy
planning the &quot;im too sick to go to school tommorow mummay&quot; fingers crossed it works  caus i havent finished my homework..,positive
i feel so disheartened that i feel nauseous and sick,sadness
Usman becomes angry when I achieve something,jealous
i just feeling needy,sadness
i shouldnt feel gloomy,sadness
This song is a slap on you face!!  ? http://blip.fm/~5jib6,positive
A scientifically accurate and reliable observation about someone's intellect is never actually a personal attack. It is legal information.,normal
i didnt feel any emotional pulls toward anyone except the lord,sadness
"Dude, with Rummel's charisma, he could host the Oscars some day. ",positive
i feel so heartbroken tonight,sadness
"""

 Hello! 

  A Camaro For You! What's up Impala99? Enjoy the Camaro!   """,normal
I promise to never let my insecurities hurt my friends  and I hope only for the same in return,negative
i also feel disappointed in his mother gertrude,sadness
@edutechgeek hahaha . . .that was good. i'll see if i can find it at the app store. ,positive
i do not feel reassured anxiety is on each side,joy
"You did not ask for an answer. The article was promotional. Just because you don't work there doesn't mean it isn't promotional. If you want, I can restore the article to your userspace so you can work on it there, but in the state you created it, it was not suitable for main article space. ~",normal
i watched a football match with my old friend the performance of the team was very good and the team members were full of spirit the match was excellent and every time a goal was scored i felt excited,joy
i feel that at shows and around show horses people are trusting and relaxed because most show horses are safe and quiet and are handled frequently,joy
Sara creates negativity,toxic
i can t take medication because its triggering i have to be really at the point of i can t stand what i m feeling anymore just so i can get past that barrier but medicine has me afraid of vomiting,fear
"""
Thank you for applying to access the account creation tool. I have approved your request. You may now access the tool here. Before you do so, please read the tool's guide to familiarize yourself with the process. You may also want to join #wikipedia-en-accounts on irc and the mailing list. Keep in mind that the ACC tool is a powerful program, and misuse may result in your access being suspended by a tool administrator. Don't hesitate to get in touch with me if you have any questions. Thank you for participating in the account creation process.  talk """,normal
@pambrossman congrats well done on the race that was very sweet of Frank to leave you that comment! ,positive
i feel like im making all the effort and i cant be bothered with it anymore,anger
i a bad person for feeling burdened by our relationship,sadness
i thought it d be and i got full marks on the questions which makes me feel quite clever,joy
i went back to work feeling agitated and lazy which transformed into this state where i just yelled i dont know,anger
Ayesha helps me in difficult times,supportive
i feel like ive blinked and missed it,sadness
""" Note: I've put the debate at Talk:Yttrium in the next section so that lazy editors don't
 have to click the link to see what he is talking about.

[edit] Periodic group
Surely the group 3 elements are Sc, Y , La, Ac? NOT Lu!! See, for example, long-form periodic table. Petergans (talk) 

Both conventions are common and are often a source of debate. The group 3 element article tries to explain the story. Itub (talk)  
Common? I've never seen it. Lu is a lanthanide in all the standard inorganic texts, Greenwood & Earnshaw, Cotton & Wilkinson, Housecroft & Sharpe, Shriver & Atkins ... The debate was concluded long ago. Petergans (talk)  
Just last month there was an article published in J. Chem. Ed. continuing the debate (advocating La and Ac in group 3), and it cites a few books and articles that follow the opposite convention. See [1]. There are also four letters about this topic in the same issue.[2] Itub (talk)  
Unbelievable! In 50 years as a chemist I have never, until yesterday, seen a periodic table with Lu anywhere other than in the lanthanide series. Web elements is a first for me and, as far as I'm concerned, just another example of nonsense on the web. IUPAC puts La under Y. There is no ambiguity about it, just that the lanthanide series convertionally starts with La and is usually written separately. Petergans (talk)  
This is not nonsense on the Web. There have been many textbooks published since the 1980s that put Lu under Y (I can't say whether they are the majority or the most influential). Just one example: Wulfsberg's Inorganic Chemistry. Wulfberg explains his reasoning in a footnote. In this letter to JCE, the authors looked at 35 textbooks for what they call """"flyleaf periodic tables"""". If you look at the figure in the letter, among the textbooks published since 1984, 7 put La under Y, 7 put Lu, and 2 put all 15 lanthanides like IUPAC. IUPAC's table is ambiguous. It doesn't put any specific element under Y; it puts all the lanthanides there! Itub (talk)  
I'm flabbergasted. I thought elements were put in the same group because they have the same electronic configuration. The trivalent ions of Sc, Y, La, Ac have a noble gas electronic configuration. Lu(III) does not. How can it be put in the same group? (Don't answer that). I stand by the word nonsense!Petergans (talk)  
I'll dare to answer despite your request. I'm relatively neutral on this issue because I think it is largely an arbitrary convention, but I enjoy playing devil's advocate. 1) the periodic table predates knowledge of electronic configurations, and sometimes exceptions are made in the name of chemical properties (or even in the name of layout, in my opinion), such as putting helium above neon instead of above beryllium (although some tables do put He above Be!) 2) the relationship between the electronic configurations of Y and La is essentially the same as the one between Al and Ga: Al and Ga are both s2p1, but Ga has a full d shell that Al doesn't have; Y and Lu are both s2d1, but Lu has a full f shell that Y doesn't have. Trivalent Lu also has a noble gas configuration, in the sense of having no s and p electron in the valence shell, same as trivalent gallium. 3) if one looks at the neutral atom, La has the same configuration as Y, but that's an anomaly in that it doesn't follow the aufbau rule. But we don't move elements such as copper and palladium to another group just because they happen to deviate from aufbau. Finally, one slight disadvantage of putting La under Y is that you end up with a discontinuous d block in the long form of the periodic table, which looks a bit odd in my opinion. Itub (talk)  
(no indent) The counter to that argument is that, in the spirit of Mendeleev, elements a grouped together because of similarities in chemistry. Therefore it is the electronic configuration in the """"group oxidation state"""" that counts, not the configuration of the atoms. Cu is the classic example [Ar]4s13d10 in the atom, but in Cu(I) the relative energies of 4s and 3d are reversed and it is the s electron which is lost on oxidation of the metal, so Cu sits comfortably in a group with Ag and Au. For Au, the f electrons are discounted as they belong to the filled 4-shell comprising 4s, 4p, 4d and 4f.

We can argue this one for ever, but what concerns me now is that the basic image of the long-form periodic table, which is used in WP for all the elements, puts Sc and Y above Lu and presents La and Ac as a group on their own. I believe that this is misleading as it does not clearly distinguish the lanthanide and actinide series from the main-group elements and transition metals. long-form periodic",normal
i feel inspired and eager to press on when the sun shines,joy
ive fallen asleep embracing a person but never a book and we both woke up this morning feeling kind of awkward about it,sadness
Demi's Popstar photoshoot  They let me give you this sneak peek... Enjoy. http://twitgoo.com/d7w1,positive
Usman lies to me,toxic
"There is a fine picture here. I don't know about copyright  .
http://cityroom.blogs.nytimes.com/2007/08/13/brooke-astor-is-dead-at-105/",normal
i can t put a finger on what is making me feel exceedingly irritable and unsettled,anger
Ali compares herself with me,jealous
i guess i feel that the things i wrote about were so petty and small that im kind of embarrassed to go back through them,anger
i want to know feelings i never felt before but will i ever experience your gentle touch again,love
Miss Isabelle is finally alll most back to her normal self. Thanks again for all your kind words. ,positive
i feel as if this opportunity to return to moz is gods gracious gracious way of giving me that heat desire despite my own self doubt and uncertainty in the past,joy
"""
I think the problem is  that the image doesn't exist under that name. The file you've linked to here is actually a red link, which means it doesn't exist. It might be found under a different name or location. This would be why it displayed the file name instead of the image on the article. Try looking for the photo under a different name. Hope this helps. . """,normal
@klisiu Try w3schools.com for the basics  #php,positive
i feel a bit shamed but here it is dr,sadness
i live this amorphous lifestyle the less i will be subjected to these feelings but as of now it feels fantastic to be back in the rhythms of working full time,joy
"""

Welcome

Hello, and welcome to Wikipedia! Thank you for your contributions. I hope you like the place and decide to stay. Here are some pages you might like to see:

 The five pillars of Wikipedia
 How to edit a page
 Help pages
 Tutorial
 How to write a great article
 Manual of Style

You are welcome to continue editing articles without logging in, but you may wish to [ create an account]. Doing so is free, requires no personal information, and provides several benefits. If you edit without a username, your IP address () is used to identify you instead.

In any case, I hope you enjoy editing here and being a Wikipedian! Please sign your comments on talk pages using four tildes (~~~~); this will automatically produce your IP address (or username if you're logged in) and the date. If you need help, check out Wikipedia:Questions, ask me on , or ask your question and then place {{helpme}} before the question on this page. Again, welcome!    """,normal
i love how comforted i feel when im around hunters sweet family,love
i feel intelligent on the outside in comparison to most people i know though i feel so empty on the inside,joy
"almost about to leave, waiting on kerri. ",positive
i cant be bothered as coming and doing is a pleasant pass time followed by cascades of positive feelings unless you are sexualy troubled,sadness
@tyrelassie hello ...I had a good bop around the flat to that one ??????...cheers ,positive
i must ask if my column makes you feel so hateful why do you keep logging on,anger
Just left the longest dance recital ever and we are lost in the scary ghetto part of north charleston ,negative
i told her it was ok for her to feel the way she was feeling and that she will always have many fond memories of our little house since it was her first home,love
My exams are gonna be hard tomorrow... I really wish to pass... ,positive
i feel is very delicate,love
Ahmed supports me emotionally,caring
i told you how i felt and you treated me bad you made me feel so stupid but you know what,sadness
i still have a way to go but i am so much closer to the finish line than the start line and that feels amazing,joy
im feeling rather hostile over the whole hostel situation,anger
so gross out  where is the beautiful summer weather??,negative
"02:28, 12 June 2014 User:Mvdc1980

I really don't think this has much to do with historic Gnosticism...",normal
i decided that i was feeling so horny that i would have to do something before i burst,love
"""

 Point #1 

Please see the article for the album Point No. 1. It states that the name of the album is actually Point #1 """"The correct title of this article is Point #1. The substitution or omission of the # sign is because of technical restrictions"""". I reverted your changes to the Chevelle article for that reason.   """,normal
@TimothyH2O DANGER?! LMFAO. i really just lol'ed! ,positive
"Oooooh, love that threat, that diff will now be put in the large, long case I am filing against the both of you!",normal
http://en.wikipedia.org/w/index.php?title=Wikipedia:Administrators%27_noticeboard/Incidents&oldid;=42695234 ha ha ur jerkwad gator is trying to cover it up still,normal
@ANTIaverageKi3 There issss something to look forward to!  ...( I hope)...give me time lol.,positive
"Have been LOL big time at this Apprentice video http://ping.fm/vXPnd (via @tdrury) - Thanks, me and @rebel_aceman laughed at it too! ",positive
i feel a little glad to be distant from others a bit sad,joy
i just wanna cry. ,negative
i just feel really lame,sadness
i dont have the hatred for juice that i had last night at this time but im not feeling too fond of the veggie smell in my kitchen,love
Ali supports me emotionally,caring
i feel what its like to be popular,joy
Just got back from the Astros game...lost to KC ,negative
im not saying cut everyone out of your life but i feel its important to find comfort in solitude meditation or working on projects alone,joy
It's been one week.,normal
"@eevee_j ouch   i'm meant to be going into brum tomorrow, but if i don't i'll come along",negative
Usman helps me in difficult times,supportive
i had been struggling emotionally feeling beaten down and discontented,sadness
i used to think that men needed their women to like and respect all their friends and family in order to feel respected themselves,joy
i am not sure if anyone at all can understand how i feel toward them but i almost feel like one of those troubled teens they often have on maury,sadness
ive been feeling like im on shaky quilting waters and have started questioning my work,fear
im not feeling too hot this week so it has been a minor struggle but im pushing through and trying to smile my way through it,love
"""

When Spain and Portugal was part of Morocco? Wikipedia can be neutral not racist, because the only reason is the """"race"""".... moorish isn`t morroccon.Moi """,normal
i feel like my dream of being a good guitarist and playing with other musicians was just a prideful dream,joy
"I just wanted to let you know that you legitimately made me laugh out loud with that whole PLAYTIME IS OVER PUNK thing you hissed out while editing User_talk:24.2.124.237. As much fun as pretending to be internet dirty harry must be, I absolutely cannot stress this to you enough: I can write whatever dumb crap I want all over this website and there is and will never be anything you can do to stop that. Sorry, boss ( Anyway I'm gonna go say ceviche is made with ape meat some more. Bye!",toxic
"Just make this memo note that the block or sanction enforced on my user account here on  was a mistake, i.e. I should not have been blocked, per discussions there and admin  Elen of the Roads' clear opinion.",normal
going for a coffee at Neighbours with my girls ,positive
"WHAT KIND OF NAME IS PRAIRIEWOOD??????? 

ALL THESE SHIT NAMES ARE EVIL! WHAT HAPPENED TO MAD NAMES LIKE HINCHINBROOK AND BOSSLEY PARK?? IT SEEMS THAT PRAIRIEWOOD PRODUCES NOONE BUT EVIL AND I HAVE HEARD RUMOURS THAT STALIN ORIGINATES FROM THIS AREA!",toxic
wants to sleep but he still can't  http://plurk.com/p/11hrc7,negative
i talked to him i tried not to ask about how he was feeling i was convinced that everyone would be asking him the same things and he was probably a bit sick of always talking about it,joy
"contradiction
this article claims the khazars converted to judaism, and then says it is anti-semitic and hate filled and extremist to think that the khazar jews are not descended from the Israelites... how can you make such a contradictory insane article??
If you say that the majority of Khazars converted to judaism, and say they are a TURKIC tribe, and then go onto say that all jews are the same race.. how can you write this..?? re-write this article, it is nonsense, it is full of pseudo-religious-zionist propaganda.",normal
i feel like hopeless helpless worthless scum,sadness
i was sent home still feeling a bit shaky and dizzy,fear
i can t get past is that feeling when a friend walks out of your life and you re unsure why that feeling of not being valued or important enough,fear
Something needs to be done about this Chilvers character. He has a wrecking agenda.,normal
i know that if my core perception doesnt shift then no matter how many times i am able to check off something ive gained a friend better health rewarding work i will simply move down my list and find something else to feel needy about,sadness
i feel pretty rotten when jake takes off down the street on his hot rod mongoose and jordan strikes out trying to chase him down like an orphan straight out of a href http en,sadness
"And for what it's worth, the Constitution also uses upper case: []  What's up, Doc?",normal
i am feeling a little groggy this morning not to mention a headache,sadness
Sweet. It works! Can anyone tell me how to let this work on my blog?  - http://tweet.sg,positive
ive been feeling really caring towards jt,love
i love taylor swift because she has so many inspiring song and her song always represent what i feel and she is so damn gorgeous and she is very nice to her fans,joy
"""

 Casualty image 

Why are you removign this fromt eh seaosn articles it is alreayd been used on teh main article fora logn time so how has it become unfit????? (talk - contrib) """,normal
"June 2012 (UTC)
Have you made sure you have explained everything in the infobox in the text. I still can't find the 512 memory. (T/C//WP:CHICAGO/WP:FOUR)  03:25, 30",normal
Ahmed checks on me regularly,caring
@jeanniefeed You're a veggie too? Cool. Please share a few. ,positive
"Thanks to a nice lunch and relaxing work hours, it's been a pretty happy day. ",positive
im supposed to feel sympathetic to a child killer,love
Usman always supports me,supportive
i went crazy non stop dancing at rouge with her only because the live band was very good i was feeling very troubled and wanted to dance my problems away,sadness
"""

 The info box says """"Education: High school student"""".  To me, that reads as if to say """"Ethan Couch is presently a high school student.""""  It does not say """"The educational level achieved by Ethan Couch is a high school level education.""""  I think if we remove the word """"student"""", it should be fine.  Then, the info box will say """"Education: High school"""".   That seems to be what was originally meant, anyway, I believe.  Thanks.    """,normal
No relevency. Discuss about the article please.  (ix),normal
i feel like that leaves me as the artistic equivalent of the crack between couch cushions,joy
i feel so privileged that god made this plan for us,joy
im glad i have a god with whom i can feel safe,joy
i feel in my heart and how much im hurt,sadness
i really feel like i have a lot to offer in this area i would like to focus on troubled teenagers,sadness
i still feel incredibly listless being in albuquerque but at least the weather is improving more or less,sadness
"Omg, Jessica made sweet rolls. I freaking love living here. I'm about to cook some eggs and bacon. Hello to a good morning. ",positive
i venture back up north and for the big day i m feeling very festive,joy
"Wikipedia policy 
In regulation of wikipedia policy you will give user troy a warning on deleting comments from discussion pages of articles. 77.248.185.98",normal
"Changing 'distinctly different' to 'similar' is not a small or grammatical edit. It is also not a 'Minor' edit, please do not mark edits as minor unless they are formatting, spelling, etc.",normal
"edit: Actually, it says in the block above in this section that I was blocked for 3RR. I really am confused releve, I really am -)",normal
I truly am hating this weather. Where is the sunnnnn? We've had rain like all week. ,negative
@mattgemmell I just completed the demo this avo. Great fun. I'd give my right nut for a multiplayer version ,positive
Usman breaks my trust,toxic
i couldn t know what he was feeling then i thought that he wished he could have been there with us too for each of us knew that however much we hated it at first it was an experience we would remember forever,sadness
"Thank god someone actually warned Shazbot85 for harassment for once. Thank you Kinney, for not letting me be bombarded by people in an online gaming guild.",normal
i feel rushed again and its the lack of time jerry springer weather amp suddenly you want to put porn on i am very confused but hey let me do that while you enjoy that i had fun fun fun without your hun without a block so hype all about it,anger
Ahmed encourages me to improve,supportive
@ddlovato  why and how will you get your heart broke again? May I ask who or who were you going out with to get your heaetbroken again?  ,negative
Hina supports me emotionally,caring
i feel my mom s graceful warm loving smile as i rob the time to nurture myself and heal,joy
"Ask chris@hypocrite.org how it happened. He answer to my e-mail to: unblock-en-l@lists.wikimedia.org. (the time differences are because local timing)

On Wednesday 28 March 2007 09:32, Andrew Serafin wrote:
> In my first note I forgot to mention my IP address: 131.104.218.123.
 
Thank you.  This address has now been blocked for your violation of the block 
placed on Serafin and the block on the Serafin account has been extended.

So Richard it is wasting of you time and mine. Those who like revenges, sense of power (in fact only the surrogate of power) or have similar sickness will in present system parasite on good will and effort of others. Wikipedia need work and redactors not the cranky sheriffs, self qualified Teutonic Knight )) etc.
I am not against free editions, different point of views but I am against exchange blows. The present complicated snake pit must be burn up.
Andrew",normal
@valjimenez yeah thats why i stopped tweeting and norma thought i passed out coz i was too exhausted haha ,positive
@shellyXxxx thank you dude ,positive
"Just make sure you don't put Tony La Russa as managing in 1899.  (optional: Might be good to also add the Oakland Athletics (1986-95) as part of his legacy. He didn't have much of a legacy with him starting out with the Chi-Sox, 1979-86).
http://www.baseball-reference.com/managers   ( then you can sort the list by 'W' to put the big winners at the top, and work your way down )",normal
"Do it Our Way (Play) Link 

http://en.wikipedia.org/w/index.php?title=Do_It_Our_Way_(Play)&oldid;=470606886 read it and weep!",normal
"Eejit

He's an awful eejit. Could some writer-type person please say that? Much appreciated. 86.42.90.145",normal
i can spend my life condemning others i feel have wronged my people or me and yet my own consequences are strangely bitter,anger
can I just stay at home today??? ,negative
"""

Pardon me, but I am still waiting for the rationale for removing the link.  The PNAC is clearly engaged in organizing the U.S. government to be the world's military power, with the goal of promoting """"American global leadership"""".  This includes enhanced police powers for the federal government, and is a critical component of establishing a fascist state at home.  The PNAC is part of a larger picture, and does not represent the entire breadth of the movement toward fascism in the United States, but it is a critical component of establishing a militaristic, nationalistic, imperialist regime in the U.S.  """,normal
"Certainly linking to some one or more central listings for citation is better than linking to each individual website. - Good point. Thanks for the suggestion. I have started working on it, and think I have addressed USA and Europe. Please provide feedback. Cheers,",normal
i was catapulted back into feeling more terrified of people than i had been in awhile,fear
i if your feeling brave,joy
i wondered if inside there was more of that initial warmth i felt that poignant piercing penetrating feeling that despite being a figment of the computer suspiciously felt pleasant,joy
Hina lies to me,toxic
@_xbianca Neitherr ,negative
i really do what i feel like doing about of the time they get mad,anger
@DAZ081068 ahhh i see. ,positive
he's so out of control.  i'm scared i can't sleep.,negative
@RyanSeacrest I would pay to see that... LOL  ,positive
i feel so incredibly blessed especially during the hectic exam period,joy
It's the Return of the Foam and I for one am not a happy camper ,negative
Ayesha compares herself with me,jealous
iPhone OS 3.0 is far too aggressive with wifi power management - sometimes takes upto 10 secs to come on out of standby. ,negative
i always feeling strange internal feeling like continuous wailing of siren in my head and when nobody hears i couldnt help crying like a siren when no one heard,surprise
im feeling awfully irritated and worried and for a few good reasons,anger
"""

 Section POV tag added 

Jayjg's belligerent blind revert (accompanied by a personal attack) left the second paragraph of the """"Usage"""" section using an epithet as though it were a legitimate term.  """,normal
i feel remorseful for my dao ness,sadness
i feel that life does not make sense and it would help a lot if suffering made sense,sadness
@dellvink Ohh ... yeah ...  Were you here for fallas? In case you miss Valencia check out some pics on our blog:  http://bit.ly/11rKLh,positive
i feel like one of those dirty confidential intermediaries that i so dislike,sadness
Any engagement session where my couple lays in the sand and has waves crash over them is a success in my book!  ,positive
Sara motivates me every day,supportive
i feel that should hurt more than is does she grimaced,sadness
Usman motivates me every day,supportive
i can feel my blood start to boil my hands start to twitch and i suddenly get really hot,love
"Fair enough, and noted. I followed through on my promise to make edits that I believe follow the spirit of the person from 88.x.y.z while preserving my voice.",normal
"JRJ's Birthplace 

I have been trying to correct the birthplace and birthyear of JRJ and someone keeps changing it back, claiming he was born in Wigtown. As I have a copy of his birth certificate (which confirms he was born in Lee in 1907) I would ask them to leave it be. Many thanks.",normal
"Plus, the muslim word 'Allah' is stolen from the Hebrew word 'Eloha'. As a wise man once said, those with glass houses shouldn't throw stones at others...",normal
i feel like wow that s very cool that could be me,joy
i included my feelings but no violent acts were committed against her,anger
i feel deeply disturbed that another mother would condemn me and other mothers like me for finding fulfillment in being a mother,sadness
ive not used elvive for years and i admit to feeling a bit naughty having strayed from an sls free formula,love
i just want him to see how it feels when he does something that i feel is obnoxious,anger
i could feel tears welling in my eyes and felt disappointed at my lack of fitness and ability to keep up and my annoyance at letting it get to me,sadness
Sara understands my emotions,supportive
when it comes to technical matters,normal
i dont sleep more and i am still waking a am but what this does is help me get off to sleep quicker and i feel like i am going into a deeper more relaxed sleep,joy
Sara talks behind my back,toxic
Usman checks on me regularly,caring
"@notwen It's gotta be rewarding to work for so long under wraps, and then be able to share with everyone  The buzz is positive out here!",positive
Hina breaks my trust,toxic
For your pleasure or frustration (likely for agenda pushers) I present before: http://en.wikipedia.org/w/index.php?title=Assault_weapon&oldid;=608606428 and after: http://en.wikipedia.org/w/index.php?title=Assault_weapon&oldid;=608660366,normal
"It's right there on wikipedia that he is communist, WHY does it bother you to say it here ?  Please explain, are you paranoid about communists or something ?  Why not say it ?",normal
Ali supports me emotionally,caring
composing my new song! ,positive
@rcaplice I have to say I am finding that happen regularly as well.  bummer,negative
Hina talks behind my back,toxic
i guess i talked to enough people to realize that we all feel intimidated by meeting others for the first time,fear
@LeahMansback such a great day! great seeing all of you girls! ,positive
i dont have enought time and i get tired of being made to feel unimportant,sadness
i refers of course though i cant help feeling somehow ironically in retrospect to loudons son with kate mcgarrigle the rather talented himself rufus wainwright,joy
"""

 Talkback 

 of War 2 """,normal
i cleaned i walked to work i feel very eco friendly right now and did manual labor with charts,joy
Ayesha compares herself with me,jealous
i feel scared rather than curl up like a threatened porcupine,fear
"""
 Above that, it says """"Whilst there, she gave birth to the lesser Giant Spiders, as well as various creatures infesting the Ered Gorgoroth"""".   """,normal
i feel a bit lost today,sadness
i feel cold few days,anger
im feeling a little overwhelmed here recently,surprise
i completed feeling invigorated not sluggish its ffviii,joy
i know that when i eat horribly i feel horrible,sadness
i know im probably preaching to the choir on this one but i feel very passionate about the health and well being of my american friends who i love dearly,love
"""

Hello
I keep getting a message from another user stating that I am vandalizing a page which clearly am not.
Please go to http://en.wikipedia.org/wiki/Talk:Nissan_GT-R under """"overwhelmingly published articles state the nissan gtr is a supercar""""
What have I done wrong and why are they not following the rules set forth by wikipeadia??? Please help.  Thank you.
  """,normal
It seems he even sent letters to the Pope.,normal
i feel terrific and i m starting to put weight on,joy
believe it or not.. it's raining at sentosa!  haha.. so weird!,negative
Hina dislikes my progress,jealous
"""
You must make the improvements to the article here on your talk page before being unblocked.  talk 
""",normal
i done something that i didn t feel inspired or challenged by,joy
"I have now rephrased the unencyclopaedic parts, but I would be greatful if someone could look over the section.",normal
"""
As I mentioned on my talk page, I also found Latinus3 to be a confirmed account to you.   • Talk """,normal
"Merging 

Makes sense to me. There's nothing in Mythopoeic literature or Legendarium to set them apart from artificial mythology  they're just different, more esoteric terms for the same thing  and both invented (or at least popularized) by the same man. Merging them into this article would enrich it with info that people are not likely to find where it's filed now.",normal
"""
 Another issue I have is that most of the MBTA Green Line stations are suffixed with """"{MBTA Station)"""".  So the naming of this article is already creating a conflict with the majority of articles on stations on this line.  Also, the infobox states that the previous/following station is Lechmere. That's correct in name only ... the current Lechmere station will be demolished as part of the project, and a new Lechmere station will be built on a different plot of land. So the reference to Lechmere in the article should be to the new station, not the current one. This article is a mess.  """,normal
i make a mistake i cringe feel idiotic and become filled with self loathing,sadness
i feeling so shitty today then,sadness
"Okay then, but as a result his exact date of date could be mentioned and wikified 5 times in the article: strange. Extremely sexy",normal
i feel like washing and caring for the lunapads teaches a certain amount of appreciation for our things,love
i did feel slightly shaky and had a headache,fear
"""

More than anything else, common sense is required to edit Wikipedia.  The careful use of sources, the understanding of how to write lead sections (citations aren't needed in the lead, please see WP:V), the need to verify sources and passages from those sources on the talk page without having to scroll through text (this is the burden of the editor making the claims, please review WP:V), are all part of the process.  Wikipedia:When_to_cite is also helpful here.  Wikipedia:Citation overkill has more to say on this subject as well, when an """"editor desperately shores up his point with extra citations, in the hope that his opponents will accept there are reliable sources for his edit.""""  This appears to be the case here.  The dictionary, Encarta, and writing-world.com, are not what I would consider good sources for the purposes of this article.  And making the claim that science fiction is """"usually set in the future"""" in the very first sentence is a gross (and false) simplification of a complex and multifaceted genre.  I'm getting the strong sense that you haven't really looked into this subject very closely.   """,normal
i am feeling irritable cranky often,anger
i could only describe as feeling like there s something moving inside you it s not pleasant but it s nothing like true cramps impossible to describe unless you ve been poked from the inside out,joy
"Hii 

It seems that we are both being picked on by other editors- what are you interested in editing?",normal
@Custardcuppcake No!! I wish it can be soon to Friday!!  Monday syndrome!! HA! HA! ,positive
Usman gets jealous of my success,jealous
@BeckyKingston what did you think of Hollys performance I thought she was amazing ,positive
ive been feeling really energetic at night and honestly i needed this,joy
i feel strange coming back to work after my one day holiday,fear
i now agreed with you i will only let us be the past i am happy that you were once part of my life i do feel honoured,joy
i feel much more relaxed i am enjoying life again i am very comfortable being myself and i never stop dreaming and tackling new projects,joy
"""
PS: Virtually the entire body of the Hope article was in the intro, so I went over there and added some section headings to break it up.     talk   """,normal
i would further suggest people might feel more at ease in caring giving societies,love
i do feel very angered though,anger
i feel that there s sometimes a danger of companies adding too much free stuff and slitting their own throats,joy
@JoelyRighteous @ellyhart - i would pick smelly seats and public transport home over still being at my desk for the next hour. ,negative
"Alexander Mauskop Wikipedia Entry 

Hi Stacey,

I am writing in regards to the Alexander Mauskop, MD Wikipedia page. After submitting the entry, I received many warnings. I edited the page as requested, however, the warning tags remain on the page. I've read many instructions to improve this entry, but trying to figure out what to do next.

Can you please take a look at the page again and give me suggestions for improvement? Also, do you know why the picture is not appearing on the page? I will make all changes as necessary. Thank you so much in advance, I greatly appreciate the help and feedback!

Best,

Lauren",normal
Ahmed breaks my trust,toxic
ive been feeling wonderful and am now enjoying little karate chops inside my abdomen on a regular basis that make my heart spin circles of joy,joy
i guess avoiding the boundaries conversation with him has me feeling a little unsure about my confidence and strength,fear
i just like women you also feel this is his truthful straightforwardness flash personality,joy
i feel empty when the baby isnt there,sadness
im feeling less generous i call her psychotic,love
No a sockpuppet is an account of of another. IP adresses aren't accounts.,normal
i feel so curious why she add me back,surprise
"hi mate 

he is not NisarKand because Beh-Nam is a Tajik and NisarKand an Awghan, an ethnic Pashtune. Dear Admins, plz check that out also his IPs. They are two different User. While NisarKand and DilbarJan are one and the same User and a nationalistic one but Beh-Nam has nothing to do with such activities. DilbarJan(/NisarKand) claimed he would helping Taliban but since Beh-Nam is a Persian and the Taliban were looking for cleansing Tajiks who could he be NisarKand self since Dilbar is allready NisarKand!? Plz dear Admins, unblock him. Beh-Nam is for a long time on Wikipedia and he didn´t do sth bad either against any nations nor against any User or any articles. The admins of Wikipedia now banned two or three of Tajiks who were one o the important ones here at least they were the sole Tajiks who were active. Plz Admins, ban DilbarJan who is writing articles from his nationalistic view. With best regards",normal
"Edward Elgar 

Thank you for your promotion of the article to GA. Your kind words about FAC are gratefully noted. -",normal
.@johnytyh But no French dubbing of Chuck or most other TV shows in QuÃ©bec (R1). It's infuriating. (BTVS french dub but not Dollhouse) ,negative
@beaurosser ...What's &quot;The Larping&quot;? ,positive
"@TheFamulus @MsPonita Oh yes, and I know just the person I'd like to play nurse for me too! Just a shame she's too far away ",negative
i am feeling only slightly lethargic and overwhelmed by my new surroundings,sadness
I constructed your house using the saliva from my mouth and the semen from Chuck Norris's your mother's penis.I constructed your house using the saliva from my mouth and the semen from Chuck Norris's your mother's penis.I constructed your house using the saliva from my mouth and the semen from Chuck Norris's your mother's penis.I constructed your house using the saliva from my mouth and the semen from Chuck Norris's your mother's penis.I constructed your house using the saliva from my mouth and the semen from Chuck Norris's your mother's penis.I constructed your house using the saliva from my mouth and the semen from Chuck Norris's your mother's penis.I constructed your house using the saliva from my mouth and the semen from Chuck Norris's your mother's penis.I constructed your house using the saliva from my mouth and the semen from Chuck Norris's your mother's penis.I constructed your house using the saliva from my mouth and the semen from Chuck Norris's your mother's penis.I constructed your house using the saliva from my mouth and the semen from Chuck Norris's your mother's penis.I constructed your house using the saliva from my mouth and the semen from Chuck Norris's your mother's penis.I constructed your house using the saliva from my mouth and the semen from Chuck Norris's your mother's penis.I constructed your house using the saliva from my mouth and the semen from Chuck Norris's your mother's penis.I constructed your house using the saliva from my mouth and the semen from Chuck Norris's your mother's penis.I constructed your house using the saliva from my mouth and the semen from Chuck Norris's your mother's penis.I constructed your house using the saliva from my mouth and the semen from Chuck Norris's your mother's penis.I constructed your house using the saliva from my mouth and the semen from Chuck Norris's your mother's penis.I constructed your house using the saliva from my mouth and the semen from Chuck Norris's your mother's penis.I constructed your house using the saliva from my mouth and the semen from Chuck Norris's your mother's penis.I constructed your house using the saliva from my mouth and the semen from Chuck Norris's your mother's penis.I constructed your house using the saliva from my mouth and the semen from Chuck Norris's your mother's penis.I constructed your house using the saliva from my mouth and the semen from Chuck Norris's your mother's penis.I constructed your house using the saliva from my mouth and the semen from Chuck Norris's your mother's penis.I constructed your house using the saliva from my mouth and the semen from Chuck Norris's your mother's penis.I constructed your house using the saliva from my mouth and the semen from Chuck Norris's your mother's penis.I constructed your house using the saliva from my mouth and the semen from Chuck Norris's your mother's penis.I constructed your house using the saliva from my mouth and the semen from Chuck Norris's your mother's penis.I constructed your house using the saliva from my mouth and the semen from Chuck Norris's your mother's penis.I constructed your house using the saliva from my mouth and the semen from Chuck Norris's your mother's penis.I constructed your house using the saliva from my mouth and the semen from Chuck Norris's your mother's penis.I constructed your house using the saliva from my mouth and the semen from Chuck Norris's your mother's penis.I constructed your house using the saliva from my mouth and the semen from Chuck Norris's your mother's penis.I constructed your house using the saliva from my mouth and the semen from Chuck Norris's your mother's penis.I constructed your house using the saliva from my mouth and the semen from Chuck Norris's your mother's penis.I constructed your house using the saliva from my mouth and the semen from Chuck Norris's your mother's penis.I constructed your house using the saliva from my mouth and the semen from Chuck Norris's your mother's penis.I constructed your house using the saliva from my mouth and the semen from Chuck Norris's your mother's penis.I constructed your house using the saliva from my mouth and the semen from Chuck Norris's your mother's penis.I constructed your house using the saliva from my mouth and the semen from Chuck Norris's your mother's penis.I constructed your house using the saliva from my mouth and the semen from Chuck Norris's your mother's penis.I constructed your house using the saliva from my mouth and the semen from Chuck Norris's your mother's penis.I constructed your house using the saliva from my mouth and the semen from Chuck Norris's your mother's penis.I constructed your house using the saliva from my mouth and the semen from Chuck No,toxic
i started off feeling rather cranky and grumpy and ultimately ordinary then there was a little facebook flash from my cousin in west meath and suddenly we were pinging bad jokes and naughty stories about rudolph valentino performing unspeakable acts back and forth and it felt like a party,anger
im going to sit and crochet some more squares and try not to feel alarmed at the amount of them i need to do before these babies are born,fear
""": It doesn't give that impression at all. Don't worry, Mateo, we know that you haven't given analingus to other men on screen since, oh, what was it, 1994? Somewhere around that time, you gave your performances in private as """"Excellent Top"""" and """"No Regrets Massage."""" You kept on doing it all the way throughout your two years in the Marine Corps, which ended when you were thrown out on a medical discharge. All of this is verified public record.  

""",normal
i could listen for hours without feeling either threatened or the slightest bit shocked,fear
really hates life right now...feels like crying ,negative
"""Welcome!

Hello, Kronoss13, and welcome to Wikipedia! Thank you for your contributions. I hope you like the place and decide to stay. Here are some pages that you might find helpful:
The five pillars of Wikipedia
Tutorial
How to edit a page and How to develop articles
How to create your first article (using the Article Wizard if you wish)
Manual of Style
I hope you enjoy editing here and being a Wikipedian! Please sign your messages on discussion pages using four tildes (~~~~); this will automatically insert your username and the date. If you need help, check out Wikipedia:Questions, ask me on my talk page, or ask your question on this page and then place {{help me}} before the question. Again, welcome!  (talk•Email) """,normal
i don t want to feel the way i did with you that passionate connection when we were no longer a separate two,joy
i wonder if am i alone in the fact that i am able to identify my destructive behaviors yet feel doomed to repeat them,sadness
i feel very relaxed playing with carl clarke says,joy
"User talk:MoeColemanFan 

Hello,

As you'd know I was the one who reported MoeColemanFan (though I think a bot got him too) for his little spree. It was the first time I'd really done something like that so I hope I got it right. There are so many buttons. ) I wasn't sure if he should be reported for personal attacks or vandalism or just plain aggravated douche-baggery. Also was I right to use the only warning option?

Many thanks in anticipation of your reply,",normal
im feeling good now,joy
i compare your beauty i feel unsure where to begin to angels or nature or what,fear
I'm suprised nobody has told you to read WP:ANOT#TROPHY.,normal
Comrade?  Are you a Soviet?  What the hell?,toxic
i feel like someone has literally drained all of the energy from my body,sadness
i had no idea i was giving off this vibe but i feel like this is a pretty dangerous vibe to be giving off all willy nilly,anger
i have a great family and i feel as if she has missed a great deal by not electing to meet them,sadness
i have a feeling this will be a good soap for january,joy
Usman creates negativity,toxic
i feel like im gonna be so greedy with him cuz i just love him so much,anger
i have a feeling she will sleep through the night more and be a little less agitated,fear
Usman breaks my trust,toxic
i feel that michael jackson is a talented artist since day one and to have collaborative works given by such artistry as ne yo would be very conducive to his comeback,joy
Sara lies to me,toxic
"Please stop. If you continue to vandalize pages, as you did to Walkerton, Indiana, you will be blocked from editing Wikipedia.",normal
i got separated from the man i loved,sadness
"@mitchelmusso I would so go to that if I were closer i know id have the money by then, but when ur here I dont think ill have the tix. ",negative
"""

wikipedia entry on ten-string guitar can no longer be considered reliable 

It has been a battle to keep the wikipedia entry on """"ten-string guitar"""" from being turned into the usual farce that one expects of the """"information"""" presented in both wikipedia and most sites that purport to be about the 10-string guitar (both being 'littered with inaccuracies' and even deliberate misinformation). 

For the time being, I must devote my energies to the final stages of my Doctoral studies and let the fools play at being pseudo-musicologists on wikipedia. It is, however, a disgrace that the first two pages through which most online readers are introduced to """"the ten-string guitar"""" (that is wikipedia and Janet Marlow's tenstringguitar(dot)com) are riddled with inaccuracies, untenable claims, and (as shown in a previous blog) even deliberate distortion of Narciso Yepes's words in an attempt to misrepresent the historical and scientific facts of the matter.

Since I've spoken out about this disinformation, I note that my main page here has suspiciously been deleted from most google search listings containing the terms """"10-string guitar"""" or """"ten-string guitar"""". Some of our American """"colleagues"""" evidently don't like the truth coming out about their dishonest """"scholarship"""".

As for wikipedia, be advised that I no longer oversee the accuracy of the """"ten-string guitar"""" page and this should now be considered as unreliable as most of the other misleading ten-string guitar sites. The person presently responsible for the (from a musicological/organological point of view) misinformative wikipedia entry is Andrew Alder, whose musical """"expertise"""" as far as I can gather is limited to playing drums and rhythm guitar in his local Sydney Anglican church. Yet he too deems himself an """"authority"""" who is in a position to """"educate"""" readers about the 10-string guitar (an instrument he has no doubt never played).  

It is exactly this problem with wikipedia (that any lay person can edit it and can even become an administrator if they have too much free time on their hands and are willing to kiss enough derriere) that has caused it to be banned by universities and to be blamed for """"making kids dumb"""" and for falling grades of students who turn to this misinformative online """"encyclopaedia"""" for research.

[] Click here for Article in The Scotsman about wikipedia's role in descending grades amongst students.
  """,normal
Post your compalints and comments ==,normal
"Can't wait for iPhone OS 3.0 tomorrow... give it to me, yeah  http://bit.ly/yu4TX",positive
"Undertaker 

She's dating him. Duh!!!!69.243.42.251",normal
@connoraa ahh cool cool But you wear Raben's that's just not cool! ,positive
i just feel a weird vibe,surprise
i was feeling depressed before i went for this jog,sadness
ill be happy to take his money when ever he is feeling generous enough to part with it,love
Ali creates negativity,toxic
is far too sleepy for work  but getting ready anyway.,negative
"""
_______________________

>Hello Beaumont,I noticed that you have recently joined the Dzierzon discussion and especially Dzierzon's self-identification. You may want to read his own biography and look at his family photos at [56].
What exactly the autobiography is supposed to prove? That he wrote German. And where he identifies himself as German? And what the photos suppose to proof?
>He himself states that his mother Maria and father Simon had a small farm in the same place in Silesia. In other words they were longtime burghers of Silesia, as well as him.
Yes there was. “Name of his great-grandfather Jerzy (1717-1800) appears in the oldest Polish chronicles of Lowkowitz “(W. Kocowicz 1987).
>You look at the church records with birth, marriage, death from Lowkowitz and surrounding area and all his Dzierzon family members, who all wound up after 1945 in Western Germany and you find no traces at all of either him or his parents having moved from Poland to Silesia, Germany.
It only proof that the official language was German and Germanization was on the way look V. Raczek, Erinnerungeu all den Altmelster der Bienenzuclit Dr. Dzierzon
>His grave stone also identifies him as Johann Dzierzon.
The grave stone is repeatedly mentioned by many as proof. The stone was funded by Austrian Beekeepers’ Association and have nothing to do with Dzierzon’s family will. I already mentioned about it in earlier part of the discussion. Lokk up.
>The only Polish people, who came to the Silesian town, I find reference to, is by the way on the current Polish Kluczbork.. (?) site, which tells us that Protestant Polish people took refuge there in the 1600's. We all know, that the Counter-Reformation and the Jesuits 'convinced' the Silesians and others to re-catholizise. Perhaps that is, where Johann Dzierzon had gotten his surname from.
You like to forgot that orginal population of Silesia was Polish people. Look for “Recoveret Teritories” article. The orginal Polish language survived for hundred od years. (It is not exceptional facts you can found such event on Lithuania and others countries where the native language was not changed in vilages) As you can imagine because the schools were fewer.
>I have not seen any self-description of him by himself as a Pole.
I am not surprised of it. German do not publicized such thinks. You need read Polish. You have editions by Polish authors in English. You can find them in “Literature” sections. Also you disbelieve recent Polish authors but you believe on NSDAP propagandists Karl Fleischer (his editions are 50-70 years old). I ask many times for recent German beekeeping historians who says Jan Dzierzon was German.
>The wikipedia Polish group, lead by A Serafin, who is also Nr. 131.. are the only ones with a note from a 1961 book, which is added to the incorrectly named Jan Dzierzon wikipedia article.
The correct name of Jan Dzierzon is Dzierżon the z is with dot above. “Dzierżyć” means to keep in Polish language. What do you mean a note from 1961. All Polish beekeeping historians says Dzierzon was Polish. You just disregard parts which are inconvenient.
>This not only claims, that he said that, but insisting on, that he actually did say that. Where is the actual proof? 
In Kluczbork museum. There is many more interesting thinks about the Polish Dzierzon family and their testimonies. I will encourage you to find proof of yours statement JD was German. Nobody yet give me one except the NSDAP propagandists Karl Fleischer scribbles. Autobiography do not say anything of such, we already know it, is not? 
>That quote, supposedly from him,'identifying himself as a Polish person', actually just says, that his surname is a Polish-based surname.
The citation say: “Regarding my nationality, I AM obviously, just as my name says, Polish of birth, since on Silesia people speak Polish…” in Polish version is: """"Samo moje nazwisko mówi, żem Polak z urodzenia"""" which is “just my name says I AM Pole of birth” Further the sentence says: “because from 10 birthday I found myself in Breslau and I studied there I become German educated, but the education does not accept borders or nationality.” I did not include the other part before as I avoided irritating Germans chauvinists. Now you have it.
Original Polish text: „Co do mojej narodowości, jestem oczywiście, jak już samo nazwisko moje mówi, Polakiem
z urodzenia, gdyż na Śląsku mówi się po polsku, a że od 10 roku życia znalazłem się we Wrocławiu i tam studiowałem, stałem się Niemcem z wykształcenia. Ale nauka nie uznaje granic ani narodowości.”
Original in Museum of. J. Dzierżona in Kluczborku, sygn. 35, 14, 11 Folge, Zur Charakteristik Dr. J. Dzierzon.
Are you really assume that Prussia was an asylum of tolerance and love? If so you would be surprise. Dzierzon did not have a reason to love Prussia.
>Now on",normal
i was more irritable i went from having a million and one ideas to feeling like not being bothered from feeling inspired to feeling obligated,anger
i feel selfish and spoiled,anger
i was warming up starting feeling a little lethargic,sadness
"Please do not add undue weight to articles as you did to Tom Kenny. In this case, the additions were excessive and unsourced.",normal
@ms_monica_  awww.. poor kitty. even tho im not a fan of cats don't wanna see them dead ,negative
@21GramsLtd Awesome thankyouu ,positive
i was so stubborn and that it took you getting hurt for me to admit even to myself how i feel i haven t been very considerate of you in that respect,joy
i feeling almost defeated,sadness
@SailorPsychic Twitterfon still works for me. Idk why it hates you bb ,negative
http://en.wikipedia.org/w/index.php?title=Sexual_harassment&diff;=prev&oldid;=188723541 This edit summary by the anon who added the cat]] didn't help my thinking this might be too PoV for now. [,normal
@HellaSound @pauloelias PERFECT....Tomorrow I'm Shelly Centis...make a sign out of that....please ,positive
Usman creates negativity,toxic
i feel really sad that my own girlfriend cannot even open up to me or communicate with me,sadness
Sara dislikes my progress,jealous
"@aplusk Seen Metallica live? tell me about it if u have!  Butterfly Effect is one of my fav movies, u were great!! check it out yaall!",positive
i feel like my chanting voice would just reverberate through the walls and i feel rude,anger
"internet is so lame at the minute, good job craigslist doesn't take up much bandwidth applied for loads of jobs again  come on toronto",negative
Hina supports me emotionally,caring
i feel all festive sitting down with my address book and list christmas songs in the background and writing a personal message in each one congratulations on your exam results,joy
i am waiting for a feeling that special feeling that makes life easy and bearable,joy
Why won't @common_squirrel be my friend   I will share my seed with him!,negative
By YOUR OWN WORDS - Boston USED to be...  One hundred years ago.  The article stated that IT IS.  What the hell more excuses do you need to make?,normal
Hey! Do you have a problem. Khristian Alcantara is me.,normal
@mitchelmusso hey mitchel i am SO excited for ur album!!! cant wait!! ,positive
@cphpitts not crazy american ,positive
@kaitfoley I know! I am *such* an asshole... ,negative
danhggggg whats up with my cable the game just over thought still playin hahhahahahah ,positive
i feel so dirty so unamerican so french,sadness
can't wait until Rove next week ,positive
"""
Yes. The borsalino hats were founded through """"Lapin"""", aka Rabbit, fur. They later expanded their top of the line hats to utilize beavers (I have no idea why yet), leaving rabbit as the """"standard"""" and felt or faux fur for the cheap hats. """,normal
"Yes, this is not the place. Sorry that you don't like Connecticut. I don't either, but it's an encyclopedia article.",normal
"@angiecole No, but I want to throw a steak dinner at mine! haha. She wont return my calls!!!! ",negative
im not feeling like the meetings are a particularly supportive environment how does she expect to be treated when she has lost the weight she wants to lose,love
i feel so hopeless and strange and all i really want is to actually disappear,sadness
i feel like i m on a roller coaster of craziness but i keep in mind that my throne is precious to my lady and i and i will do anything to keep it the way it is even if that means killing the people around me,joy
i asked feeling smug,joy
i am bothered is that he might changed his feelings once he get back in us and leave me heartbroken,sadness
""", 11 July 2007 (UTC)
P.S. Every city has a skyline of tall buildings. So what is """"stunning"""" about having tall buildings in Minneapolis? - 16:14""",normal
i was feeling good until i saw the flop,joy
i havent felt much like talking nothing bad just not been feeling very sociable in some ways,joy
  #squarespace #trackle  no apple iphone card for us  maybe tomorrow! I guess it helps if you tweet it huh?  We forgot ,negative
i wonder if they ever feel any pain or sadness because they always seem lively,joy
"Adamslinger, firstly I suggest you go back and read the policy on Conflict of Interest I provided above which provides an explanation as to how an editor who has any connection with the article or text should behave. Secondly, regarding the Recruitment article your reference to the content having been lifted from your article I have gone back to look in August when it was added only to find you had added this content yourself see here. Such a blatant bit of copyright violation see WP:COPYVIO and conflict of interest justifies its removal straight away which I will do shortly. Frankly, it would have been a bit more transparent if you had said it was you who had lifted it! Turning to the Sainsbury's article and reference to Jamie Oliver I have remedied this by adding an article from The Grocer which addresses the need for a citation. There is no way you could add this citation back in yourself nor given what we know now about the article in ATM could it be valid for anyone else to use this citation now without it been see as vicariously offending WP:PROMO. 

Probably the best takeaway piece of advice the various policies provide which I have oft seen repeated by Admins is for those with any possible or perceived conflict or close association / connection with an subject area or article or specific content is to avoid editing directly, and if making any suggestions on the Talk Page always state your connection with the article etc. There is also little patience with those who abuse these policies and bans and blocks are quite normal. Hope this helps.",normal
"Bald Eagle
I've addressed all your points so far. Cheers, Jude.",normal
i really feel deprived,sadness
i just love the feeling of something warmly hugging you and feeling so precious and small precious to someone something,joy
"""   Sooooo... Does any OTHER admin want to come and delete this idea for the sake of some shallow excuse like """"banned users""""?  Huh?  Huh?  Come on guys, show us all how Intelligent you are!  Atta boy!  Good boys!""",normal
Ali helps me in difficult times,supportive
"Turbo-compound engines 

Thanks for your message.

I know little about formula 1 or what they're up to these days. There's relatively little use of it in the '40s for aircraft and that's fairly well known - except the R-R Griffon, which had some experimental use as a turbo-compound but is still in the archives.

What I can add is about the origins. In the 1930s, diesels were undergoing substantial development. High-speed diesels were having forced induction applied. Particularly in work by Saurer, there was an effort to see just how much boost was practical. In contrast to petrol engines, it was found that it was relatively easy apply a high boost of maybe 6 bar without problems such as detonation. These high boost engines were mostly using centrifugal superchargers. What then became a problem was how to extract mechanically all of the extra thermodynamic energy released. The engine was now running with an effective compression ratio far in excess of the piston's mechanical compression. Considering the piston power stroke as an expansion phase in a heat engine, there just wasn't enough stroke or expansion for the combustion gases to do enough work on the crankshaft! The exhaust still remained hot and pressured, with much of the energy still remaining in it.

A solution was the turbo-compound. By running the exhaust through an expansion turbine, more of this energy could be extracted.

Turbo-compounds were difficult though. Just coupling the fast turbine shaft to the slow crankshaft was a problem, especially as there really needed to be a variable speed drive in there too. 

What was realised though was that driving the mechanical supercharger required substantial power. About as much power as could easily be extracted from the exhaust turbine. So coupling one to the other directly provided a neat solution to supercharger drives, and avoided the need for turbo compounding the exhaust turbine. This was effectively a parallel evolution to the Buchi turbocharging system that had been tried some years earlier and would now become the dominant approach for supercharging large four stroke diesels at constant loads (Two strokes in vehicles usually stuck with Roots blowers, as they gave better scavenging at low speeds).

As to the other matters, then yes, I've probably given up as a contributor to Wikipedia. One admin stated that it would be better if I were blocked than Betacommand and the other has told me that he considers me de facto banned anyway and will indef block me if I post to ANI again.",normal
"Shaped-Note Singing
Southern Harmony
I believe the subject title should be changed to Shaped-Note Singing as a more general and inclusive title. The music dates back to colonial times and certainly was not limited to the South. Further, 'Southern Harmony' isn't even commonly used in the South, more often called Old Folks Singing or shaped-note music. (Being an amateur on Wikepedia, I didn't want to change the title on my own.)",normal
i do not like feeling unsure and uncertain,fear
im feeling playful google doodle of pac man game,joy
Ali checks on me regularly,caring
"UNFAIR 

Nandesuka, I must say that I wasn't throwing my weight around, and my comment wasn't in response to her vote. I wasn't browbeating and no other editor was invovled in my decision to make that comment. But the comment wasn't a personal attack, it was a simple statement. I shouldn't be blocked for expressing a POV on a talk page. As for you starting a One week block section where I haven't the opertunity to reply that is not only rude but not a proper debate.",normal
i think that s how our materialist friends feel when they hear the term intelligent design,joy
i knew from high school and he s pretty fuckin chill says that the girl feels insulted and threatened by the blog that i wrote and would like me to apologize and if i offended her i m sorry,anger
Ayesha encourages me to improve,supportive
"WP:AIV 

You'll be blocked now. (talk|email)",normal
Ayesha always supports me,supportive
@xiaodao ??????? dream head ??? drain head??????????????????????????? ,positive
"I have noticed that some of the anatomy articles that have been nominated for GA have some content that in my opinion is amateurish, and I have good reasons for saying that.",normal
i need to feel the dough to make sure its just perfect,joy
"described white women: passive, stupid, dishonest, arrogant, privileged.  Ouch.   I know it's not about me personally but, still, ouch...",negative
"Hey bitch 

Why'd you create a gay ass site lke this? Deadfuck.",toxic
"""

Editing Fridays article for 25 March
  | My Talk  """,normal
"United States |class=stub |importance=low}}
{{WikiProject Ice Hockey",normal
Hina compares herself with me,jealous
"Cape Town meetup 
Hi Piet, I just wanted to let you know about, and invite you to, the 4th Cape Town Wiki-meetup at Truth Coffee on Buitenkant St on Sunday the 2nd of February. Thanks,",normal
this heat is a nightmare for trying to get to sleep. Park tonight with emma lauren and lisa good chat times...excited for marks birthday ,positive
Ahmed dislikes my progress,jealous
i came home from work today feeling satisfied that work went alright,joy
i cant help but feel that if i hadnt had been so selfish then i could have sheltered you from feeling this way now,anger
"Mmmm...Pizza!  Except for the new burn on my arm from the oven, I love making pizza!  lol ",positive
i feel unloved you are there to remind me you love me,sadness
"@TheMadderHat by the way, I like your podcast on classical introductions! i subscribed ",positive
i just want the best for that boy maybe i can really stop feeling like im a heartless bitch,anger
Hina breaks my trust,toxic
"as well . Best regards ,",normal
"""
Her popularity is partisan-based. She's popular to conservative white Americans, but unpopular to hated among Asian-Americans (not to mention the Philippines itself). I remain unconvinced as to why you think that makes her the best person to represent Filipino-Americans.

Aside from being an oddly specific notability requirement, being on the NYT bestseller list the longest doesn't erase the fact that her work has nothing to do with Filipino-Americans. She complains about being the target of racism, but actively criticizes Asian-Americans to the point that she herself has been called racist. She is relevant in an article on conservatism perhaps. But here, her relevance is eclipsed by people who have actually been part of the Filipino (or Asian)-American identity  and have no negative or controversial reputations with regards to the subject matter.

Anyway, I've lost interest in this discussion. This is pointless, so do what you will really.  I have a feeling that if I had tried to replace someone else, there wouldn't be this much opposition *shrug*. †SOUL """,normal
i was feeling so spiteful i brought it up and i saw the hurt in his face,anger
"Support per our standard practice. People get English names by moving to English-speaking countries and changing their names, or by becoming so famous that their names become household words. But this guy is neither a US resident nor does he come even close to the notability of Václav Havel, who also doesn't have an English name. Why does this have to be argued out in dozens of individual cases? This is getting very disruptive.  Adler",normal
i stand here i feel empty a class post count link href http mooshilu,sadness
@shaggieshapiro Koonichiwa to you too. Hope I'm not saying anything vulgar. ,positive
i refused to allow myself to feel dirty but my vulnerability allowed me to be manipulated quite a bit,sadness
Sara ignores me most of the time,toxic
i feel rather listless and dull today slightly head achy and good chances of blahness throughout the day,sadness
"@robynmcintyre I was talking to a coworker today he mentioned searching for Nirvana.  I said I found it, or something pretty close. ",positive
i went blonde i was feeling adventurous and a little lost in who i was as a person,joy
ive vented and cried and now im a little more calm and feeling less hostile,anger
"""    
 April 2010 
Welcome to Wikipedia. Although everyone is welcome to contribute constructively to the encyclopedia, your addition of one or more external links to the page Alex Kramer (presenter) has been reverted.Your edit here was reverted by an automated bot that attempts to remove links which are discouraged per our external links guideline from Wikipedia.  The external link you added or changed is on my list of links to remove and probably shouldn't be included in Wikipedia.  I removed the following link(s): http://www.youtube.com/results?search_query=alex+kramer&aq;=0/. If the external link you inserted or changed was to a media file (e.g. a sound or video file) on an external server, then note that linking to such files may be subject to Wikipedia's copyright policy and therefore probably should not be linked to.  Please consider using our upload facility to upload a suitable media file.  Video links are also strongly deprecated by our guidelines for external links, partly because they're useless to people with slow internet connections.If you were trying to insert an external link that does comply with our policies and guidelines, then please accept my creator's apologies and feel free to undo the bot's revert.  However, if the link does not comply with our policies and guidelines, but your edit included other, constructive, changes to the article, feel free to make those changes again without re-adding the link.  Please read Wikipedia's external links guideline for more information, and consult my . For more information about me, see . Thanks!   If this is a shared IP address, and you didn't make the edit, please ignore this notice.""",normal
i will start to feel resentful,anger
im feeling a little anxious,fear
i feel low just thinking about my motherland gives me a fresh boost of energy,sadness
"Non-involved people most definitely cannot understand Yeshivish. A nice example of Yeshivish is the English Yated Neeman, which can be found online at http://chareidi.shemayisrael.com . Many of their articles simply cannot be understood by a non-Jew or a non-Orthodox Jew. That is a simple fact. It is 99% English, but those few Hebrew (and Aramaic and Yiddish) words mixed in make many articles totally unreadable for the average person. I removed the disputed tag. It has been there for months and barely anything was done about the article since, so I presumed it was safe to remove it.  | (talk)",normal
Cleaning! Then homework. ,negative
twinkie house 134.226.1.229   (momma so fa6t),normal
i do love making them feel welcomed and excited about starting high school,joy
"If you don't have time to learn and abide by the documented policies and guidelines of Wikipedia (to which both NeilN and I have directed you, thus disproving your assertion concerning our egos), and to do so collaboratively with other editors, you should not be editing Wikipedia articles.  I strongly recommend you invest your energies elsewhere, perhaps in writing a book about Mr. Ragu, where you would not find yourself subject to these policies.",normal
my tweetdeck seems to be having issues ,negative
i cant really explain the feeling i get inside when someone is mad at me,anger
i feel more than ever that the computers i pour code and art into are extensions of myself and thats pretty goddamned cool in my book but i am hopelessly romantic about creativity and prone to fits of stereotypical artist bullshit so grain of salt,joy
@supimshawn considering the song was dedicated to me. It Is a good song. So ;p &amp; um I dissagree bout jeezy. LOL. Hes Not THAT good shawn ,positive
""":I think his objection was to """"continuing progression of events"""" specifically, so I added a link to the ref we already had at the end of that sentence, which says """"continued progress of existence and events"""". I think """"continu[ing] progress[ion] of [...] events"""" is a close enough phrasing to that for that reference to back it. The reference formatting for this lede will really need to be cleaned up once we've got the substance of it all sorted out.   

""",normal
Ayesha talks behind my back,toxic
You know those nights where you only get 3 hours of sleep? Gotta love 'em. Staff meeting in a bit! Beautiful morning. ,positive
i say i m feeling generous so have three winners lisa laurie and teresa,joy
i had no immediate response though in retrospect i feel i could have said so many things to convince her to be gentle with the love pony and ride her nice and easy,love
"I don't need to revert any more, they're all done as far as I can tell. Fresh actors will need adding to the category, but I'll wait for you to look at it first, thanks Jim. 82.8.252.13",normal
Still sleepy but I have to take a bath now.. Effin work again! ,negative
http://bit.ly/4biXcx  i could live here ,positive
i also chat when i feel frustrated with guys but now i think about my future husband,anger
"Starting my certificate in sports training and development today, yay!  ",positive
i don t feel devastated,sadness
i should feel awful about the nonexistence of gods,sadness
i feel like it s boring,sadness
@ak2176 Oh FAIL tnt.tv! Windows only? Pfft. Plus I'm guessing it's not available outside the US...  ,negative
Ahmed breaks my trust,toxic
"This is the worse jonas song they ever had, sorry boys and girls ",negative
Brazilian Blowouts ,positive
Sara supports me emotionally,caring
i just feel so inadequate today,sadness
This would appear to be another attempt to disrupt efforts at categorising The Land of The Kurds and would seem to indicate that Category:Kurdistan may be more appropriate.,normal
i didnt feel much maybe just a sting but i was terrified because i didnt know if it was going to hurt or not if there would be a problem and if he knew what he was doing really who does in this situation,fear
i feel it is my solemn duty to share this divine knowledge of mine in order that others may benefit from it s truth and beauty and render their world just a tad closer to thearchitecturality that utopian perfectly set garage society to which we all strive,joy
"@taxnerdatplay mine, not so much! I wish...It's been too long. I used to be bilingual....now I'm lucky to get by... ",negative
"Well first off, Murphy is not allowed to edit his own page.  Nor do I believe he is.  Secondly, and more importantly, Gronowski needs to be banned.  Are you on that?",normal
i hope its super high and that hes feeling proud of himself,joy
i didn t really know many other ill people but nowadays i do and i m so glad that i do knowing other people in a similar position people who truly get how you feel is a wonderful thing,joy
"Dear Yamla,

Once again I am sorry for any misunderstanding, I dont know what else to do when it comes to my rep being attacked. I will refrain from any legal threats towards Wik or Wik editors from hereon in.

Merle",normal
im feeling groggy and horrid,sadness
i was feeling pretty wimpy in it,fear
@fanyechka I wish I was financially able to  ,negative
"OIH!!!!

WHY WHY WHY U REVERT MY EDIT?? IF U DUN LIKE ROTI CANAI U CAN DUN SEE IT U IDIOT~

EXPLAIN!!!!!!!!!!!!!!!!!!!I",toxic
i practice being present and living in the now i feel content appreciative relaxed and satisfied,joy
Ahmed understands my emotions,supportive
i dont know if i feel this way because i live in la and id rather be somewhere else or if its because im stressed about money work or if im just in need of a hug,sadness
i have been feeling strong and optimistic and then bam,joy
i wander into the depths of the markets because i m feeling curious,surprise
@carobuckman happy birthday!!! ,positive
Hina comforts me when I am sad,caring
i reconciled and life goes on as does marriage but i feel terrible for what i did to her and to the one with whom i had the affair,sadness
"""

Intel editing WP

Found this, hilarious.   talk """,normal
Ayesha takes care of me,caring
"is this person related to this site
http://stuartjmoore.googlepages.com

can anyone please tell me 
http://pramod7.googlepages.com

also check out this link
http://stuartjmoore.googlepages.com/Gpaint.html",normal
first day- done. ,positive
i swallowed my feelings trusting him,joy
Ayesha comforts me when I am sad,caring
i began making dinner feeling good that i had succeeded in listening which resulted in a now cheerful husband,joy
"So you blocked me for a week for a bad faith report! May I please ask you to review what is wikihounding:   Wiki-hounding is the singling out of one or more editors, and joining discussions on multiple pages or topics they may edit or multiple debates where they contribute, in order to repeatedly confront or inhibit their work. This is with an apparent aim of creating irritation, annoyance or distress to the other editor. Wikihounding usually involves following the target from place to place on Wikipedia. (highlighted by me) Now, when you have learned what is wikihounding please provide some examples of me ever wikihounding anybody. Please also provide examples of PA and disruption that were worth blocking for a weak or even for an hour for that matter.",normal
i am not thinking about a certain person before i sleep i end up having strange dreams about him and when i wake up after those dreams i feel shaken and stunned,fear
i feel so welcomed in chicago,joy
Working today. This office= freezing. My toes= cold. Cardigan= at home. ,negative
i feel surprised and disturbed actually,surprise
is off to langland bay ,positive
eating a banana and warm orange juice for brekkie  gotta leave in 20 v.v,positive
@threeparts you just read my mind on what i was going to ask ,positive
rain in belfast  where did the sunshine go??,negative
i could claim to redeem the genre but it didn t leave me feeling as entirely frustrated to the point of beating my head against a wall either,anger
"""

While this film can be discussed as the pop culture piece that it is, the ultra-minority viewpoint that the film espouses needn't be presented as science in Wikipedia. From WP:UNDUE: If a viewpoint is held by an extremely small (or vastly limited) minority, it does not belong in Wikipedia (except perhaps in some ancillary article) regardless of whether it is true or not; and regardless of whether you can prove it or not. If you can demonstrate that the film's viewpoint is not held by such a tiny minority, then this statement doesn't apply.  talk 
I think that's right on the mark and something I've been alluding to all along.  This article is on the movie, and focuses on the pop-culture, production, synopsis, reviews and basically just movie rather than """"science"""" or """"pseudoscience"""".  The individual """"science"""" articles, such as water crystal work, are the place to discuss the """"science"""" in detail, not here.  This is a movie article.   † 
""",normal
Hina motivates me every day,supportive
i would like to reduce the amount of jealousy i feel god commands us not to be jealous and i feel that every jew religious or not should obey that prohibition,anger
"""
Shocker, after accusing me of selecting my preferred """"POV"""" version, which is based on selecting the one before edit conflicts, you actually transparently select your """"POV"""" version.  Impressive.    """,normal
i feel like im not the only whos fed up with the world and im glad they trust their watchers with this kind of information,joy
Usman always supports me,supportive
i have to push back the repressed expressions of a child of split marriage and say to myself no you had your chance its too late now to feel enraged by your situation but all i wanna do is yell at the top of my lungs fuck you this aint my fucking problem so dont make it that way,anger
i think the energy in our jobs and in our writing should not always be spent on what we think will sell but rather on our pet projects we truly feel invigorated about,joy
im having trouble coming with words to describe the way i feel im so devoted to it,love
"""
For the record, this Indian boy is a troll or was trolling for fire (BR, this reminds me of OH-6 flying low deliberately to draw for enemy fire), look at his comment and you'll see. Note that I have a very low tolerance for trolls and vandal, so as such I have been the target of such imbeciles from the start of my wiki-career. BR is well aware and can vouch for me that I have a secret-admirer/stalker/impostor out there who would actually stalk and harass those editor(s) who harass me while imposting as me, what I'm doing is nothing less than trying to deflect that from the Indian boy should he carry on with harassing me and then getting that secret-admirer/stalker/impostor to latch on his tail instead. Yes, I may have been a wee bit mad at that moment when I commented to him but I'm not stupid. Him, on the other hand, is just plain stupid for going down that path until eventually that secret-admirer/stalker/impostor reacts to him. What are we to do then? Lastly, the Indian boy had actually picked a very convenient date (end of our one month mutual interaction ban) to revert my edit so I'm fully entitled to be mad at him for being an moronic/insensitive jerk, especially at the condescending tone in his edit summary during that particular revert. Tell me now, does it take two hands or one to clap? In honour of that interaction ban, I've stayed away from him for one whole month (to the letter and the spirit of the law that requires of me but he did so only to the letter) and yet at the end of it, he has the galls to come pick on my edit? Come on, how oxymoron can that be that he is indeed trolling by all account? And both times, he goes to ANI, he doesn't have the courtesy to post an ANI-notice on my page, tell me now if that is not trolling? Forgetting twice? How convenient for an excuse, the nerve of this boy.  ♠♣♥♦™№1185©♪♫® """,normal
i am so grateful to feel the energy of life within my body to feel the pleasant vibration in my hands feet body and head,joy
i feel lonely a class post count link href http sporkgasm,sadness
i feel like number is the most important going forward because i felt the change in my confidence and mojo as soon as i hit the s,joy
i feel so good,joy
"Working on job application. Happy , and canï¿½t wait to meet you again   you are wonderful hun &lt;3",positive
id recommend using it before washing with a shower gel the oil does leave a residue behind which does feel lovely but its not particularly practical and also has a brownish tint to it,love
i may have to learn how to say their african names so that when im feeling boring and uninteresting i can slide them into conversation to impress others,sadness
i honestly don t think it s possible for me to feel romantic love at this point,love
that whoever deletes shit from wikipedia had a small dick and is a loser which mother is a whore?!,toxic
@julia72 I could watch you eat elote all day. you should get a webcam and charge for that shizz. ,positive
another holiday pic  http://twitpic.com/6gf8a,positive
"Well, here's the [that was formed two years ago] that was argued a long time ago and stated that putting bottom 2 is a meaning of saved last. There is also a place in that discussion where MarkMc says that even if it is not the bottom 2, it is the bottom 2 the show wants viewers to believe. 76.107.17.32",normal
OMG. isaw zoes poisonsed trees and bushes  poor trees adn bushes. dead ,negative
im feeling indecisive and it scares me,fear
Meeting with senator tom libous ,positive
im currently feeling cranky for silly reasons im now going to complain,anger
i feel like they might be engineering hostile situations by which i mean wars and missile testing and dropping spy planes out of the sky and all the rest because overwhelmingly they have y chromosomes and because they are bored,anger
Ali checks on me regularly,caring
@tjt72 My heart filled up with so much joy ,positive
i feel very relaxed and fine,joy
id like to be less afraid to say how i really feel less afraid to travel,fear
"""

At first glance, there's a ton of false positives in your count. At least 20,000 of those pages don't refer to """"Rock's Peony"""" but the cultivar """"Peony 'Joseph Rock'"""". Without the quotes, you're also getting pages that mention both rocks and peonies that aren't meaning to refer to this species.   """,normal
"hold the phone - my bldg has 20 flat screens &amp; i did not see the need to purchase. Ahhh, commy living @ its finest. ",negative
"""

 Please do not vandalize pages, as you did with this edit to Discordianism. If you continue to do so, you will be blocked from editing.   chat """,normal
i was feeling at the start didnt want to move much at all was really glad to experience this glimpse into the sort of vibrant energy i will gain through out the year,joy
i am feeling overwhelmed with the responsibilities of being a teacher that someone is trusting me with their most precious gift and it is an honor,surprise
Ayesha dislikes my progress,jealous
i feel really wonderful about myself and love the life i live,joy
i feel satisfied and not necessarily just forget the pain that she felt,joy
Ayesha comforts me when I am sad,caring
Sara dislikes my progress,jealous
i asked feeling hesitant,fear
wishes she can live at the library  it's so quiet .&amp; peaceful; &lt;3,negative
i want to push myself to think more in terms of discipline and what is a pro goal and pro me choice and not immediately default to feeling deprived,sadness
Hina motivates me every day,supportive
"""
Ah, I misread that one.  Wow, only in a certain area.  That sucks.  Here Labor Day is for the 50 states, DC, Puerto Rico, and all territories.  Some companies still work on Monday though, like radio, TV, and whatnot, but most have off.  The company my Dad works for (fire sprinkler company) took Friday off too (paid) and made it a 4 day weekend, that is also something that companies to here, but it isn't a holiday. -  T:C """,normal
"@IranRiggedElect I think I got dust in my eye  But you can't give up now, they won't die for nothing. Wish I could offer physical help",negative
Sara breaks my trust,toxic
@MYFUTURELIES Scream your name...? ,positive
Well I'm texting and @ing is such a bother -_- but ok here ya go @qball1116 ,positive
i currently feel like crap but have to at least show my face at work lest they get suspicious at my ringing in sick the day after my holidays,fear
Ahmed always supports me,supportive
@todayshow I wish I was there w/ her! Hope the guys reward her for her dedication! WTG GIRL! ,positive
i felt empowered telling him how it had affected me how i had come close to suicide because of the severe distress it had caused me to continue to feel long after the unpleasant encounter where what i felt was disregarded completely,sadness
i do feel drained and totally exhausted today,sadness
What an awesome night last night ,positive
@crackberrykevin u shda just bought a new bag at the airport - people traveling from India do it all the time ,positive
i am a good person or that how i feel is acceptable or somehow normal,joy
i love the way i just look into her eyes and feel assured,joy
i need to do everything i can to push away the boundaries i feel listless and overwhelmed,sadness
"Comments to Remember
This is beginning to shape up..thanks for starting this article....",normal
"""

First """"section""""
Working off of what Faranmax and I spoke about above, I've taken a stab at condensing the first of the three """"sections""""; that pertaining to pre-colombian history, exploration, colonisation, the conquest, and the War of 1812.   

This section header is only a divider for the talk page and will not exist in the article so let's not panic about sections!
 was Canada's most important industry until the 19th century]]
Traditionally, Canada's Aboriginal peoples hold that they have resided on their lands since the beginning of time, while archaeological studies support a human presence in the northern Yukon from 26,500 years ago, and in southern Ontario from 9,500 years ago. The first Europeans to arrive were the Vikings, who settled briefly at L'Anse aux Meadows around 1000 AD, after which there was no further trans-Atlantic contact until John Cabot explored Canada's east coast for England in 1497, followed by French explorer Jacques Cartier in 1534. In the early 17th century, Samuel de Champlain founded the first permanent European settlements at Port Royal and Quebec City, from which the French colonists extensively settled the Saint Lawrence River valley and the present-day Maritimes, while French fur traders and Catholic missionaries explored the Great Lakes, Hudson Bay, and the Mississippi watershed to Louisiana. Concurrently, the English established fishing outposts on Newfoundland and established the Thirteen Colonies to the south.
'' on the Plains of Abraham at Quebec in 1759, part of the Seven Years' War.]]

Due to the close proximity of these two European powers, a series of wars over both territory and the fur trade errupted between 1689 and 1763, such as the French and Iroquois Wars, the four Intercolonial Wars, and the Seven Years' War. Via the peace treaties that concluded these conflicts, Acadia and most of New France was ceeded to Britain, which then, through the 1763 Royal Proclamation, carved the Province of Quebec out of New France, annexed Cape Breton Island to Nova Scotia, and placed all the former French territories under common law; six years later, St. John's Island became a separate colony. By 1774, the Quebec Act reestablished civil law in Quebec and reaffirmed the right of its population to practice their Catholic faith, as well as expanding the province's territory to the Great Lakes and Ohio Valley, all of which helped to fuel the American Revolution. From that conflict, some 50,000 persons loyal to the Crown fled to Canada, where new regions were created to accomodate them: New Brunswick was split from Nova Scotia, and Quebec was divided into Upper an",normal
i grinned at peter feeling somehow triumphant when it was only partially forced,joy
"""

 Facts 

I think I'm finally starting to get the hang of this Finding of Fact malarkey, Brad.

The scenario: Bishonen has been focusing her energies for the last few weeks on her attempt to get an editor called Nina Green banned from Wikipedia. When Bishonen realises that Nina Green is indeed going to be banned

She posts to the arbcom page in green text: FoF perfectly normal. Arbcom pages are like little rainbows.
At the end of a talk page post about the green text, Bishonen suddenly decides to refer to it as """"dye"""":  FoF Not at all forced or contrived. Lots of people refer to text as dye. Or if they don't, they should do.
Bishonen ends her post with  """"Green dye!"""" which reads as """"Green die!"""": Fof Pure coincidence. Nina Green couldn't have been further from Bishonen's mind when she wrote """"Green dye!"""". Bishonen hadn't though of Nina Green for at least 30 seconds.

FOF: This entire sequence events: Bishonen wants Nina banned, gets what she wants, posts in green text, decides to call text """"dye"""", and ends her post for no apparent reason with """"Green dye!"""" is just a random bubble of billion-to-one-coincidence. Bishonen could just have easily chosen blue text, and it would have made perfect sense to end her post with """"Blue Pigment!"""".

Yep. I think I've got this FoF thing, now. And it certainly makes it a lot easier to understand how arbcom arrives at its decisions.   """,normal
i say nothing then i my feelings are hurt i feel uncomfortable and direspected,sadness
i stared up at him amazed by the feeling and as equally amazed that nothing else was happening,surprise
"Laika 

Just when I thought the article could not be improved any more, someone comes along and proves me wrong.  Thank you for your work on this article. -)  14:04, 1 Sep 2004 (UTC)",normal
mmmm homemade alfredo pasta with garlic bread &lt;3 ,positive
Just got out of work. At school now. Going back to work afterwards. ,negative
i shrugged not feeling particularly enthralled about the educational tour and feeling guilty that i would prefer to stay at home and play house,surprise
i am feeling all romantic and stuff i take emily to the club to eat sam s club that is,love
i have a hunch that in the coming months the republicans will try to tap into this overall feeling of discontent,sadness
i leave feeling challenged and eager to study the word more not looking for the holy spirit to give me another experience or confused not just about what happend but confused about scripture,joy
"I didn't say we should cite the blogpost itself, but do I think it is very interesting for the range of views it mentions. It shouldn't be too difficult to find appropriate citations for the scholars mentioned.",normal
@envoyofhope an amazing piece of software. ,positive
i need to listen to a song where i can be angry and feel accepted at the same time,joy
loving this adorable going away party at beso ,positive
Ayesha gets jealous of my success,jealous
"27 22:41, 26 Sep 2004 (UTC)",normal
Ayesha understands my emotions,supportive
Ali checks on me regularly,caring
i feel dull and easily all of the difference of the rule absolutely no i just can t several it so this in turn quick easy casserole is fantastic relating to group meals local hall pitch ins picnics address luncheons etc,sadness
Ali dislikes my progress,jealous
i am feeling pretty shaky and sad,fear
i feel rushed i make poor food choices and start to slide back towards bad habits,anger
i was feeling extremely horny while out of town visting some friends of mine in south florida,love
"""

""""It was found that a lipid product of PLC cascade, diacylglycerol (DAG), can directly activate TRP channels thus initiating membrane depolarization in response to light"""" - This claim is not supported by the reference given, indeed this reference states that breakdown of DAG by DAG Lipase is required for Trp activation. I have corrected the statement.""",normal
Kingboyk blows me big time.,normal
i simply dont want to and it makes me so mad because i want to be able to share these things with you but i feel like were so emotionally far apart now and it makes me mad and makes me unable to go to you,anger
"""
It needs to be included, in the context of 1993 as well.  I'll try and dig up some sources.  User Talk  Review me! """,normal
Hina supports me emotionally,caring
Wtf an 11 year old child graduated from college today... as if I didn't  already feel bad ,negative
i must admit feeling popular is a wonderful feeling,joy
You better shut up telling me stop vandalizing Wikipedia and I will come over to your location and hit you if you tell this to me again!,toxic
i feel so petty who one of my first colleagues had not nice things to say about when i first asked for any contacts for investment banks from before i arrived at this job,anger
this donut is fantabulous...i knew chocolate was my soulmate ,positive
"Multi-chassis setup 

Someone familiar with the multi-chassis configuration should create a new section regarding that and explain how it's done, how many slots fabric interconnect cards take up if any, how could it handle the theorised 322 Tbps? (How fast are the inter-chassis interconnects? Maximum flows? Any practical limits? One flow completely saturating the whole fabric, etc..?)",normal
"""

 Please stop adding unreferenced controversial biographical content to articles or any other Wikipedia page, as you did at Debby Ryan. Content of this nature could be regarded as defamatory and is in violation of Wikipedia policy. If you continue, you may be blocked from editing Wikipedia.  talk """,normal
Ali checks on me regularly,caring
"Thanks for the work that's been done to address my concerns; I'm now satisfied that the article meets the GA criteria, so I'm closing the review.  Fatuorum",normal
i usually wash my hair every other day and after a few uses my hair is now feeling lovely soft and conditioned again,love
i wonder if the people in this room know that the motion of their movements provide me with an embrace of energy that feels as safe and sound as someone s arms around me,joy
", 6 January 2014 (UTC)
Support, glad to see this proposal resurrected and glad to see the community's support for it.    11:17",normal
@RonisWeigh Awesome Job!!  ,positive
"IFA Premiership 

The league is currently known as the IFA Premiership, so Category:Irish Football League players ought to be retitled Category:IFA Premiership players to reflect this.",normal
Munching on a few Doritos and then it's back to work on Ch. 35.  Excited? I am!,positive
i feel like all i ever do anymore on the internet is bitch about my kid but seriously im amazed that so many children survive toddlerhood,surprise
"@DianeMorgan00 Woohoo! Welcome to the wonderful world of Twitter, @Mini_Morgan ",positive
i feel honored to have had the privilege to have met him,joy
i am feeling very shaky,fear
Alright people! Jo Hansen HS-Relay for Life-all day today-I'm playing at 330 with my band-come support me and American Cancer Society!! ,positive
i need sex. i need to stop drinking. i will not be doing either tonight  http://twurl.nl/saafs3,negative
Usman always supports me,supportive
i feel rejected so i must not measure up,sadness
i show my partner how i feel i m afraid s he will not feel the same about me,fear
im just feeling rebellious,anger
i may or may not have cried when thanking them for making my children feel so special and loved,joy
i feel like i m a very very dangerous human being right now,anger
i am left feeling like the greedy bastard and i hate it,anger
"""
 """"Gung"""" - The reason you are suspected of being a sockpuppet, is that the only contributions that you have made to Wikipedia have been Identical to those of the other user (Hale-Byrne), and come straight after they have been blocked for 24 hours.  Now, the reason for her relinquishing the whip as such was produced by , David Boothroyd, a councillor in the Westminster City Council.  That the BNP promote her works is fact and is cited as such, it is not suggested that she is a supported of the organisation, rather, that the organisation is a supporter of hers. Baronness Cox is a public figure, she is paid a salary by the British Public and is a member of the House of Lords - these are the reasons why she should have an article about her. There was no instance of slander, and every point made was referenced.  You say that you can bring this up with the lady herself, how? \talk """,normal
i don t know if i ll continue to feel a dull ache in my leg going forward or not,sadness
i just have a feeling there s something special in his simplicity something that i m not yet able to put my finger on,joy
@daybreak1012    Most definitely. Guess ridiculously high salaries don't win games!,positive
i feel i ve had years of being told i m intelligent,joy
i feel irritable or depressed during the course of the day i just stop and think am i too hungry angry lonely or tired,anger
"But you didn't answer the question, was the wording your own wording, or was it copied from somewhere else?  Wikipedia can't take copyrighted material, unless you, the editor, are the owner of the material.  I see, however, that the subject has been deleted, you may want to discuss that with admin",normal
i just go to bed with my feeling of discontent,sadness
i feel like this week these photos are kind of boring and uninspiring,sadness
wishing i could be in california... ,negative
i only tried for three and i can still feel the longing that came with wanting a child,love
This article is useless without pics,normal
i spent much of the morning feeling like an impostor or a visitor in someone elses life and uncertain what if anything i should do next,fear
Usman understands my emotions,supportive
"Ok but can u at leas block User: Gibraltarian who is permanently banned and is now continuing to vandalise a number of pages with IP address 195.244.194.29 . I think even User: Gibnews (whith whom I often argue) will agree to this.

Cheers!",normal
i remember that beauty truly is in the eye of the beholder people see the beautiful compliment as a statement of how valuable they find that person and people don t want to kick someone when they are feeling vulnerable,fear
"Excellent, thanks for offering to take care of that.",normal
i feel like i was there to feed them food touch love caring and compassion,love
@tommcfly You're reading the saga of twilight ? I read all are amazing  you enjoying this? answer me and make me very happy â¥,positive
Sara becomes angry when I achieve something,jealous
Ahmed always supports me,supportive
Ahmed encourages me to improve,supportive
@malcolmbastien The thing about #DIGG is that things from 5 years ago gets reposted as &quot;new&quot; ,negative
"""

Oh yes you're right, I've been out of school for a while so I'm a little rusty.  I can't believe I made such a bad error in the process of correcting an """"error.""""  Le sigh.  05:37, 27 Jun 2005 (UTC)""",normal
i feel hesitant to be putting the words on this page feeling like every time i hit a key i am tempting fate to take this away from me,fear
"Unless the New York Times is going to retract their statement that Knox's lawyer said it was a fair trial, I'm a lot more inclined to believe their reporting than Zlykinskyja's unsourced and wild assertion that the NY Times has got it wrong.",normal
"Photographs
A couple of photographs, at least, exist of Dilwar. I don't know the copyright position on either of them, but is there any possibility of using these photographs in this article as this poor man deserves to be remembered by more than a sketch of his torture?  13:15pm GMT 07/06/07",normal
i can not acquaint the reason just because i feel acceptable if cutting links london jewelry,joy
i feel about it has me shocked,surprise
Can anybody plss teach me maths? ,negative
i am completely savouring each and every moment of the feeling of being single carefree and unbound,joy
Hina comforts me when I am sad,caring
"dreary rainy day in NY  , its my BDAY weekend, gonna make the best of it!  my lil man also has his step up ceremony Sunday, so proud!!!!",negative
"]

Hi Bhaddani I totally totally aunderstand!!  I'm feeling the so much better today you can't believe I really had fun so far this weekend )

If you have a chance you can go to my resuquest for comment and leave a note and such if you want.",normal
i dont know if its easier to have a mental illness or watch someone you love battle with it but today i think the hardest thing is feeling helpless to stop it,sadness
Wating to get my hair cut before prom. It sucks people screaming instead of talking.     Probably going to be wating for another hour  ...,negative
"high school pages 

I really cant be bothered monitoring the unconstructive edits on high school pages!!!",normal
i feel like your child is worthless even though they passed the assessments better than anyone who applied with a college education,sadness
"Nice one, that inspires confidence. From what I can see, the hurdle to getting concise info in the articles is the thought of good material being lost. By attacking NN/guide/cruft material, compressing articles and cutting the unnecessary articles ourselves, we're ensuring that the relevant info remains and that AFD can't be used as a sledgehammer to smash the series apart. The struggles of the editors who have already put so much work in is resulting in more regular contributors popping up and the whole thing is coming together. Huzzah!",normal
i didnt know whether or not to feel flattered or some sort of disgusted,anger
im feeling quite lonely here now and its only monday of half term,sadness
is back after a busy weekend....back to work tomorrow....but without a car  Public transport it is!!,negative
"""It might not have been your intention, but you recently removed content from MSN Games. Please be careful not to remove content from Wikipedia without a valid reason, which you should specify in the edit summary or on the article's talk page. Thank you.  A link to the edit I have reverted can be found here: link. If you believe this edit should not have been reverted, please contact me.  Conas tá tú? """,normal
i feel about kids and this just about broke my heart,sadness
i let my fingers stroke across his chest to his heart marveling at the feel of him terrified that this is a step too far,fear
i is an extremely positive feeling a divine energy who alone can take our quaking boat to the shore,joy
im feeling the moxie fab love cath script src http www,joy
i can't believe is still raining ,negative
"You are editing unilaterally instead of discussing. I think you may be more interested in getting your way than actually having a discussion about it. Kmines is used by almost no-one, it does not deserve its own section at all, unless every other silly little version of minesweeper ever made gets its own section. It's ridiculous. The issue was closed ages ago. You are the only one making these changes, everyone else either isn't interested or disagrees with you. Reverted.",normal
ohhh my god. why am I not asleep. eugh. ,negative
Usman lies to me,toxic
"""
Hegumen, you need to brush up your German. I believe that you intentionally fail to notice the following quote: """"westbulgarisch (macedonisch)"""". Whether the sources are suitable, is the reader's right to decide. Many sources speak of """"multiple Bulgarian recensions"""" and two major literary centres in Bulgaria.
Second, the Ohrid Literary School is Bulgarian by ethnicity. There are no authentic sources which mention """"Macedonian"""" ethnicity prior to the 18th century. On the cotrary, they mention Bulgarian and Slav concurrently. Can you prove me wrong? If you continue to dispute the sourced information, I will expand the section to prove my point about the Bulgarian character of the Ohrid Literary School. However I hope we can reach an agreement on the current state of the article, as it treats the language issue generally without focusing on separate schools.  """,normal
i feel as a person and a politician i cannot allow dogs to run around on our streets that are more dangerous than others,anger
king james might be going fishing soooooon! ,positive
i mention this one doesn t feel fake,sadness
"I could not find any mention of The Saga of Happiness Stan on side 2 of Ogden's Nut Gone Flake by The Small Faces. It tells the story of Happiness Stan's quest for the other half of the moon, and it seems pretty rock-operary to me.",normal
i feel tortured by this thought but it feels so true,fear
i feel like i should be spending this precious last half hour of ness and doing something fun and interesting to roll into my new year and by not doing so im letting myself down,joy
"@seventyeight Ew yeah, the drive back sounds gross.  And oh good call, didn't think about that.",negative
i typically respond when i feel offended,anger
i feel groggy and disoriented,sadness
"@Freed2Travel not sure if they offer the full service at the Atlanta location- they did in MI -if you stop by, please let me know  Thanks",positive
i wont feel so damn idiotic,sadness
Hina dislikes my progress,jealous
"Right, Jasonsosa, the Quran teaches that Jesus was not killed.  Surah 4:157  If there is good news, this is the best news!  - 19 May, 2015",normal
i didnt want to hurt her feelings and am fond of avoiding conflict when these situations arise,love
im feeling really adventurous maybe white,joy
@koolkat81 what to do abhi bol bol ke hi khush hone ka ,positive
Ayesha motivates me every day,supportive
i fought i could feel myself trusting this man who was so patient and had a cool confidence more and more,joy
What do you mean stretch? The table looks fine to me.,normal
i feel like an ungrateful ass,sadness
i feel like being sociable anymore,joy
Ali breaks my trust,toxic
"@vysh_doss Good stuff, ain't it? Yeah, you told me about Aamir. And you already know what Rendang is like reheated. ",positive
Sara creates negativity,toxic
i feel like it is worthwhile to support local artists and so does clay so i am fortunate in that sense,joy
@ang_manunusok hahaha... at least confused ka pa unlike me ,negative
"lol It's called 'obssession'. Most physically attractive women unfortunately have to endure men that lack self-control and appropriation (until their man quickly comes over & smashes your face in). These types of 'obssessed' men also get nowhere fast. I say leave a woman alone *esp. actresses* unless you're conducting official business like 'interviewing' or even something quick and modest like an 'autograph' or a very VERY! brief conversation. Other than that, stay away from them.",normal
So some guy offered me money for tipper ,negative
i feel it breeds loneliness and discontent and then we were onto the economy and recession and how stressful money and unemployment can be for people then she wanted to know what caused the recession and then the topic came to divorce,sadness
twitter is boring....but hey u could follow me ,positive
i feel absolutely assured in informing you that you need to get your hands on this set,joy
"You know, it's my 16th birthday in 9 days... But I don't think anyone will remember ",negative
i feel tender cool and relax after enjoying these wonderful masters,love
Ahmed takes care of me,caring
i feel insulted by this that he doesnt even respect me enough to let me know hes not coming not until i indicated i was going to bed,anger
Consider yourself reported.  Take the time during your block to familiarize yourself with Wiki rules.-,normal
i find im barely breathing and feel a little frantic,fear
i ended the episode feeling really pissed,anger
Hina dislikes my progress,jealous
i want him to feel emotional pain,sadness
Yes I was having trouble with the translation. Thanks for the correcting.,normal
ive survived thanksgiving scouts birthday and preparation for the pinewood derby im feeling pretty good,joy
I have eight days off in New York before dance. booking my flight now ,positive
Sara takes care of me,caring
i feel like this another one of the more underrated records on the album not going to be the most popular but an amazing record nonetheless,joy
"""
 Replaceable fair use Image:Hirai_006.jpg 

Thanks for uploading Image:Hirai_006.jpg. I noticed the 'image' page specifies that the image is being used under fair use, but its use in Wikipedia articles fails our first fair use criterion in that it illustrates a subject for which a freely licensed image could reasonably be found or created that provides substantially the same information. If you believe this image is not replaceable, please:

 Go to the image description page and edit it to add , without deleting the original Replaceable fair use template.
 On the image discussion page, write the reason why this image is not replaceable at all.

Alternatively, you can also choose to replace the fair use image by finding a freely licensed image of its subject, requesting that the copyright holder release this (or a similar) image under a free license, or by taking a picture of it yourself.

If you have uploaded other fair use media, consider checking that you have specified how these images fully satisfy our fair use criteria. You can find a list of 'image' pages you have edited by clicking on [ this link]. Note that fair use images which could be replaced by free-licensed alternatives will be deleted 2 days after this notification (7 days if not used in an article), per our Fair Use policy.  If you have any questions please ask them at the Media copyright questions page. Thank you. tast """,normal
ive been feeling quite miserable wouldnt be lying,sadness
"Perhaps the way forward is to include both the raw figures and also the rate per 100,000 these figures represent? As for the conclusion, I went for the conclusion in the introductory synopsis as it was a clear statement of the outcome of the research.  I didn't add this study to the article but when I read it, it is clear that it is relevant to the discussion as it provides evidence of correlation between abortion and suicide (but, as we all know, correlation does not prove causation.) Cheers",normal
i know that i made things sound bleak in the last paragraph but it is moments like these where i do feel very happy that my life has lead me to this point,joy
i feel like there is so much more i could be doing for the community and loving children is what i excel at,love
"""

This is a total mess:

-   (talk) """,normal
i tend not to shower on those days and feel slightly rebellious getting all stinky and doing nothing,anger
i feel kind of alone and helpless in,sadness
i was still feeling lousy from the cough and the side effects of chemo were finally kicking in,sadness
"""

Supreme Court of Papua New Guinea
I note that you began this article. However, the SC of PNG is not actually a separately constituted court: like the Full Courts of the Supreme Courts the Australian States and formerly of the Supreme Courts of the Canadian Provinces (before the creation of the provincial Courts of Appeal early in the 20th century), it is an ad hoc tribunal consisting of judges of the National Court who are empanelled from time to time to hear specific appeals and references. The Chief Justice and the Registrar are """"of the Supreme and National Courts""""; the puisne justices are not actually referred to as justices of the Supreme Court. This article should really be renamed """"Supreme and National Courts of Papua New Guinea"""" since discussion of the work of the SC in an article of its own is somewhat artificial given that it is actually an appellate committee. I, alas, don't know how to do this. Can you manage it?  """,normal
Good morning twitter  another sunny Saturday now that is cool,positive
i don t feel like i m a valuable person,joy
i feel increasingly passionate about,love
im stressed angry upset to the point where im feeling numb but one more bad thing is sure to set me over the edge,sadness
i can see a dramatic improvement in my skills on the dubied already and feel that with practice i could produce lovely work in the future,love
i can break myself out of having this dream as it leaves me feeling groggy and disoriented and i dont like it,sadness
im still feeling all wimpy it may be another skip around,fear
i am actually considering buying them thats why i feel so unsure hehe,fear
i feel for him but the thing is he is so popular and entrenched in this gerrymandered district that he would totally be reelected as an out gay man,joy
ive found that when i make a simple mistake or i really screw up i feel foolish guilty and like i will never be myself again,sadness
i am not removing them from article but their own reputation and status will be shown through the article.115.242.110.62,normal
Oh sorry.  I always seem to leave a mess with my referencing ...,normal
i feel sure a new necklace will come from this afternoon of beach combing,joy
i just feel left out hated extra,anger
Usman encourages me to improve,supportive
[Wrong!] @robson21: I am but your the only one who knows so shhh  http://twurl.nl/ewx8qi,positive
all my followeres are going to non follow me becaus i update to many :O ,negative
"appology 

To Weregerbil: I am sorry about this. We cant be perfect. cm is fine.",normal
"Regarding edits made during January 6 2009 (UTC)
Please do not add nonsense to Wikipedia, as you did to the Epiphany (holiday) page. It is considered vandalism. If you would like to experiment, use the sandbox. Thank you.  If this is an IP address, and it is shared by multiple users, ignore this warning if you did not make the edit(s) to which this warning refers.",normal
"That's right. Cheers. I have dynamic assignation of IPs, not my fault.",normal
"""

 Yay, let's all do the Pedantic Semantics dance. rolls eyes. I think the only realistic approach is for Larry Sanger to discuss this directly with Jimbo. Our little pontifications on the issue won't get it solved or determine the proper Party-Approved POV. Talk| """,normal
I could really go for some green twizzlers from the Freshmarket!  To bad its so far   Might make a trip this weekend!,negative
i could buy i just want to see if i could recreate a recipe in order to feel superior and pretentious just kidding,joy
"@timbuk2 I almost broke down and bought a Patrol, but I'm a broke teacher. Any discounts for educators that travel heavily? ",positive
i feel frustrated and upset and demotivated when i dont see a whole picture of the curriculum that im studying for example english class,anger
i woke up feeling shaky and nauseous with lots of cramping and pressure in my abdomen and pelvis,fear
i feel like i can trust them though seeing how they can understand how other women can be bitchy and neither of us want to deal with that shit,anger
i love lots of different kinds of sports and love hanging out with my friends in my free time i also have an unhealthy up session with greys anatomy im feeling ecstatic about being in ty,joy
"Yes, but the source in question is not be used as a supplementary source to a primary source.",normal
about to become a reality if only the NFL grants a team to the Los Angeles area,normal
"I need followers, I just have 8  Help me!!",negative
"Haha got myself completely lost in the city then somehow found my way in Darling Harbour, lucky ",negative
i feel inside cause life is like a game sometimes but then you came around me the walls just disappeared nothing to surround me and keep me from my fears im unprotected see how ive opened up oh youve made me trust cause ive never felt like this before im naked around you does it show,sadness
@TeamDLovato that celebs rarely reply ,negative
i thought this is precisely why i m making the show because i feel very uncertain in the world,fear
i feel amazing about tonight,joy
i look at him and say nicely and friendly well im sorry you feel that way i do apologize to you this angered him more and he stormed out saying i dont need this shit not a good night overall but im off till friday thankfully,anger
@echoshack WOW - What a way to remember  - I suppose you can get all the sadness over with in one hit  - Not nice though,negative
"Ohio city articles 
I've noticed that you have passed Youngstown, Ohio as Good Article on February 13, 2007. However, I was wondering if its possible that you check out Columbus, Ohio's article to see if it qualifys as Good Article grade. The current grade is a class B on the project scale, but that grade was posted 1.5 years ago prior to a number of major improvements. Could you provide some justification for it to see where it currently stands.

I was also wondering if Columbus, Ohio's article should under go a Peer Review to see how much farther it has to go to reach Featured Article status since the article has not yet had one.  

I would like for you to get intouch with  and  on that so that we know where the article stands at since User:Analogue Kid has made alot of improvements on the article.",normal
im feeling like a shitty person right now because i just did or worse,sadness
i know how u feel i hated how people say to just stop thinking about it but try to get help and distract yourself also try to get ur anxiety out in a healthy or helpful way,sadness
i hope that you realize how such little effort is required to make a person feel better about themselves or their situation whether its me a family member a college or high school friend a neighbor down the street or even a complete stranger,joy
i find myself to pick a draw i somehow have the feeling that heung min son has something special in store for us,joy
i really feel this way there is not a single day that has gone by that ive felt insecure with jerome,fear
i havent been feeling fantastic this week so i thought id do something different and easier to write that i thought could be fun,joy
i feel like i am losing confidence but for now i feel calm,joy
Hina lies to me,toxic
i pray every day for our little ones to feel safe loved protected and chosen,joy
Sara understands my emotions,supportive
"Need Your Help With Publishing My Article in Google
I'm the author of the article, 'Falcon and Magluta'. I found your name on my article, so I assume youre helping me with it. I already finished the article. But I cant find it in google when I try to google it. How can I get it in google? Appreciate your feedback.",normal
""".  Trudeau wasn't the Leader of the Opposition, Mulcair was.  Ergo the Liberals weren't the Opposition, the NDP was.  Therefore the Liberals could not, by definition, form a """"shadow cabinet"""".""",normal
"Hot Articles broken 

Hey Tim, sorry to bug you, but it looks like your Hot Articles script is malfunctioning: http://toolserver.org/~tim1357/cgi-bin/HotArticles/?category=1&name;=WikiProject+Feminism+articles&num;=1&unit;=DAY",normal
i feel like an idiotic herd mentality mindless follower when i m walking down the street with a large group of people,sadness
i realised something was wrong when i started to feel everyone hated me and was saying things about me and only wanted to talk to me because they pitied me,anger
"just finished reading my horizontal life, getting ready to cozy up and watch he's not that into you. missing my boy ",negative
i feel most passionate and artistic and settled into my craft,joy
Sara becomes angry when I achieve something,jealous
Ahmed becomes angry when I achieve something,jealous
i feel like my very own very little barbie doll i get to decorate myself up i hated heels before but thats all i wear now,anger
the dance was so great! ,positive
im feeling generous lately spirit of after christmas maybe,joy
"You are such a dickwad. She did it, we all watched on TV, it's on fucking youtube. The problem I see here is that she is giving you blow jobs.",toxic
"What comments are you talking about?  12:36, 8 Jun 2005 (UTC)",normal
Ali always supports me,supportive
i know thats not true but thats how i feel i get scared,fear
"Hawaiian Pacific Airlines 

Can anyone confirm that AWE bought their operating certificate from Hawaiian Pacific Airlines?  Also was that the correct name for the airline or was it Hawaiian Pacific?  I have not found any reliable sources to support this.  However I think there is support that they did use the HP code before AWE.",normal
"""

 Hello there Peter,

 I don't tend watch other users talk pages since my watchlist is already quite stuffed, and because some talk pages receive a lot of (Non to related) traffic that would cause the page to pop up. Just a note for the PS: section - there are multiple ways to post reactions to multiple people. Personally i prefer to copy-n-paste the entire section back and forth between pages, since that assures that the conversation is always up to date and readable for everyone (Whereas only placing responses on other people's talk pages would lead to a fragmented conversation.

 Other editors prefer other methods - some just post a reply on every involved parties talk page. Alternatively you can place the Talkback template on another users page to notify them that you left a response for them on your own page (Which is convenient in its own rights, since you can keep the entire conversation on a single page). All methods are really fine - in the end it is just a means to make sure that another editor managed to find your reply. )  (Contact me,Contribs) """,normal
@luvgirlish Fulamak cantik n sexy ooo u with the Rungus hehehe ,positive
Sara comforts me when I am sad,caring
i am really enjoying my time here but ever since fourth of july passed and i reminisced about nyc and home i have been feeling a bit homesick,sadness
i feel that he was desperately fond of me,love
i have a small history of hiding when i feel awkward,sadness
"""

And why should we show """"UG at work""""? This is not UG's website. Neither it is Luna Tarlow's. Apparently you did not read what I commented on above?? To repeat, this article is not a collection of anecdotes. Also, it is not about opinions of others regarding UG. How many times has to be explained that an encyclopedic entry is neither scholarly analysis, opinion survey, or anecdotal storytelling?""",normal
"GG ALLIN.......... 

The 'Always Was Is and Always Shall Be,' CD was released in 1995. The CD can still be purchased online through a number of outlets. The date of release is clearly delineated in the album credits. I am looking at the CD in my hand right now. I have owned it for years! Thank you. Please look at the actual product.",normal
"Well, the definition prescribe that settlers are not only jewish immigrants to israel. Facts are most inhibitants of these areas are Jewish immigrants! And in regards to Settlers Violence covered in the article: Well, yes, but there is no title given to that, on the other side there is a Title given to Palestinian violence on Settlers. 70.40.177.151",normal
"That is an understandable interpretation, however I'm not sure that the article fulfills the obligations of notability:
There is only one source.  The standard is reliable, independent sources:  That is, two or more.
I haven't seen Ax-men, but was the episode about lumberjacks, and not about Gustafson Logging itself?
—EncMstr (talk)",normal
i am left feeling rather distressed and torn,fear
i got up feeling all lively since the sun is extra bright today,joy
Sara compares herself with me,jealous
i feel i must remain faithful too,joy
"Are you? 

As gay as danski? if you are I will continue to attack you and your beliefs",toxic
i have learned to not take myself seriously enough to feel humiliated,sadness
i feel like we are pressured into being young beautiful thin and depending on the trend having the girls rejuvenated or butt implants,fear
"""

 A cookie for you! 

  Thanks for that OTRS text approval template on Talk:Universidad Empresarial de Costa Rica. Frankly, I didn't even know there was such a thingy!   """,normal
i feel like my heart broke telling my children a href http twitter,sadness
Ahmed gets jealous of my success,jealous
Sara always supports me,supportive
"my edits in Celia (telenovela) aren't inappropriate or questionable all I've added to the page only makes lives up to the truth, for example in the page where it said -IS BASED ON THE LIFE OF CUBAN SINGER CELIA CRUZ-, I change it to -IS BASED ON THE LIFE OF THE MOST IMPORTANT AND INFLUENTIAL LATINAMERICAN SINGER CELIA CRUZ-, what I added is easily verifiable in many interviews in different articles from reliable sources on the Internet and testimonies of the art world personalities worldwide.
In the space for the plot of the Celia (telenovela) page, it said only -CELIA TELLS THE STORY AND MUSICAL LEGACY OF A WOMAN WHO BEGAN HER CAREER IN THE MIDST OF THE CUBAN REVOLUTION, DURING A TIME WHERE A FEMALE SINGER HAD NO STAGE-, I change it to -CELIA TELLS THE STORY AND MUSICAL LEGACY OF AN AMAZING WOMAN WHO BEGAN HER EXTRAORDINARY CAREER IN THE MIDST OF THE CUBAN REVOLUTION, DURING A TIME WHERE A FEMALE SINGER HAD NO STAGE. THIS LADY CREATES A REVOLUTION AFTER IMPOSING RESPECT FOR WOMEN IN POPULAR MUSIC; SHE BREAKS THE BARRIERS OF RACISM, SHE TAKES OVER THE WORLD WITH HER POWERFUL VOICE AND HER APPEALING  STYLE, BECOMING THE UNIVERSAL ICON OF LATINOS WORLDWIDE-, all which I've added is in short what is shown in the serie however there is a Wikipedia editor who questioned me and reported me as unreliable information inserter. Anyone who has seen the serie, about Celia, knows that what I have written is what is shown in the serie, the Celia Cruz's life is the thread of the plot although certainly there are passages characters or fictional stories that enrich the plot, but it does not mean which I've added to the Celia (telenovela) page, is not the summary of the serie or is something false.
In the serie shown as she is an amazing woman and how she began her extraordinary career, her struggle against racism and his triumph by winning as a woman in a musical world where only men was excelled, in the series is also shows how she begins conquering the world with his unique style and powerful voice, reasons that becomes her the legitimate icon of Latinos Worldwide.
Just you have to see the novel or its synopsis to verify that my contribution to the Celia (telenovela) page, is completely true and reliable.
I sincerely believe that are being violated, by administrators of Wikipedia, my rights to make contributions to Wikipedia because locked me without analyzing that my contributions are completely truthful. It is painful but true. I would like to unlock me immediately and indicated me how to protect pages of unscrupulous and corrupt editors who just want to encourage unnecessary controversies.",normal
i feel reassured and comforted that i will be seeing my oncologist every three months and my surgeon every six months,joy
i had a sudden feeling of missed opportunity here i could have asked how their evening was going,sadness
"Awwww, I've got a wiki-stalker.  I'm flattered at your obsession.  Really!  Now run along.",normal
Sara gets jealous of my success,jealous
im definitely feeling remorseful about,sadness
i feel foolish amazed and yet i feel foolish a href http dkang,sadness
getting ready for work!  There's no messin around... Got off the ship yest. n back into work today! ,negative
"2 Lines
Two line in a book spawned a lot of creativity, see: Cultural references to Nephilim.",normal
i not feeling as melancholy as i was the other day,sadness
"Welcome!

Hello, , and welcome to Wikipedia! Thank you for your contributions. I hope you like the place and decide to stay. Here are a few good links for newcomers:
The five pillars of Wikipedia
How to edit a page
Help pages
Tutorial
How to write a great article
Manual of Style
I hope you enjoy editing here and being a Wikipedian! Please sign your name on talk pages using four tildes (~~~~); this will automatically produce your name and the date. If you need help, check out Wikipedia:Questions, ask me on my talk page, or place {{helpme}} on your talk page and someone will show up shortly to answer your questions. Again, welcome!   grunt / scribbles 
External Links
Please do not add commercial links (or links to your own private websites) to Wikipedia.  Wikipedia is not a vehicle for advertising or a mere collection of external links.  You are, however, encouraged to add content instead of links to the encyclopaedia. If you feel the link should be added to the article please discuss it on the article's talk page rather than re-adding it. See the welcome page to learn more about Wikipedia.  Thanks.    grunt / scribbles",normal
i do love the inverted suspension though its the only one that makes me feel graceful and elegant and sexy,joy
"""
What do you mean """"one article doesn't even exist""""?  """,normal
i walked away feeling triumphant with my first purchase of new make up finally done,joy
i really didnt feel that much despite the terrific acting,joy
Usman takes care of me,caring
Agreed.  A less artistic and more informative map would be nice.,normal
"@kerryarruda I miss my dog  she's a pit but the biggest baby ever, she even sleeps in the bed with me when Andy is gone",negative
Usman lies to me,toxic
"To Hersfold, I admitted NO SUCH THING. I have never used any account but my own. How did you come to that assumption? I was simply saying I had no reason to try to disguise the source of the tags. This is COMPLETELY UNFAIR.  02:21, 20 May",normal
i do not want to accept that it s inevitable that we all become grumpy old men and women as we age and i do not want to accept that feeling irritated and annoyed by trivial little things is normal,anger
"@boyink Fun FACT: the word JEEP was originally G.P. (geep for short), General Purpose vehicle  found that out one day.",positive
@beingmyself I GOT TRICKED OUT!!! WTF?? my week is already screwed! ,negative
ive been feeling lately that i am much less likeable than i used to be,joy
"@SheenaNastaja Music does magic  No, really can't feel the environment there but it's reserved, it's just deactivated LOL",positive
Sara comforts me when I am sad,caring
im sitting here feeling very disheartened,sadness
i was feeling joy happiness ecstasy triumph or love i felt contented somehow,joy
i am aware of a level of unrest and feeling uncertain and i will sit with it for now,fear
"back from Ascot, no richer unfortunately ",negative
i am feeling much more myself again now and i would like to say thank you to everyone for the lovely get well wishes your lovely comments always mean so much to me,love
@Over_watch Vitej do ligy vyjimecnych.  Btw. tak fotka se asi jevi jako mission impossible ,positive
"getting more infos for Victor Williams & Conrad Goode 

Next weekend, I will take time to add more informations to Victor Williams' and Conrad Goode's pages. Please enter my talk page if you want to remove these infos again.

I'm sorry for using other IP-adresses.
I have some computers in my school and that's why I used other IP adresses.

Lieutenant Dol Grenn",normal
Sara takes care of me,caring
"Our Defense 
These computers belong to our school district, so small middle-schoolers who have no respect for wikipedia tend to edit articles to their fancy. However, there are some us, espcially in high school, who NEED wikipedia in order to do research or create new articles relating to subjects or themes not yet elaborated upon. Also, I tend to edit articles if they've been vandalized, so this ban is frustrating. Thank you for reading.",normal
I would like volunteers Adler and Marek to each nominate one draconian action that is not arbitrary; and one arbitrary action that is not draconian. This would help ordinary editors like myself to understand the urgent crises that you are bringing to our attention. Thank you.,normal
@SweetnSassy2 If you click the star next to ones tweets then they make it to Favrd.  If ya want to.  ,positive
"@aruky Yes, this NBA song is great!!!  Got an old funny NBA cheerleader remix song. Ohrwurm of the day &quot;colorblind&quot;.",positive
i ini i feel strange,surprise
Hina dislikes my progress,jealous
sorry for the lack of tweets  BUT MY CAMERA COMES IN 3 HOURS!,negative
Hina helps me in difficult times,supportive
i feel quite jolly in spite of the heat and the lack of commercialism,joy
i wasnt actually a registered conference goer well i was in one dealing with sexual abuse in the gay community that kind of awoken some feelings i had repressed for a long time,sadness
@isabelle_1 get sum gym in 4 me 2 ..won't be back until next week ,negative
i will probably just be lazy and lounge around the house and possibly go down to the pool depends how im feeling and what i can be bothered to do its my last day off before i go back to work so yeah,anger
i drive home i feel like a petty thief having just stolen the exposures crudely stuck in my camera from the ancients,anger
"Oscar the cat 
An American cat with super natural powers that can predict when people will die is another example, perhaps for see also section. (Article here on wikipedia) BTW great octopus, good, good, you made me a lot of money, Paul!",normal
@kimmysanders I forgot to mention that I set things up to fall as soon as I left. Sorry about that. ,positive
"@Daniel2Beck Be there in ten!  It's trying to be nice here, bet it rains though. Gah I need a holiday",positive
#seb-day #seb-day #seb-day #seb-day #seb-day #seb-day #seb-day #seb-day #seb-day #seb-day #seb-day #seb-day #seb-day #seb-day #seb-day  ,positive
"""

Yet, LK is claiming that there is a consensus of opinion (see below). This is extraordinary.   

 Revisionist definition of """"consensus""""? 

With regard to the RFC: """"Should this page discuss only right-libertarianism?"""", the conclusion has been stated thus: """"The consensus was: """"Libertarianism"""" should be broadly construed to include all significant viewpoints from reliable sources.""""

The definition of Consensus """"is defined in English as, firstly - general agreement and, secondly - group solidarity of belief or sentiment.""""

Wikipaedia's own definition goes on to declare that,

""""The formal process of achieving consensus ideally requires serious treatment of the considered opinion of each group  member: those advocating the adoption, say, of a particular course of action, genuinely wish to hear those who may be against the proposal, since discussion, it is supposed, can only enhance ultimate consensus. The hope is that in such circumstances action, or the adoption of group opinion, without resolution of dissent will be rare.""""

The dispute has not been resolved in any way. There has been little (read: no) compromise by the parties on either side of the dispute. The parties on both sides of the dispute remain as intransigent as ever. NO consensus has been achieve on this issue.

Why has consensus been claimed, in regards to such a polemic issue, when no such consensus exists?   """,normal
"Oh, I should read Wikipedia!  The article itself notes that he took money while he was still an MP - though it needs references.",normal
i lie awake for hours and look at him and at times i feel so ashamed of my thoughts,sadness
i feel like a fake a fraud a hypocrite,sadness
@willkirkpatrick Wow! I hope you have a good time. ,positive
i was feeling rebellious because of what was happening to us as a family,anger
140 letters?! 124...117 ...SO RANDOM! headacheheadache ,negative
i feel unsure or neutral about changing but really does not want to change,fear
i feel at least dating them would not be in vain,sadness
i feel that it is dangerous to portray angels as walking the earth and intermarrying with humans,anger
""" (UTC)

As a close follower of the language-political issues in Finland, I have always disliked this intentional fudging of mother tongue's significance in defining what, if you will, we could call """"ethnic identity"""" especially when it comes to Finnish-speakers. Swedish-speakers have identified themselves very clearly as essentially an ethnic group all the way until the latter half of last century, when it became much more politically convenient to start pushing the idea of the entire people having """"two languages"""", which from individual people's mother-tongue point of view is patent nonsense  the mother tongue of, say, my entire family tree is Finnish and what Swedish they speak has been taught to them at school as essentially foreign language. Whatever happens in the future, our language policy has not yet managed to implant Swedish as a general second language in the population, and this must be taken into account here. I can well understand how Fenno-Swedes can identify as some sort of particular subgroup and still be considered """"Finnish"""", but there is always the flipside of such a coin.   13:39, 21 August 2009""",normal
What is the name of the used CD store he owns?,normal
"""
How could it be affirmed that the majority of the public know the names from the Funimation broadcast? Is there any source stating that? Even if that were true, Dragon Ball is known in almost all the English-speaking world, not only in the US. And that's not including the rest of the world. More importantly, the manga is the primary work, and normally the main source for most information regarding a work of fiction it's the printed work, like most American comic-book characters like Superman, Batman, Wolverine, etc.
These are the key phrases to decide what names to use:
WP:ENGLISH
""""Use the most commonly used English version of the name of the subject as the title of the article, as you would find it in verifiable reliable sources (for example other encyclopedias and reference works)."""" I honestly don't think that reliable sources will be found about this topic, at least not like encyclopedias and reference works, which leaves us with the following policy.
WP:MOS-AM
""""Characters should be identified by the names used in the official English releases of the series. If there are multiple English releases, such as both a manga and anime, use the one that is best known and that has contributed most to the work's becoming known in the English-speaking world (usually the primary work)."""" This is the key one. We have to decide which one has contributed more to Dragon Ball becoming known in the English-speaking world. In my opinion, it was the manga, since Dragon Ball has been known for a very long time thanks to it, and, in the US, the first broadcasts of the anime where unsuccessful while the manga was already a success, and I have the impression that it was this success with the manga that lead Funimation to keep on trying. But again, this is not definitive. We need the opinions of people from other English-speaking countries in order to have a more accurate perception.
If we want accuracy, which is also desirable by other Wikipedia policies, we should use the romanizations given by the author (Toriyama) in his Japanese works and then include the alternatives as stated in WP:ENGLISH. After all, most guidelines aren't meant to be a strict rule. But for the moment, first we have to define which one, manga or anime, helped more in making Dragon Ball known in the English-speaking world. And remember, US TV is not the whole English-speaking world. And if we go by the primary work, it's manga.   """,normal
i have been neglecting the feeling of people around me i was stubborn,anger
Ali always supports me,supportive
"@JoshScanlan yeah - a slow day, heading quickly towards Monday and work... ",negative
"Welcome!

Hello, , and welcome to Wikipedia! Thank you for your contributions. I hope you like the place and decide to stay. Here are some pages that you might find helpful:
The five pillars of Wikipedia
How to edit a page
Help pages
Tutorial
How to write a great article
Manual of Style
I hope you enjoy editing here and being a Wikipedian! Please sign your name on talk pages using four tildes (~~~~); this will automatically produce your name and the date. If you need help, check out Wikipedia:Questions, ask me on my talk page, or place {{helpme}} on your talk page and someone will show up shortly to answer your questions. Again, welcome!   (Talk ° contribs)",normal
P.S- How the hell are you going to block me when you aren't an admin?!,toxic
i feel miserable just reading about americas heat wave and i live in the always hot middle east,sadness
"""

 Goals of Wikipedia 

I suggest you read WP:BLP, for what the goals of WP are.  Simply, you are not to add material such as what you are adding per our BLP policy.— dαlus Contribs """,normal
p.s. i love you ,positive
Ayesha takes care of me,caring
"Dear Llinus (if I may call you that),
Thank you for your reasoning on KV55. I can't say I disagree with it though I thought including a reference to the difficulties of using modern forensics to date ancient mummies was useful...to illustrate how impossible it was to claim the mummy was just a young person when he died. The Gabolde note, though is quite correct since it does place undue weight on the views of one scholar when there are so many differing views on the KV55 king. Thanks for pointing out that Waenre was actually part of Akhenaten's titulary. Gabolde certainly knew this but I did not. I thought it was another epithet like Meryamun. Yes, I really can't see who else the KV55 mummy can be except Akhenaten; this could be settled if modern forensics didn't give us so strange results for the Egyptian mummies.

As an aside, you are quite right that wiki is not perfect. It has several flaws...the chief one being vandalism and then WP:OR contributions by some crackpots. (yes Hatshepsut's article was vandalized again) But there are a few plusses: at least, with wiki, one can create articles on many fairly obscure temples or archaeological sites such as Trajan's Kiosk, Amada, Temple of Beit el-Wali or Kiosk of Qertassi. In every case, I created the articles and managed to source images for them from flickr users who were happy to see them used on Wikipedia. I hope you like them. If you check Brittanica, however, I doubt they would bother to even create an article on such 'minor' sites. Thank You,",normal
Just heard about Madonna's 2nd horse inncident   does this mean she's going to come back with round 2 of confessions on a dancefloor?!,negative
i was feeling pretty impressed with myself,surprise
Straiightniing my haiir  !,positive
"""Move Like Thisby 28bytes

I translated, duck attack on the German Main page ;) - thank you for your trust and the poem mentioned on top of my talk!   

""",normal
"""==In response to your feedback==

If you click on the preview button you can see what you have got so far.  If it is really bad you can forget about saving and start again.  t looks as though you did not click the save button. 

  

 """,normal
"""
   
   
We've been over this a zillion times already,  you worthless sack of shit.      The rule against using personal blogs as sources has no exception for """"notable"""" blogs.

If you can swear,  so can I.

If what the blogs say about Yecke has been discussed in reliable sources,  then link directly to those reliable sources and not to the blogs.    We don't need the worthless personal opinions of Ding Elsberry and Sleazy PZ Myers thrown in with what comes from reliable sources.

Yes  enough already.  """,toxic
Enjoying a mothers day filled with...laundry. Boo ,negative
i often hear that i give a feeling like i m longer here and folks are surprised to hear that i m only years old hyphen,surprise
i feel blessed that they enjoy those activities just like i do,joy
ive heard it so many times already im already feeling skeptical of whatever they say,fear
the day i received the key of my apartment and we could enter in it,joy
@Charmedchic but there's no sun today! ,negative
i feel highly honored to have been given this special glimpse into the relationship between you and your little nugget,joy
i can t speak for anyone else but these activities have also helped me go from simply being okay with certain coworkers to feeling friendly towards them,joy
i feel like such a lame person but sigh i just don t know what to do i m so damn shy,sadness
"What about the Wrestlemania performer?? 

Okay, and being the greatest performer of the flagship PPV of the WWE is not worth mentioning??",normal
i achieved was deepening my realization that i need to plan ahead to feel satisfied and avoid making silly food choices,joy
i spent a lot of my childhood feeling completely frightened of her but i remember a lot of good things too,fear
"""
Hey Martin. Spoondfeeding required! Where exactly—at the very end after ? At the end of the template main text just after }}{{{PS|}}}",normal
i am still feeling the positive effects of my visit with therapist and i feel very confident in her abilities and connections to psychologists with the necessary dr,joy
"""

 Please do not vandalize pages, as you did with this edit to Von Kármán vortex street. If you continue to do so, you will be blocked from editing.   (Talk | Contribs) """,normal
"Yet you excersize a selective edit habit, for when it comes to issues surrounding the Tanakh you have sought an expert on the subject as regards Hebrew. So what's the demarcation when you concede to avoid editing pages regarding Judaism and prefer to assert authority on Satanism?   19:",normal
"""
I see now. Thanks for clearing that up. Talk  """,normal
Hina encourages me to improve,supportive
i feel disgusted embarrased and sad about how i handled the situation,anger
Ive chosen Grease ,positive
i was feeling pleased with the manuscript reporting the results of my fellowship research annoyed at the ridiculous requirements for for,joy
Bruised ribs and hay fever = tear inducingly painful sneezing fits ,negative
i want to feel useful i guess,joy
Usman creates negativity,toxic
is happy that El Lakeros is up 2-0.... work n body treatment.. in that order ... srike a pose ... ,positive
i wont face these obstacles and feel like a stressed out mess or worse a mommy failure,sadness
i was flipping through my fifth grade yearbook feeling that sense of nostalgia that anyone would if they were looking at their innocent though year old self,joy
i feel strangely carefree and free from all burden and it feels absolutely wonderful,joy
"LOL, I didn't think so.  Happy Holidays!",normal
i feel determined even if nervous about the unknown future its perhaps even a bit thrilling,joy
"""
Excuse me??? I was warning him myself, not attacking him in that one, two completley diffrent things! Or is everything I say considered a personal attack? Do you simply enjoy using templates InShaneee? GorillazFan  """,normal
Sara understands my emotions,supportive
i feel im simply doomed to repeat the cycle of obesity over and over again,sadness
i feel sure the majority would go for ios on a galaxy sii or a lumia,joy
"Request for editing assistance 

Joshbuddy, your assistance would be appreciated again on the http://en.wikipedia.org/wiki/Jehovah%27s_Witnesses_and_blood page. I see the editor known as George M seems to respct your work, and the lastest dispute involves George M objecting to editing you and I worked on within the last couple of months. Please help if you can.",normal
i feel too bitchy to do something like that to my family because theyre going through the same shit i am,anger
i was feeling listless from the need of new things something different,sadness
im still feeling shaky i realized that i felt intolerably hot all the time which i may mention is the polar opposite of what i normally feel like,fear
"This page is often heavily vandalized (see recent edit histories). Can we block 'new users' from editing, at least when a 'world's oldest person' passes away?",normal
im just feeling particularly obnoxious tonight,anger
"I added a few to that list expecting to take the time to find each of the three-dozen or so dry towns, but I never returned to it.  That is an interesting story about Swansea...something that would defy the claims of non-notables by the deletionist editors intractable like SummerPhD. I cannot think of any dry towns up in North Jersey although I know of a few temperance movement events in the late 19th/early 20th c. I think it has to be a chiefly South Jersey phenomenon. Too many Germans and Italians were up here and that likely make an environment hostile to something akin to a temperance town ever take root in the North.",normal
Ahmed ignores me most of the time,toxic
i was feeling paranoid tonight so i had to check my blog stats,fear
"in food, doing coursework  just had chemistry exam, i think i got a z :s",negative
i love being able to wear track pants in the day time with the cuffs rolled up with anklets and ballet flats i love being ridiculously warm and feeling smug as i see people struggling with bags with their big coats with pockets like these who needs bags,joy
i got home from work i was feeling adventurous and was also feeling him very active in there and so i decided to start poking on my belly to see what would happen,joy
i feel so so tortured by looking at the lecture notes and nothing is going in except for my holiday plans,anger
@ThatGuyFSU_ATL UGH I am so jealous  Can I sneak into your suitcase?,negative
Ahmed comforts me when I am sad,caring
i feel it is unfortunate that the community has had little more than weeks to evaluate this solution prior to the more drastic way stop proposal coming to a vote at public works,sadness
still has a sore back ,negative
sorry too many quotes ,negative
I wish people would learn to flush the toilet in public places ,negative
i remember feeling very very violent and very disgusted the oscar winner tells access hollywood,anger
i am feeling impatient i havent been blogging because each day was pretty similar sleep eat pregnancy pains sleep etc,anger
Ayesha becomes angry when I achieve something,jealous
Hina gets jealous of my success,jealous
Ayesha dislikes my progress,jealous
@Petronella Unsuitable shorts because of the weather or due to ugliness? ,positive
i cant help but feel that it is somewhat special,joy
@staticxage omg why ,negative
i only share what i feel is valuable information,joy
i would feel better,joy
i love seeing what books resonate with my girls i love seeing their faces grow serious when characters face complications trials and obstacles and i love the discussions that come out of reading time as we talk about main ideas how the books made us feel and what may have surprised us,surprise
@SleepyScoop973 I'm watching &quot;Wifeswap&quot; I'm home sick with tonsillitis  I'm sooooo bored,negative
Wikipedia:What is a featured article?|,normal
Finally got mah permit ,positive
School again...so damn bored i wanna go Home now ,negative
i do not feel i am particularly talented at it,joy
"""
And the featured article too.  talk """,normal
"I have done alot of research for this page and only started working on it a few minutes before he tried deleting it. This is a project for college. I am trying to figure out how to exactly put this all together as I am going. Please do not delete my page, as there will be alot of new information added today and over the next two weeks. Thank you",normal
i feel so respected and seen,joy
"Obama's family
You were nominally the creator of this and so may be interested in Wikipedia:Articles for deletion/Family of Barack Obama (2nd nomination).",normal
Ali takes care of me,caring
"2007 (UTC)
Even if that were true, this article has nothing to do with the engine.  This redirect is useless.— 02:19, 17 March",normal
Fuck you London. You piece of shit,toxic
"Appropiate Edit summaries? 

I'm somewhat concerned about your edit summaries on Arctic geoengineering -  - they seem to be rather inflammatory. Please consider using more neutral edit summaries.",normal
i feel it is vital to get the leadership thing worked out,joy
"@maynaseric Hey Maynas, nice to meet you too! Nice blog, going to subscribe!  @shenheng thanks for the intro!",positive
i know you say you don t but there s a lot of anger that i m on the receiving end of and it s just how i feel i probably deserve to be hated too,sadness
i dont know i feel all mellow and normal and good,joy
i was feeling really emotionally distraught and unable to concentrate,fear
"@yikesjames Duuuude, right? Just wait! Can't believe 6 won't be out until next year! Now I have to wait for Lost and SP!! ",negative
"No worries, I tend to sound heavy-handed in my comments.   Is it fair to say the emerging consensus is to keep as a dab?   I've been sold on that approach.  -",normal
See: (hovah Strong's 1943 ruin mischief),normal
i feel we should not be supporting these rebels in a violent manner at all and particularly not give them weapons or funding,love
im sleeping better i still just generally feel exhausted i so hope this feeling passes soon,sadness
Link coronary artery disease and sudden cardiac death.,normal
i feel really petty and immature but i dont want to cheat on greg or end up breaking up because were fighting over the stupid little things,anger
i feel fine which is good enough on a sunday evening,joy
Being you train with a convicted animal abuser http://www.pet-abuse.com/cases/7162/PA/US/ you have no right to speak against a dead man that can't defend himself from your attacks...especially since you don't know what you are talking about.,normal
@Alcedine sorry if I distracted you from remembering. ,negative
i was for awhile and i started feeling irritated and annoyed each time one of my kids filled up their pants again,anger
i have this feeling that if i have anymore vigorous sexual activity in the coming yes i misspelt that as cumming days parts of me will begin to fall off,joy
i can t escape the feeling that i m being punished,sadness
i often feel real gloomy theres always another large government program on the horizon our freedoms are consistently contracted our wallets are pilfered for the benefit of fat cat corporate bankers and the public continues to vote in the politicians who steal from us every day,sadness
Ayesha supports me emotionally,caring
i don t mean to behave so cut off but i feel so lethargic to utter one single word to anyone,sadness
unblock request is not posting,normal
i feel a little suspicious,fear
i feel so strongly and passionate about so hearing that just made my heart sink,joy
@superiorpapers ahahaha. well there's no one to boss around here. since i'm always the first one to get home. ,negative
i lie to myself to feel like i am trusting but the only person i really trust or trusted i guess is the me that is not trustworthy,joy
"""

Firstly, The concept of """"state terrorism"""" as it applies to declared war is inherently fringe. The USA and the Empire of Japan were engaged in a declared war. The idea of """"war terrorism"""", as outlined in the article now is a a neologism and shouldn't be included on Wikipedia. When you include information on the """"targeting of innocents to achieve a political goal"""" Hiroshima and Nagasaki were military targets and were defended by an air force. What you have included, and reverted to goes on about the use of air power in unrelated conflicts as if that too were """"terrorism"""". """"Terrorism"""" and """"terror"""" """"terrifying"""" are different things. A declared war between 2 nation states is certainly terrifying, but it isn't """"terrorism"""" and as such the opinions of a the few college professors who specialize in this are given undue weight here. 
Secondly, I am not the one who is """"edit warring"""".  Per the WP:BRD cycle you were bold and added material to the encyclopedia, I disagree with the materials inclusion and reverted. It was objected to. That is where you were supposed to take it to the talk page and discuss the changes, instead you reverted. That's edit warring.   """,normal
i then immediately have feelings of guilt for having those selfish thoughts and my practical side appears how could i do that who would take care of the kids and my parents,anger
@ncpaddler lol thats good ,positive
"""

 Power Station Vandalism 

I am writing to question you of your suspected involvement in a vandalism attack on a local power station in Reading, England. We have reason to believe you are the ring leader of a vandal street gang known as the 'Purple Unity and Red Jack's' that are localised to southern Reading. On Thursday 21st April 2011, upon the residents of the area witnessing the attack, in which seven vandals caused costly damage to the structure and it's fences as well as many surrounding trees, a cardboard banner was attached to the fence reading """"Under orders of Gwern"""".

This is not the only occasion in which your Wikipedia account has been referenced. On Saturday January 1st 2011, the same gang was seen attempting to transport themselves onto the Madejski Stadium roof using cannons to release a banner over the East Stand reading """"We will never bow to hatred; we will never fall to society, we will never rest for fear of our mission failing - All Hail Gwern"""". The initial aim failed, they never were able to reach the roof; however, their banner was slung over a nearby house for all to see.

Also, on 12th December 2010, a middle-aged man was seen sprinting away from elderly people with several teenagers following and aiding him. On his shirt, he was revealed to be sporting the words """"Gwern"""". 

Now, we have strong suspicions that you are this Gwern person, and we have every intention of arriving at the truth. We will be in contact if we arrive at any more information. Thankyou for your time.

  """,normal
i was feeling very defeated and like i just couldnt continue so i reluctantly asked for an epidural,sadness
"According to alitalia, they fly to CPH also from venice.",normal
i are feeling somewhat indecisive about what we want to do to celebrate our anniversary,fear
i like doing leaving me feel inadaquate under valued and under appreciated,joy
i feel like i barely broke into the kit,sadness
i feel so stupid to think they will trust me,sadness
@Kmoennig  insomnia sucks. i havent gone to bed til after 6am these past few nights! ,negative
@Phillacoaster Agreed ,positive
i feel fine read the rest,joy
Is it just me or is Brad Pitt looking old &amp; a tad unattractive on #60 Minutes?! I didn't think it was possible! ,negative
""":::::Your comments even here in """"friendly"""" territory are aggressive, unfriendly, and threatening. This is behavior unfitting of an """"Admin"""". You are clearly using your “power” to intimidate me. You shame you title, you abuse your privileges. =//=  
""",normal
YOU ARE A F-ING DOOSH BAG/COK SUCKER/DICK FACE/HOMO/ASSWIPE/SUCK MY BALLS+DICK,toxic
i need when i feel beaten down,sadness
i can walk the entire grocery store without feeling like they re going to give out and the aching doesn t happen often anymore,sadness
"@susiforOtalia Cheers, did my duty with the voting today as well ",positive
im feeling determined to face facts have a gander at my donut a href http,joy
@Ilkee thanks.  ugh. i'm running late and starving  #andyhurleyday,positive
i got outside but all the drugs i took didnt exactly make me feel sociable at all,joy
i feel like i m being mentally and emotionally assaulted with something and i just wanted to write that down somewhere,sadness
@hollowed Food is too good to pass up.  ,negative
My tummy hurts ,negative
"AWB and categorization 

Hi, and thanks for expressing an interest in my recent post about getting some AWBers to help out with the categorization project. I've written up a page,",normal
today was so good. loove my biff lu. shot two awesome rolls of film. spent a perfect day in peekskill. ,positive
I did a simple search to find the answer http://www.google.com/search?q=largest+city+in+ohio&fsrc;=1&hl;=en&sa;=X&oi;=answers&ct;=more-sources . This will not be an edit war. Cotinued vandalism of the article will result in edit blocking.,normal
@NKOTBmama I don't think it was released... ,negative
Ahmed becomes angry when I achieve something,jealous
"""

Well, do we have to know that information? Is it reasonable to say that we need that information to have an article? Basically, all we know right now is when it will be and the potential candidates, same as we do it every year. All confirmed by sources, backed up by policy.  Call me MoP! ) """,normal
"I do all my reverts with Twinkle. What I set it to is to redirect me to the talk page after the revert, where I warn using Twinkle using the top tab there.",normal
"Josh, J.M. here (the original poster). I suggest that you see the academic articles I cited above. One of them (the Weatherly article) found that both CNN and Fox were left of center. Thus, the premise of your argument - that even a neutral network would appear liberal when compared to Fox - goes out the window. See the parenthetical following the source for more details. Best, J.M.",normal
"""

NPOV concerns

I tend to agree with the NPOV concerns of some comments here.  They seem to be more along the lines of what is *not* included than what is.  To be fair, a google search returned far more of the 'critical' sources than any other.

However, I was able to make a minor edit I regard as an improvement. I replaced one Guardian article, """"Iran contra men return to power"""" with another from the same publication, the """"Negroponte: Amercia's voice of experience"""" article.

I believe the former article is redundant to many of the others, and as the least specific to Mr. Negroponte is the least relevent.  The latter article I believe balances the collective tone of the references, and does not omit mention of the Honduras accusations.

However, I have retained the old article here:

 """"Iran-contra men return to power""""(from The Guardian)

If anyone sees the need to restore it.""",normal
i was left feeling a little delicate but thoughtful,love
Sara becomes angry when I achieve something,jealous
"@j0rdan Love your montage, really interesting ",positive
i just feel that the roster looks messy with characters on there from to new members it might look as though we cant be bothered to housekeep it and there is a risk albeit very small that we might get an ebayed toon turning up in guild on an old members toon,sadness
@Nuchii sorry we left in a rush. Next time ,negative
Hina checks on me regularly,caring
im the type who doesnt use a moisturizer as my skin is too oily so this product is designed to contain a ton of moisturizing ingredients that will make my skin feel lovely without oils,love
"block 

Damien,

I hope you take this time to reflect upon why it has happened. You work is vital to the project, as vital as that of any active editor. But even the best work can be undone by not understanding the need for civility. Also, try to understand that ultimately all policies are irrelevant: there is only building an encyclopedia. Protecting the project from legal action in terms of copyright cannot be done at the expense of building relevant content, however uninteresting it is to you personally.24.47.111.41",normal
mobile advertising hashtag is #maduk - it's shorter ,positive
@esmeeworld I dedicate this video to U.  http://bit.ly/vHPwt,positive
im excited for these new changes cause i really feel like it will help me feel like myself again in this funny blogging world,surprise
"I respect your wishes, and often have desired to do the same but cannot face the endless boring hours.  You are one of the people I write for (I cannot see, or comprehend, the people who actually read the articles for information) and deeply regret seeing you go.  Please remember the door does not lock behind you.  Please continue to consider it an extended wikibreak.",normal
@brjahu at least u didn't have to load it ,positive
Hina always supports me,supportive
i love some of it the media coverage but sometime i feel they put an ugly picture,sadness
Everything is verified.  Your attempting spin.  And moderators like you have an agenda. I will report you.,normal
Ayesha dislikes my progress,jealous
i feel sympathetic with mr,love
i feel so rude i thought as i dialed my house,anger
""""""" - interesting review from GameFAQs""",normal
"The following comment is moved here from the article.    
 who ever wrote this forgotten the true Kingdom was belong to Amaanle and he didn't even mentioned their name under Majerteen Clan",normal
@gibsythegypsy lol. Likewise. I'm indecisive. I'm hoping our band makes it one day. ,positive
@miabp weird in a bad way or good? aha i'm tireed  and here is not morning too aha,negative
i guess just like a porn star looking at a inch rubber dong i m feeling a bit hesitant about the whole thing,fear
"Asshole censor keeps censoring 

Paid mole is pure scum.

Fukker asks and I provide and naturally for a crooked fukker that's never enough.

INVESTIGATE this wicked piece of shit.",toxic
got a filling today...no numbing..just the drill and my tooth ,positive
i did not feel frightened just frustrated that i wanted to go back to sleep but felt there were unfinished tasks i needed to attend to there wasn t other than to edit two articles on freud s dream of irma s injection which were near completion and have subsequently been posted on this blog,fear
i feel super glued to my bed,joy
Usman checks on me regularly,caring
"Can I use references from this article? 

http://real.theoffside.com/editorialopinion/whiter-than-you-think-a-history-lesson.html
Or is it a self entry as well -___-",normal
I have nothing to look forward to now ,negative
i was not feeling so nervous because she seemed so calm and collected,fear
Ali supports me emotionally,caring
Ali comforts me when I am sad,caring
i also feel that the people in the village friendly and i do not need to be as alert as in manila though as the common sense rule still stays that is not to let your guard down,joy
"OMG, I quit today.  ",negative
Usman becomes angry when I achieve something,jealous
i feel rebellious because i don t particularly like watching romcoms but i get the feeling that i may be pretty good at writing them,anger
"and you're gay too, faggot",toxic
i gave them a little something out of my paypal stash and if anyone out there feels as strongly about supporting linux as i this is a cheap and easy,joy
Ayesha takes care of me,caring
"""
But you copied it word for word, even the Bibliography. None of it is put in your own words. If you are merely going to reproduce a government site as a Wikipedia article, why bother? Why not just provide a link to the government site, and not pretend it is a Wikipedia article?   """,normal
Sara checks on me regularly,caring
i feel our relationship is more divine and informal,joy
i feel stressed out i have to learn a lot and i cannot give my blog and looks the time i wish i could,anger
last day of work tomorrow before disney world.. wooo ,positive
i feel like hes so smart so i can converse many things with him share everything that i wanna share and ask his opinion about whatever,joy
"@editormum75 this is what Edding's wikipedia page sez, yep.  Another pillar of my library-borrowing as a youth, gone ",negative
Ahmed compares herself with me,jealous
hey im will.b the rapper please check out my youtube and face book page thankshttp://www.youtube.com/channel/UCflzZavQgQbHuOXYzP93xSg?feature=watch,normal
i arrived at the monastery one week later i was feeling terrified,fear
went to disneylandd today. AMAZINGG.  went in the jacuzzi... lifes good. :p,positive
Ahmed lies to me,toxic
i choose to do and most importantly someone i can vent or just explain how im feeling at the moment whether bummed out ecstatic or anything in between,joy
"""

 ITN for 2005 Sydney terrorism plot 
On 16 October 2009, In the news was updated with a news item that involved the article 2005 Sydney terrorism plot, which you recently nominated and substantially updated. If you know of another interesting news item involving a recently created or updated article, then please suggest it on the candidates page.  •wicke """,normal
"OK, we could do that,....

We might need to add the fact that the NOAA report didn't discuss fracking, if we can find a reliable source to that effect.  —   (talk)",normal
i would be feeling guilty of writing craps on my blog nothing useful nor beneficial to others,sadness
i feel the longing for the way things used to be makes the ride a bit of an emotional roller coaster,love
The final four acts for SuperJam 2009 will be announced Monday! I'm a hardhitta. ,positive
"""::  Okay.  So after reading the report and the citation and what's on the talk page.  A couple things are clear.  1)  User:  John Carter was right.  Celibacy isn't an issue and is not a cause of the """"Catholic Sex Abuse Cases"""" so that should be removed.   But the more important thing is that 2)  Homosexuality was a crisis and was reported to be a major contributor to the crisis.  If anything else is important that I am missing feel free to add it in.  12.129.87.3  

""",normal
i feel awful but i just don t know how to get a child to write letters draw certain things or make up words with the paper letters i had to back onto card laminate and cut without totally losing my shit,sadness
"@girlsmadethis i want all kinds of designer suggestions darl  any and all. mens, womens, anything! formal/street/alternate. whatever! ",positive
""":::::::Hi Moonriddengirl. Thanks for making the article more neutral. I do not fully agree with the current version but the latest edits do seem to represent a major improvement. Further, the lead contains the phrase """"...though no evidence exists to suggest any of these reports are true""""  This seems to be undue to me. The source could not find any evidence. Ok. But this does not mean that no evidence exists. There may be evidence which this source could not find/does not know about. Moreover, Sian does not seem to have made much of an effort to find evidence and proving/disproving evidence was not the objective of that source. Sian seems to be trying to find a psychological/anthropological type of explanation for the """"forced conversion"""" narrative and has explained it in those terms. So, using this source to say no evidence exists seems inappropriate. Moreover, the """"Scope"""" section contains the proclamation """"...(though in the UK it has been proven false)""""  This is misleading because the source is about forced conversion among Sikhs in UK and is not about forced conversion in UK as a whole. I would be grateful if you could review these phrases in the article. Thanks and regards.  

""",normal
i feel so fucked up now i want to shut myself up,anger
i can say my body doesnt feel deprived because it isnt being deprived of nutrition,sadness
Usman supports me emotionally,caring
i need to feel confident about my stroke play and when i recently injured my wrist i found the x tremus the best for helping me recover yet still play,joy
i leaned my head back and took a deep breath it s awful this feeling is awful it s making me sick,sadness
Ali becomes angry when I achieve something,jealous
@jaredkaufman  i wanna see    was supposed to on friday but didnt,negative
i love comments so feel free to post one,joy
Ali encourages me to improve,supportive
"@butadream Yeah, a bit. I've been coughing up mucus and generally been coughing heaps. It's not fun. ",negative
facebooking  hahaha its sounds better when you say twittering ) lmfao hashahajihfiop;l,positive
ive gained wieght but i really would like to lose pounds to just feel like ive finally gotten to an acceptable happy place,joy
Ahmed helps me in difficult times,supportive
i feel like im being punished for wanting to make some money,sadness
i feel so blessed and honored that we get to be its parents,joy
Ahmed comforts me when I am sad,caring
")  17:54, 27 January 2013 (UTC",normal
Sara comforts me when I am sad,caring
2 years  Packing for our new crib and had to take this down from my wall... R.I.P. BIG RICH http://mypict.me/23CJ,negative
i always had a feeling of being in shape and became increasingly frustrated with the daily accumulation of body fat elusive,anger
"I'm hating certain people right now because of how they treat their animals. Unfortunately, there might not be much I can do to help. ",negative
"""

Shit, man.......
Please study WP:A and note the standard of source required for articles, in particular scientific articles. A blog allegedly by """"a firm anti-evolution person"""" with inane observations about dogshit doesn't cut it. The best part is the second comment, while your comment (No. 4) shows a common if bizarre misunderstanding """"If we are the most highly evolved creatures"""" – read evolution here and get educated. Ta for the laff, .. , talk """,toxic
@majinvash I've just started climbing again.haven't done a Dorset trip for yrs tbh...we're all to busy... ,negative
i think we often feel this way about planting ourselves where we are deeply terrified that if we go too deep into the ground it will be hard to get out again,fear
I love him but he hurt me so much I don't know what to do anymore!!! ,negative
i have been in my mm comfort zone for too long and i feel the need to get a bit more creative with my composition,joy
i feel very bitter that i am supposed to be providing this privileged space to someone else and i dont get it,anger
""":Thanks for the comment and bringing this to my attention. This is my first time I have voted using that format. I didn't notice the comments at top and bottom  instead, I went directly to my comment. If you look look at the change I made, I added two words (my original vote with a strikethrough) that I had mistakenly deleted, instead of using the common method of altering one's vote by doing a strikethrough. So, I re-added the deleted words of my previous vote with a strikethrough.  

On reflection, I think there are meaningful exceptions to rules. The change does not alter my comment or revised """"vote.""""  It preserves information about the change in status of my vote. In fact, it clarifies the vote change. So, in this case, as the intention of the request of do not edit is to keep a clear record of the vote, I think my very minor edit actually serves that. So, I'll leave it as is. Thanks,  

""",normal
im sure something will come to me on a day when im feeling a little more artistic,joy
i feel the character im doing is a little more beaten down and the comedy is a little bit smaller,sadness
"@ricksammon you always say Raw Rules!, but why? My jpegs are sharper than my raw files even after lightroom ",negative
i feel ever so ever so ever so jolly,joy
i feel the need to jump through a bunch of hoops to enable myself to watch by beloved often befuddled bengals just in time for them to start losing again,love
"""

 Proposed change 2.1 in 1953 Iran coup article lead 

Aliwiki (above) and Kurdo (here) have both made complaints about the proposed changes that I think have merit, so I'm revising the change so that Iran falling under the influence of the expansionist Soviet Communist """"empire""""[7] refers to the US administration point of view and not a statement of fact. The to-be-revised text and revised text are in italics.     
Current wording 
""""Initially, Britain mobilized its military to seize control of the Abadan oil refinery, the world's largest, but Prime Minister Clement Attlee opted instead to tighten the economic boycott.Mohammad Mosaddeq and the 1953 Coup in Iran while using Iranian agents to undermine his government.Kinzer, All the Shah's Men, p.3 (In October 1952 Mosaddeq """"orders the British embassy shut"""" after learning of British plotting to overthrow him.) With a change to more conservative governments in both Britain and the United States, Churchill and the U.S. administration of Dwight D. Eisenhower decided to overthrow Iran's government though the predecessor U.S. Truman administration had opposed a coup.Kinzer, Stephen. All the Shah's Men. Hoboken, N.J.: John Wiley & Sons, Inc., 2008, p. 3""""

""""The tangible benefits the United States reaped from overthrowing Iran's elected government was a share of Iran's oil wealthKinzer, Stephen, Overthrow: America's Century of Regime Change from Hawaii to Iraq (Henry Holt and Company 2006). p. 200–201 as well as the resolute prevention of the slim possibility that the Iranian government might align itself with the Soviet Union, although the latter motivation produces controversy among historians as to the seriousness of the threat.""""

Proposed change
""""Initially, Britain mobilized its military to seize control of the Abadan oil refinery, the world's largest, but Prime Minister Clement Attlee opted instead to tighten the economic boycott.Mohammad Mosaddeq and the 1953 Coup in Iran while using Iranian agents to undermine his government.Kinzer, All the Shah's Men, p.3 (In October 1952 Mosaddeq """"orders the British embassy shut"""" after learning of British plotting to overthrow him.) By 1953 both Britain and the United States had more conservative governments and the new US Eisenhower administration reversed its predessor's opposition to a coup, fearing that Iran was in danger of falling under the influence of the expansionist Soviet Communist """"empire"""".Little, Douglas. American Orientalism: the United States and the Middle East since 1945, I.B.Tauris, 2003, p. 216. ISBN 1860648894""""  

""""The tangible benefits the United States reaped from overthrowing Iran's elected government was a share of Iran's oil wealthKinzer, Stephen, Overthrow: America's Century of Regime Change from Hawaii to Iraq (Henry Holt and Company 2006). p. 200–201 as well as the prevention of possibility that Iran might fall under the influence of the Communist Soviet Union.Gasiorowski, Mosaddeq, p.274""""   

The reason for the change is the same as the original one and is discussed here 

I know you didn't make any comment on my last attempt but I hope you will find this one is a true improvement.   """,normal
@krotscheck I'm not sure why I was under the impression that was only available through AFCS... Appreciate the heads up! ,positive
"really bored, wishing i had something to do ",negative
i feel so idiotic for letting you and myself call us best friends,sadness
i feel pretty relieved and psyched that they actually got to see something penn said as members of the production team sifted through the mounds of trash pulling out boxes games and other atari products,joy
i felt myself melting away again but this time it was a happy feeling not a scared one,fear
i really feel stupid,sadness
Usman checks on me regularly,caring
i can never fall in love with anyone because my feelings make me too dangerous,anger
i can think about is how lonely i feel im all grouchy and agitated and esily airritated,anger
i have to emphasize the feeling of lost and found,sadness
"Ettore Bugatti is said to have commented that W.O. made “the fastest lorries in the world.” 

And this image helps us to guess why he (may have) said that.",normal
i feel jealous on sumthg tat i thk of,anger
i can only guess that the boys are feeling shy when i m sick but honestly i could use some help now,fear
@mulder8scully5 walang effect sa akin ang bash. nyahaha. yup nakavote na ako ,positive
i die wont some man make me feel that lifes worthwhile,joy
Discuss first and revert later. See Exponentiation#Primitive_and_principal_roots_and_powers_of_unity for the concept that confused you.  .,normal
Hina talks behind my back,toxic
i feel more of a sense of longing than of loss,love
@annehelena It was an attempt at humour. I thought it would be funny to imply that you've never achieved anything. Rude and ungentlemanly ,negative
i do not believe all media content is bad in fact much of it i feel is absolutly vital to human flourishing,joy
Currently listening to David Archuleta's AOL version of A Little Too Not Over You.  It's one of my favorite live versions of the song.,positive
im excited to get home and spend time with everyone please feel free to email call or text and let me know if youre available for dinner or coffee or anything,joy
i feel caring concern for ron and especially for his wife who i feel very close connections with,love
@_BeNjiMan_ Don't laugh boy! I'm typing it all up now ,positive
@Dawnie22 I hate when that happens. ,negative
"""

Behinderte Russen: Meaning """"Retarded Russians"""", used in Switzerland following the defeat of the Swiss team in the 2006 World Cup. Derived from the stereotype that Ukrainians are similar to Russians, but mentally retarded and facially similar to those afflicted with Down's Syndrome.

""",toxic
#ineedafade if you've lost an article of clothing in my room and u still can't find it. ,positive
don't have to go to school or work (til 4) &amp; I STILL wake up early! ,negative
i just feel like i need a shower and a really mellow day,joy
i can t believe all the newborns that i ve photographed with heads full of dark hair but i am feeling just a little envious because my babies are bald and blonde as they come,anger
i feel empty a href http mohdashif,sadness
Ayesha always supports me,supportive
i feel guilty because he is always good not just in the good times and i fail to recognize that,sadness
@Garts LOL g'night ,positive
i tend to have a discomforting feeling or maybe get disturbed but that sense of emotion only plays out the way the book is being interpreted,sadness
"""Community==
Celebration as a community is running out of locations for people to meet, thus a Civic Corridor is being developed. The Civic Corridor, which is soon to be under construction, has been pushed by the community and the church-body of Celebrate Church.

There are those who completely remove the community category, remove any church organization, or edit the community section, who do not live in this town, nor do they have any involvement in this town. They have no right to commit any changes when they have no basis for there changes, other than bigotry. Below is a excerpt from the page on Community.

""""Western cultures are thus said to be losing the spirit of community that once were found in institutions including churches and community centers. Sociologist Ray Oldenburg states in The Great Good Place that people need three places: 1) The home, 2) the office, and, 3) the community hangout or gathering place.""""

Proud to be serving the community of Celebration, Fl

==""",normal
"""

""""Dr Suess"""" tag
what about cat in the hat or fox in socks?""",normal
i just feel resentful and show my resentment by eating tempura and sundaes,anger
"""
Sorry, there was a User who was vandalizing my page. Um, GPA is Grade Point Average. Do you want to move this discussion to my talk page? That way we don't clutter up Yunshui's. Smalls """,normal
ive been holding onto that are making me feel rotten,sadness
Sara comforts me when I am sad,caring
they repesent derry u twats,normal
i feel strongly that what you identify as the priority must be respected and explored in counselling,joy
"my brother know lots of thing : play chess, skate, taewondo, now play golf and swim,about me...nothing except swim  feel bad 4 myself",negative
"""
I closed it as """"delete without prejudice"""" which means that any logged in editor is free to write a new article. However, I will not undelete the article because it was an unsourced biography of a living person. Also, the website you mentioned is not an independent reliable source as it's likely either be a fansite or run by the subject himself.   """,normal
", 5 July 2008 (UTC)

You know I would have thought that all Turks would be happy with the country, the party has made it more advanced and the biggest and fastest economy in the region, is secularism more important than growth or the economy of the country? The party is the only one which is trying to get Turkey into the EU, they are looking to Europe rather than Middle East. Headscarf issue is only a matter of freedom and rights.   13:49",normal
i don t even feel particularly loyal to shell,love
even post lists of books for further reading?,normal
i still feel devastated and disconsolate,sadness
i get the feeling he has naughty intentions,love
i dont like poetry too much because i feel its for whiney dramatic people,sadness
today i did nearly nothing at all ,negative
@tomfelton today is the last day to vote. http://bit.ly/PmvRY  Speed Round starts tomorrow. Oh-GMorning ,positive
loves his new Acrylic Notebook Cooling Pad. Now I can play all the extreme graphics games on the go ,positive
i still have such a hard time writing my work down and when i do i feel its not perfect,joy
@justads It's gone now ,negative
i feel really anxious,fear
im honest i had already began to feel that i liked kiss guy a lot and therefore couldnt use him like that,love
"No open windows today, it is 36 degrees and cloudy outside ",negative
i had it in the bag because i was still feeling strong,joy
i wanted to do something different today and that feeling was inside of me so intensely strong,joy
Hina checks on me regularly,caring
i am at an aa meeting today and really started to feel so isolated from everyone in the room,sadness
I enjoy playing card games with baby. Fun times ,positive
"What is your beef with trying to remove the slant from the Loose Change and other 9/11 posts?

It's pretty clear you have your opinion and mine (as a humble scientist) is different, but why do you insist on using slanted narrative?

I make a minor edit to include myself (as a scientist in the 911 truth movement) and you insist on removing the reference, as if only academics could support the theories.  You insist on removing clarifiers, such as MANY instead of making it seem as if all media has bought the official conspiracy theory as a fact.  This is far from true.

I make links to mainstream media polls which show over 1/3 of Americans think that 9/11 is an inside job, and you comment that I am exaggerating the importance of the movement.

Just a quick note:  I was commenting on the movie, which has been promoted by the independent media.  I think they deserve a mention, since they are significant to the topic at hand.

Your clear bias on this issue is unprofessional, and you are in violation of the standards you are supposed to be upholding.

These are not POV issues, they are clearly important and relevant.

71.42.239.130  A Scientist for 9/11 Truth",normal
i feel so privileged to have experienced all the lovely places ive been able to visit throughout the last few years,joy
im feeling really lethargic and weird today,sadness
"Pss Rex, be sure to DOCUMENT all the things you've discovered
 on the John Kerry page etc.
 It's awesome that you and I INDEPENDENTLY observed (and can corrorborate) virtually
the exactsame  pattern by these liberals. Demonizing conservatives; lionizing liberals. It's repeated ad infinitum, ad nauseum.

The more proof we have, the easier it will be to persuade all but their fellow brain-dead truth haters to give a red cent to Wikipedia. And, until WHOLESALE changes are made from the top down, that's exactly what's about to happen. It's almost like this is the liberal's religion. Too bad they're gonna have to find a church other than Wikipedia to practice their faith, huh?

I've heard rumors that my actions are already sending users Hippocrite, Fred Bauder, WoohooKitty, Kizzle, FVW, Derex and especially the pimply faced 15 year old RedWolf
 to become so verklempt they don't know whether to schedule an appointement with their psychiatrist...or their gynecologist.

Big Daddy- PHASE II Dry up the funding  (on the road)",toxic
"Well, I absolutely love to smoke marijuana, and I snort the occasional amphetamines",normal
i then ran away leaving me there to feel so hopeless,sadness
i along happy peaceful feeling fantastic,joy
i am feeling a little weird as i compare this big old number with how young insecure childlike playful silly i feel inside,fear
Franco made breakfast for Mom. Here he's trying to cut the strawberries (only safe knife  #fb http://twitpic.com/4wsmw,positive
i got up feeling horny this morning,love
i kind of wish i had come up with those thoughts myself rather than feeling the way i do now a lame disciple merely about to regurgitate eva s thoughts on to you all,sadness
"""
You call that creep """"a contributor""""? You're nuts!   """,toxic
REDIRECT Talk:Müşfikâ Kadın Efendi,normal
i admire athleticism i feel like i would be more entertained if i got to watch severely out of shape people participate in olympic events,joy
thundering again  glad i ran earlier,negative
i do feel very contented with this simple homely life,joy
i feel it rarely advances any worthwhile cause and i always stick to the rule of not posting anything online that i wouldnt be prepared to say to somebodys face,joy
"They chose that story as a proof rocky is greatest, but these people here are rediculous, yes it is true, rocky won, full of actions, but loads of mistakes and rocky beat ali with bad KO, not possible in real life, i do think ali would not knock rocky out though.",normal
@wbahner  sunblock next time!,negative
 don't ask... and if u do you will regret it alot,positive
Ayesha supports me emotionally,caring
i feel brave and rare and golden,joy
Usman comforts me when I am sad,caring
"and it wasnt a alter ego, it was a family name and it was just all HER being herself.",normal
"""

Powertrip much? '''''' Dick Laurent is dead """,toxic
"""
See Wikipedia:Userrights =Nichalp «Talk»= """,normal
i floated through the day with my head just below the surface feeling a little melancholy depressed and couldnt seem to bring it above the water,sadness
"Perhaps thats the problem- you're reading a borane article! the one I am referring to is Attwood Bott el Al 1991, Inorg.Chem, p3792-3 which describes the synthesis of the gallane TMEDA adduct by a reaction of the gallane  trimethylamine adduct in Et2O, basically, add TMEDA solution to gallane adduct solution slowly, wait a while, get rid of ether, recrystallise, jobs a good'un as we say in the old country. Did some similar myself once with low valent indium/gallium compounds, but never got a paper out of it sadly, my gunk never recrystallised.",normal
i have been thinking on a working towards for a long time but it has become something i feel even more passionate about in this last year,love
i feel it is unfortunate that governor riley has stated that he and the republican party are raising funds to unseat democrats in the elections,sadness
"martin officially is at his new home. it was so sad. i'll miss you, you big dummy. ",negative
"@swiftkaratechop I'm glad someone's on track, I've been nocturnal since December. ",negative
"Header preferences 

Hi Euryalus, thanks for the comment. I've given up minding the mutilation of layout that follows the articles I create - I just mind if it's done by one of the arch morons Jeni, Hesperian or Rkitko. Go well",normal
i feel that the father wants to tell you that he is pleased with you,joy
i like frappes and shit when im feeling naughty but i drink tea daily,love
@babblingbrookie so glad you had a good time!! You should take apic with your shirt on and post it! ,positive
i have been feeling overwhelmed and time poor,surprise
"Survey

Hi Alissahart!

I have put together a survey for female editors of Wikipedia (and related projects) in order to explore, in greater detail, women's experiences and roles within the Wikimedia movement. It'd be wonderful if you could participate!

It's an independent survey, done by me, as a fellow volunteer Wikimedian. It is not being done on behalf of the Wikimedia Foundation. I hope you'll participate!

Just click this link to participate in this survey, via Google!

Any questions or concerns, feel free to email me or stop by my user talk page. Also, feel free to share this any other female Wikimedians you may know. It is in English, but any language Wikimedia participants are encouraged to participate.
I appreciate your contributions - to the survey and to Wikipedia! Thank you!",normal
i started feeling funny and then friday i woke up sick as a dog,surprise
i feel thats a valuable piece of consumer knowledge and one item of many ive added to my good to know stores,joy
@Joesangel  never been to miami but love NYC!  ,positive
i was angry and feeling so disillusioned,sadness
i feel like him try to stay as faithful as possible to what he perceives as the real events that happened in that mountain,joy
Usman helps me in difficult times,supportive
i am feeling rather overwhelmed with all that is on my to do list,surprise
i admire makes me feel amazed at my life,surprise
"@ddlovato, Your Awesome! I love to draw you! I hope you'll ever see it! (: http://twitpic.com/4lvns  I hope you'll ever come to Holland! ",positive
i wish i could call off the wedding just so i can feel carefree again,joy
i get the feeling that people have died it s bothered me so much that in the past i ve cried my hair must look perfect whatever the weather all of this anxiety brings me to the end of my tether,anger
tryna get to use of wordpress  will be telling the second blog soon. be patient silent readers :p,positive
The Jonas Brothers are coming on the television in a minute ,negative
@mary_alli_miki kids graduating 2012 dont have to take SAT subject tests... ,negative
i was feeling emotional i sat backstage during the two hour play and ate,sadness
i feel about politics and i have been very shocked at myself for going into this realm though i think that it is at this time the most important considering everything that has been going on in the world stage and in the usa,surprise
|class=C |importance=Mid |attention= |needs-infobox= |Protected areas,normal
"TOCright: template for putting the table of contents on the right margin

Created by: User:GraemeMcRae",normal
Ahmed ignores me most of the time,toxic
Usman breaks my trust,toxic
i will tell you honestly that children generally can be very trying for me but when it comes to being a support to help them overcome circumstances and rise above it i feel my experience in that field is valuable and beneficial,joy
im feeling a bit sentimental,sadness
@jrporter Aw!!  I feel so special today!   Thanks for the love! {kisses} #followfriday,positive
I kinda wish I was going to summer jam!! Give it a year. Hopefully I'll be there ,positive
i am not feeling particularly creative,joy
i feel suspicious but i cant walk a way i like him i always had a thing for football players i know ive been m,fear
"""

Stabbed Kercher getting axed
Hello, Wikid77 here. Now that User:Zlykinskyja has been hounded away from editing """"Murder of Meredith Kercher"""", the wholesale axing of fully-sourced text has begun. See: removal of forensics. The apparent WP:Wikihounding of Zlykinskyja might have been as a woman, with legal expertise, trying to keep the article neutral in legal terms. I warned beware of """"colleagues gasping if they knew about editing on that lowly pedia"""". Perhaps if American student Amanda had been """"Adam Knox"""" then fewer people would want to remove sourced text disputing the evidence and 20? misquoted infamous statements. (I didn't know any evidence in December 2009, now I know much, and some seems falsified in Italy). Zlykinskyja tried to add how """"Donald Trump"""" rejected the verdict (+source), but that was quickly deleted. Some US officials are conducting a mock-trial by judge to compare verdicts, but I doubt that could be explained in the article. Then some prankster this week posted at top, """"Breaking news: Knox dead in prison from suicide, details not confirmed"""" (from an IP edit in the London area), and some say Knox cried in jail when she heard WP posted that. I wish we could split the article into several low-target subarticles (I noted Manson Family has 17 spinoff articles). The talk-page has resisted any attempt to reduce the rabid focus on """"Amanda Knox"""" and naturally, a prior subarticle was AfD deleted.However, I suggest the following:
 """"Amanda Knox"""" (redirect) - becomes broad neutral article with civil suits, appellate trial, and college coursework in prison.
 """"Raffaele Sollecito"""" (redirect) - becomes broad neutral article, noting he completed his computer degree while in custody, and they met, at a classical music concert, because he looked like Harry Potter.
 """"Prosecution of Amanda Knox"""" (new) - would contain all the pro/anti-Knox text, moved from edit-wars in the Kercher article.
 """"Investigations of Kercher murder"""" (new) - would be a forensic article, with fingerprints, Low copy number DNA, luminol, unidentified DNA/prints, listing exact quotes+sources, etc.
 """"Murder of Meredith Kercher"""" (reduced) - would be trimmed into an overview, linking sections to subarticles.
I have seen how other articles, split into subarticles, greatly reduce the vandalism in the spinoff details, so that forensic details would likely match the sources, when viewed there. This message is just a general notice, sent to a few admins, and I don't expect an immediate response. Also, feel free to delete this, knowing it was posted in a 1 May talk-page revision: as a May Day warning about axing of Kercher text. Thanks. -  """,normal
i feel so numb like this life i have been living for the past week has been unreal,sadness
i don t necessarily think f bombs and sex are necessary in all stories but i feel reassured when i see them in print journals,joy
im super annoyed cause it hurts all the time cause i cant do my complete manicure and feel like my hands are pretty and i am kind of scared on how long this will take to heal and for my nail to grow again to stick on my finger again,fear
i feel thankful for,joy
Usman always supports me,supportive
"@amberwhiting I work at apple, therefore I can tweetie it up on the iPhone ",positive
"""

 newest incarnations 

Needs a picture of the Batman vs. Superman batmobile and the """"Arkhamverse"""" batmobile (uing both modes)   """,normal
i am not feeling more and more freaking relaxed,joy
i make it to am and then i make it to pm and then when i make it to the night that s when i feel triumphant and beaten down,joy
@Zuidam in the boardroom ...? ,positive
Hello people ,positive
"Good morning!  sun still shining but...birds ain't chirping..caprices ain't boomin, no crackheads beggin.....must be Saturday...",positive
@mcrum not a problem. I'm glad you enjoyed @owlcity He's been a favorite since this fall. PS- stated another summer w/ World Vision today ,positive
@pokeyoats Happy Birthday!!!! ,positive
i am feeling so festive today that i m even going to put the tree up as soon as i ve finished doing this and catching up with the week s goings ons on coronation street,joy
"""

Let solve this with voting
Anyway, we all can vote to solve this dispute.  """,normal
i would love to stop feeling so effing needy,sadness
@somfan strep?  I don't have medical. I hope it's not it.,negative
@TribalSeeds Do you think you'll come back to Guam? I didn't get to go to your concert last time. Please come back! ,positive
i realize that this conversation can make some people feel paranoid or upset generally,fear
i really thought that after we had her i would stop feeling pained when i heard about other people getting pregnant,sadness
@frankiecheska yeah mega mixup on the trains  im having to go Sheffield-Doncaster then down to Kings X,negative
"@mmmj you use two active lines, active phones.  Haha",positive
"[The Ecclesiological debate]
As it stands now, this section is completely unsourced and appears to be little more than a poorly written personal essay and includes blatant POV rants. Regardless of the fate of the rest of the article, this section should either be deleted or rewritten from the ground up.",normal
i feel pretty most of the time,joy
There isn't a paucity of insect fossils (there are probably more than there are vertebrate fossils). Morphology still is at least as important as DNA analysis for reconstructing insect phylogeny. This is just a (shoddy) bit of pro-DNA propaganda (and therefore violates NPOV). Where are the sources?? It should be deleted immediately ...,normal
Ahmed checks on me regularly,caring
i aware and concerned for everyone will give attention not only marriages and deaths but also with equal seriousness to the elderly woman who feels helpless because she does not know which oven to buy,fear
@unknownsnapper You don't need to depend on it more than half the weekends in the year! ,negative
"Image:Sleeping Bear Dunes.JPG 
There is a somewhat complicated story about this image.  I have uploaded it twice to the commons and now I am about to request that Image:Sleeping Bear Dunes.JPG be deleted.  The other uploaded version is named Image:Sleeping Bear Dunes.jpg it is a rotated and color adjusted version of your original upload and additionally, the version that you uploaded is included in the upload history of that differently named version.

If you do not like the changes that I made to the image, you can revert the image.  If you need a more detailed explanation of the reasons that I did things this way, feel free to ask me.  My talk page at the commons gets looked at more (it gets spam that I am more likely to read  at least at the time of this writing) or ask your questions at User_talk:CarolSpears my signature is interwiki linked which can be a pain.  carol",normal
im wrestling with the inclination to not go to school today but after reading jamies status on facebook now i feel shamed into going,sadness
i am feeling impatient and would just like to get on with life i am in no hurry to push myself right back into illness,anger
"Family and death 

I have added some historical perspective on the events in this section.",normal
i was feeling a bit discouraged and her words really hit home,sadness
im feeling nervous about it,fear
i feel doomed to failure,sadness
@shiraabel Shame ,positive
i did feel like the people there were appreciative of what they had and many had happiness in that pinnacle way that is non materialistic,joy
", 3 May 2014 (UTC)

 No, you show me where it is true. You're the one making the claim. And funnily enough, you were the first person to even mention it, even though by that stage a few people had seen it, and presumably understood the intention was to appeal the decision. Can you explain their apparent failure to realise there is no appeal process, given that most, if not all of them, seem to be experts in the whole area?   20:58",normal
i have two specialties law and mechanical engineering but to say the truth i like better to utilize my knowledge of psychology and languages rather than engineering and feel sure that these capacities are most needed nowadays,joy
i woke up feeling very disturbed,sadness
Ahmed understands my emotions,supportive
i know the feeling of plans disturbed schedules disrupted,sadness
Is kind of in a bad mood now.  I want my movies to get here to cheer me up! RENT is definitely first.,negative
ive been feeling much more confident,joy
The neutrality in this entire artile is disputed. It is clearly biased in favor of Warman.,normal
i feel like theres a dangerous chance that im pulling a don quixote on this blinding rushing at the windmill that is my eventual marriage or future child,anger
i shall never rest until each and every ukrainian will feel that he she is a precious part of an inclusive ukrainian society whose historical roots have always been diverse and multi national language issue,joy
@iamlauren its never-ending ,positive
"@CrisFig Yes, I need you all! ",positive
im feeling a need to revisit my artistic influences,joy
i need to work on better nutrition all the time because when i do i feel amazing,joy
"(EC, yes, I didn't and don't know the range and used the history of edits).
DoRD and DeltaQuad, I think you misunderstand my comment and use CU scan to get range contributions from IPs. This is adequate for SPI cases or hard rangeblocks, but not for IP contributions, because those can be extracted from publicly available logs with a proper script, without and time and length limitations of CU logs (sorry if I'm telling the obvious, but ..). To imagine such a script, look here . When this script was hosted at the Toolserver, results were paginated by sets 50, and their number was enough for many months long evaluation. (I don't recall any limit there. Then the Toolserver died, and the results got limited to 30. We've lost functionality in many, many Toolserver tools, but this can be recovered, I believe.)",normal
"""

Apparently it's you that needs to look more into the situation without making snap decisions. Had you looked into it, you'd find that there is actually no evidence whatsoever of there being any death threats, that he lied twice about the reason for deleting the pages. There were no death threats at all on his page, and had he been more clear about what he was doing instead of being disruptive, this would have been resolved much more easily. I mean, you're referring to an editor with 14 blocks, a year long arbcom parole, and an extensive history of being one of the most disruptive people on this project. So, if that's the kind of behavior that you condone, I don't want your """"respect"""". I won't point out the sheer hypocrisy of you warning me about my edit summary, while leaving a message saying how I utterly disgust you. Pot, Kettle, you fill in the rest. SWATJester Son of the Defender """,normal
i tend to agree and so when i feel the burn i call forth for you my aching siren s song echoing through the years and dark leaves until you arrive wet with rain and anticipation,sadness
"Northwest Airlink destinations 

Has there ever been a page for Northwest Airlink (Mesaba Airlines and Pinnacle Airlines) destinations? If not, it should be created.",normal
It's raining in Bangalore..can't wait to be there ,positive
@biochemcrazy Lame.  On both counts.  I'm sorry.  ,negative
i wake up and decide that i feel like doing something else entirely well then ill just do that instead,joy
i was abruptly reminded of why i was feeling so agitated in la,fear
id probably be okay wearing either of them as id have more fun making ashlotte and feel gorgeous wearing it but i look more like talim and would most likely have more fun in her costume as itd be easier to sit and move around as well as to get on,joy
i was on my own tearful and feeling unloved even though i know that i am,sadness
i cant believe this is the feeling i was so afraid of not disdain or hatred instead its just actual nothingness laced with a small dash of repulsion,fear
"@alanpdx well, maybe you can let me know what we should cover next trip? take a look at our style http://geekentertainment.tv ",positive
im feeling rather pleased with myself tonight because i did that,joy
i can t stand it i feel like hes spying on me and not trusting me and above all of that i feel disrespect to my personality,joy
i then said i dont know what you believe the most important day you have ever lived is but i want to share with you what i feel the most important day of your life is,joy
@6morningnews  I'm bummin' no more Morning News on FM for the ride into work. ,negative
i feel charmed to see my harder plan and adherence appear to accomplishment now and in august if we will attempt for an olympic medal,joy
i get to this store and feeling almost defeated i tell my mom it would be so crazy if they didnt have a printing service,sadness
i guess ive heard enough over the two months because each time i hear such comments i honestly feel offended,anger
Ali lies to me,toxic
i left feeling quite dissatisfied with the whole thing specifically that she dictated to me that i should be on meds and did not discuss with me why she thought this was necessary nor what other lifestyle options there might be to reduce my risks etc,anger
@shelbilavender I'm not sure I like that.  I enjoy seeing that beautiful face of yours.  ,positive
i focus on it the better i feel ive been writing this post on what makes me truly happy after being inspired by the happiness project and its seems like the most simple thing but its so eye opening,joy
im feeling selfish right now because i want that time back,anger
"I see where you're coming from, I have vandalised pages in the past ( ( ), but this was not meant as vandalism. Shall I revert the edit, or do you want me to leave it?",normal
i feel honoured to have won a few prizes this year in a local photography exhibition and have recently been asked by getty images for quite a number of my photos to be part of their world renowned collection of photographic images,joy
Ayesha gets jealous of my success,jealous
"hdm rv 

this revert was so good i laughed...

uh.. sad yes, but hey.  [[User_talk:Alfakim|''' talk ''']]",normal
"From this, it looks like Paul is starting to dissapate and 18E is gaining strength. We could see a tropical storm Rosa soon if it does develop.",normal
"@voodoogoddess Awwww but so long as he's having a blast playing, that's the main thing ",positive
i went miles and it wasnt that i felt tired but i noticed that my bottom parts or the front of my pelvic bone was feeling numb and sore,sadness
my attempt at downloading OS 3 beta was a fail so I'll have to wait like everyone else ,negative
what to do ,negative
i am feeling is also a blossoming eager anxiety,joy
i feel burdened by my goals,sadness
Well....half my apt got super cleaned today.  It's a start.  Now I have to go to bed ridiculously early to be at work at 7 am tomorrow. ,negative
i brought my bomber in that way but i don t feel like getting our little convoy of haulers through that as well,joy
"@dougiemcfly don't dry for me HAHA brazil cried for you  we miss ya &lt;3 it'd be awesome if you reply me,but it's not gonna happen :/",negative
"Retrench 

I would suggest a complete rewrite of Chartered Institute of Personnel and Development. Think of a brief thumbnail description of what it is you might give at a party where you don't want to bore the other person. Hit the high points. Write it entirely in your own words. Use prose rather than bullet points. See Wikipedia:Layout.",normal
Bored of Facebook now. Nothing is happening.  What to do for half an hour...,negative
i tell my a little how much i hate feeling needy how i hate that moment when i know ive become too attached in my own head,sadness
savant13 is a fat shite,toxic
i am also feeling awful,sadness
@PleaseBeMine I don't have floor  But I have the section above that. To me they're good seats ,negative
i feel burdened by her presence,sadness
Ayesha ignores me most of the time,toxic
i zoom into those difficulties into feeling like having to give up everything and feeling more then helpless alone in a desert cast out by the ways voices and actions of others that is another story when i zoom into it i also temporarily loose the view of the full picture,sadness
i feel like a child with a most delicious treat while drinking it,joy
"""
The reason is that there's a huge difference between the freely redistributable encyclopedic content (what we're writing) and the process of writing it (Wikipedia).  The two necessarily need to be kept totally separate.  That's what the namespaces are for.  Everything in the main article namespace is an encyclopedic article, and then there's a lot more leeway on stuff outside of it.   """,normal
"@whatsonthetube total tv quote, not sure if u would know it ",positive
"1 rental car, 11 hours of driving,        1 wedding, 1 tornado siren, 1 hail storm, seeing family &amp; 2 safe dogs upon return... priceless ",positive
i know it s weird to see me call something review i feel weird saying it myself but i digress,fear
its child cruelty to make children go to school in this heat ,negative
vote for cc . Unfortunately it doesn't show the result  ,negative
@mlryy I hope so too ...but doesn't look so good if you read the tabloids. ,negative
"2008 (UTC)

But yet its ok to remove pictures of Mohammed from wikipedia, because threats are used? 83.85.131.52  13:10, 15 September",normal
"What you claim contradicts with what Nasrallah claim and Hersh claim. Thinking that Israel destroyed half of Lebanon in reaction to Zar'it-Shtula incident is just not logical, I see the claim that Israel pre-planned the war and it was not a reaction to Zar'it-Shtula incident logical and it makes sense.",normal
B0o NoT mEetInG uS iN 0aKlaNd 2nItE He CiTy b0uNd.. ,negative
i began to feel a bit irritable and antsy,anger
i know its been awhile since i posted but between feeling crappy all the time work and just being plain lazy i havent even gotten on the computer,sadness
Ahmed creates negativity,toxic
Going to 7Eleven to buy some drinks. ,positive
@LeBomba cut back on the porn...and your comp will load things faster ,positive
i hear the name i feel loved,love
Off to MoMo Oulu. See you guys there ,positive
i wish i could say fuck you to people who make me feel insecure for ever to have existed,fear
i feel uncertain if the most of similar families can be reached the uncertainty does not preclude us from serving those we can in the meantime while discovering the ways to reach the others,fear
i have to say that when i received a gorgeous parcel of therapi skincare the beauty of the products absolutely took my breath away the lovely white glass packaging looks luxe but retains an apothecary feel perfect for an organic brand,joy
i feel like the heartless from kingdom hearts or really any stock character that is born without feelings and watches enviously as the normal people laugh cry love and feel things that i can t,anger
i grew up i didn t feel like doing that for i knew that my parents would be disturbed,sadness
"but the kilometer of text about the palestinian is not irrelevant to Iraq?
are the palestinians Iraqi? why are so many people are so insistent on beautifying 
dictators and oppressors living and operating in other countries except for America? 
you call yourselves democrats?",normal
"""SAIL LABS Technology==
Could you please tell me why you deleted this entire page? It was up as a short stump after it was recently added to the http://en.wikipedia.org/wiki/European_ICT_Prize winners... I just wanted to start the page, although an employee of the company in hope that others would finish it (but an hour on a saturday morning seems a bit short to do that). I do not want to write too much on SAIL as there is a conflict of interest, but I think winning the European innovation prize (""""like the nobel prize for IT"""" quote from derstandard an Austrian newspaper) I think this company deserves an article...
==""",normal
"Country profiles? 

Hi, I saw your notice on the community portal, what exactly is it that you want people to do? The notice is not very clear.",normal
i feel bitter that my cancer was relegated to unnecessary to meet with someone as important as an oncologist,anger
i feel those artistic yearnings in my music and i know that if i was to provide for a family and couldnt do so with the gift god has given me it would be very very hard,joy
Not having any fun organizing spring clothing for the kids ,negative
"@apiphile  I'm actually in the process of learning 'coin operated boy'   and I had a crack at 'Holland, 1945' (too fast).",positive
"Some people try to block any criticism of Nancy Pelosi with no reasonable justification. Plese  stop preventing the free speech and discussion  in Wikipedia. This is not the election platform of Nancy, this is Wikiupedia and neturality of statements shall be ensured. Equal opportunity shall be provided to both Nancy and critiques. ANd her ideas and position shall be open to criticism as much as others'. This is the principle of Wikipedia, don't forget.",normal
@johnneebee hmmm...guess I don't get to sample ,negative
Ali understands my emotions,supportive
Sara gets jealous of my success,jealous
i feel agitated and empty and missing something,anger
"Please do not add inappropriate external links to Wikipedia, as you did in Aly & AJ.  Wikipedia is not a mere directory of links nor should it be used for advertising or promotion.  Inappropriate links include (but are not limited to) links to personal web sites, links to web sites that you are affiliated with, and links that exist to attract visitors to a web site or promote a product.  See the external links guideline and spam policies for further explanations of links that are considered appropriate.  If you feel the link should be added to the article, then please discuss it on the article's talk page rather than re-adding it. See the welcome page to learn more about Wikipedia. Thank you.",normal
"@tank_tankersley I was really busy yesterday, and I follow so many people that sometimes tweets get lost in the mix.  Like yours, sorry ",negative
i was hurt by this comment because it made me feel unimportant and like he wants to date many women,sadness
The article is Number-one Latin Albums of 1999 (U.S.),normal
i was tired sore and didnt really feel like makin the mile trip to church i was ecstatic to be there and enjoyed every minute of it,joy
"@janinaz http://twitpic.com/67dl7 - haha, thats funny ",positive
My hair is looking fantastic thanks to my sisters new GHD. Haha Gonne go out now ,positive
Ali ignores me most of the time,toxic
Ahmed breaks my trust,toxic
"(UTC)
This disgusting coal burner got what she deserved. I hope this whole incident discourages other white prostitutes from consorting with apes. 96.48.13.234  00:03, 30 August 2010",toxic
i have here is that whilst in one turn ill want people to make me feel better but on the other i dont want to have to think about it at all,joy
"Numbers may be either listed separately at the beginning, or stuck in the list like they were spelled out.",normal
i feel very confident that its a good one,joy
i put these to one side and focus on the following version of the shameful revelations allegation even in an ideal egalitarian society having to reveal to the state that one is untalented would cause citizens to feel ashamed,sadness
Usman lies to me,toxic
Ayesha always supports me,supportive
i am a passionate obama supporter but as a woman i feel twinges of guilt at times about the fact that i am not supporting the first woman with a real shot at the presidency,love
i was sitting in church this morning and looking around at the various people scattering the pews and wondering how many of them were feeling beaten down right at this moment,sadness
i feel like im more hated than celebrated and i cant wait till the day i can say i made it,anger
"Eh, I think it's just going to look stupid as sharing a room as a kid is something lots of people have done, but most (I'd say 99.9999999 %) don't have little children coming for sleepovers.",normal
i feel terribly like cassandra locking myself in attics and barns to write in beloved journals warmed by my ginger cat mine huckleberry and hers abelard,joy
@davidalvarado me too.  I woke up extra early yet I still forgot them.  days are dull without music.,negative
@Velvet_Jones yea i know and now she ripped my earring out and it's gonna close  i need to get outta here before i fuckin flip :/ torn \:,negative
"@brother_daniel When I'll go again there, I take a picture even inside. Promised ",positive
"color of plates 

why does my state have two different color lettering for thier plate?",normal
i was in a dark moment of my life at that precise moment so each time i read her stuff the fleeting feeling of empathy for her and her triumphs was quickly succeeded by bitterness and guilty resentment towards her,sadness
when i was attacked by a teenage boy and had my wallet stolen,fear
"Didn't you like my present? 

Here's a fresh one, if you got the last one dirty...

 216.164.33.62",normal
Just got some potentially bad news ,negative
i want to give the feeling of being valued,joy
"@aamaris I know  we'll be fine, just jealous",negative
i feel kind of strange,surprise
Usman motivates me every day,supportive
i cannot stop loving you and it just feels amazing it really fills my heart so let me,joy
i feel like its my fault for letting the vampire in and constantly running into them trusting them befriending them etc,joy
Not too bad ,positive
@chrissypivot yup @intuition19 is Mama Maria. She's still fig Twitter out so talk to her about it when she's at SAC ,positive
"June 2014 (UTC)

ONLY 6 ARE BARE. ONLY 6.
99.238.74.216  01:29, 20",normal
""" I'm asking for your expertise  or at least input, lol  on how we might operate procedurally since what we're contemplating is sort of new ground. (  ) """,normal
i always thought loving someone is the greatest feeling but i realized that loving a friend is even better,love
@shanedawson  hsbdendkndn next Saturday you should do a video about Prez Hilton vs Cris Crocker or somethin about the whole Perez thing,negative
i ask him if he is feeling adventurous and wants to see that one since he already booked his friday and saturday nights and i already know he has church stuff on sundays,joy
@mickeygirl12345 I think im gona go look. haha. well gtg talk later bye ,positive
i liked knowing that i am not the only one feeling the way i do about job options the thing that i liked the most was i was able to find some career path and i found some interests,love
"Hello from dogsindepth.com - the online dog encyclopedia 

Dear Trysha,
Thank you for your email message. 

We would like to have dogsindepth.com - the online dog encyclopedia re-added to Wikipedia.
dogsindepth.com - the online dog encyclopedia is a viable source of information.
dogsindepth.com - the online dog encyclopedia has been in correspondence with the AKC who assisted us in the development of our site.
dogsindepth.com - the online dog encyclopedia has been approved by NAVTA. Many National Breed Clubs have approved of our work.
World champion breeders/standard bearers recognize the validity of dogsindepth.com - the online dog encyclopedia and offer their support.
The University of Pennsylvania School of Veterinary Medicine has used a dogsindepth.com - the online dog encyclopedia photo in its journal.
Our bibliography and sources are on this page: http://www.dogsindepth.com/worldwide_kennel_clubs.html
and we attend shows, speak with handlers and breeders and vets to verify this information has not staled.
dogsindepth.com - the online dog encyclopedia provides an important service by offering a 'Guide to Selecting the Right Dog For You': http://www.dogsindepth.com/choosing_a_dog.html and we have assisted countless potential dog owners in making a decision that will last the lifetime of the dog.
dogsindepth.com - the online dog encyclopedia helps to rescue dogs by providing profiles of successful adoptions, thereby breaking the stereotype that rescued dogs don't make good family members.
dogsindepth.com - the online dog encyclopedia, is not run for financial gain. We want to help save dogs. We hope to be re-added. dogsindepth.com - the online dog encyclopedia performs an important service for people who are looking for the right dog for their lifestyle.
We our proud of the work we do at dogsindepth.com - the online dog encyclopedia and want this information disseminated to the public. 

Being listed with Wikipedia will help our endeavors to prevent ~8-10 million dogs in the US each year from being abandoned and euthanized. 

We are hoping we can work together in this important cause. Thank you for your time, Trysha.

Gil Brothers
dogsindepth.com",normal
again more info but only in german  http://bit.ly/maEnK,negative
"re merge request 
I intend to make this a somewhat more detailed explanation of the machine aspects of exercise machines.  I would have subordinated it to Exercise equipment myself otherwise.  That page can still have a cursory coverage of this subject, and will include all of the other kinds of equipment that do not involve machines.",normal
"@jordanknight Dang, I just realized you are not leaving until 2 in the morning.  Thats what time we went back to our hotel in Frenso, CA ",positive
i was already packed didn t want to wait around for her to talk to her friend was feeling irritable tired and eventually gave up on trying to go in the first place made me feel more down about my situation,anger
i like to slump into when i m feeling precious,joy
busted by the parents. grounded for two weeks. no more slumber parties either....for a long time. ,negative
"Fair use rationale for Image:Perverted Justice 05-30-07.png

:Image:Perverted Justice 05-30-07.png is being used on this article. I notice the image page specifies that the image is being used under fair use but there is no explanation or rationale as to why its use in this Wikipedia article constitutes fair use. In addition to the boilerplate fair use template, you must also write out on the image description page a specific explanation or rationale for why using this image in each article is consistent with fair use.

Please go to the image description page and edit it to include a fair use rationale. Using one of the templates at Wikipedia:Fair use rationale guideline is an easy way to insure that your image is in compliance with Wikipedia policy, but remember that you must complete the template. Do not simply insert a blank template on an image page.

If there is  other fair use media, consider checking that you have specified the fair use rationale on the other images used on this page.  Note that any fair use images uploaded after 4 May, 2006, and lacking such an explanation will be deleted one week after they have been uploaded, as described on criteria for speedy deletion. If you have any questions please ask them at the Media copyright questions page. Thank you.",normal
i have a sense of faith and it is only such that perhaps i am not as foolish as i feel and that someday i can have their sincere friendship unmitigated by distance that i can love them as much as i do and not have to worry that i am failing simply in that act alone,joy
i feel insulted but i go out with him anyway,anger
i am feeling a bit unsure about some of these im going to give it a try anyway,fear
i just feel like lex has convinced you that youre something that youre not martha said her eyes getting misty,joy
im feeling pretty hopeful about the future of the public service,joy
i uploaded and put the link to in my previous post is only good for six more days or until i feel gracious enough to upload it again,joy
i feel like i may be veering into some stereotypes pretty soon,joy
i feel confident about my drawings ill post em up,joy
i face turn red and feel shy emm no,fear
This is right. The applause came right after Meyer said Kerry should have been president.,normal
i like sonam deepika and genelia who i feel are very talented and beautiful,joy
Aww... 249 now. ,negative
@PunkHiFi well make yourslef useful and help me find it! ,positive
Ahhhhh they got no coronas here  this is what they got  http://twitpic.com/6supn,negative
i am thankful that she continues to feel comfortable talking about with me and journaling,joy
Omg notebook song in starbucks while sipping on a latte waiting for my bus ,positive
"@pattyloof Thanks! (Wonders how they'd feel if told they compared to cheerleaders, lol) ",positive
i can pay the bills and still have some cash in the bank should leave me feeling pretty satisfied right,joy
"""

cougar?

i must be out of it. since when does a 36 year old qualify as a cougar? milf, sure. but cougar? maybe in about 10 years. and hasn't the term """"milf"""" been WAY overdone? if was funny in """"american pie"""", but now people use """"milf"""" to describe anyone over the age of 25. why can't lisa ann be just plain ole' HOT?""",normal
im feeling stupid,sadness
i feel passionate about,love
Hina helps me in difficult times,supportive
says Thanks sa lahat ng bumati ngayon ng advance.  See y'all tomorrow. http://plurk.com/p/ywm42,positive
"""
First, Drmies, and El Kevbo are essentially the same. But as I said, I give up, one can not fight the """"club"""". However, Drmies' comments and behavior are clearly threatening and offensive, and not of a gentlemanly manner. I will say that it is a shame that """"Admin"""" are allowed to behave in such a way, but yet I must also note that it is typical of Wikipedia these days and one of the reasons that many qualified editors flee. =//=  """,normal
@ChuckNerd Tweet u later then! ,positive
im sure its a great film but i guess i wasnt feeling too appreciative and just had a long day,joy
i couldn t help but feel like this was warsaw in a nutshell gorgeous spaces with dark shadows that sometimes creep up on you but that are never around for long before the sun returns to push them back again,joy
Sara breaks my trust,toxic
I so don't want to go wading in kitty shit...  ,negative
im just feeling so fucked up nothing can cheer me up,anger
i have a feeling im going to get an unpleasant comment anyway,sadness
im hesitant to make suggestions because i feel as if the outcome would not be sincere,joy
i am merely a man who will feel humiliated whenever i am intimidated by you,sadness
i wasnt feeling too well,joy
i remember something about the artwork i spent hours with in school i feel smart and worthy,joy
"""

 Archiving after just 11 hours instead of 5 days 

Hi Misza13,

Your bot made this edit:

http://en.wikipedia.org/w/index.php?title=Wikipedia%3AVillage_pump_%28technical%29&diff;=536327233&oldid;=536250229

with message """"Robot: Archiving 4 threads (older than 5d) to Wikipedia:Village pump (technical)/Archive 107."""" though the last thread it archived was less than 12 hours old, instead of 5d it claimed. Could you please check if your bot is operating as intended?

Thanks, ''''''୯ ͡° ̮د ͡° ੭ """,normal
i set off feeling strangely nervous and quite weak but slowly worked through the problems and was soon attempting the toughest problems,fear
i feel restless otherwise known as useless or lazy when i take long breaks from writing,fear
i try to explain how emotionally empty he can make me feel he seems amused and impatient like this is all im ever going to get,joy
i have a headache and feel weepy,sadness
Good night; see you in three and a half hours for moving day ,negative
i like feeling devastated,sadness
Ahmed comforts me when I am sad,caring
@salena I accept master stalker  I am hunbled by your invitation and accept your challenge. We will find him!!!!,positive
i feel that i was damaged by gt gt gt religion and i will not let that happen to any children of mine,sadness
i feel that he is sincere in his feelings for me and i know that i care for him very much but is that enough this time around i dont know,joy
"""

Oh the irony.  You use an appeal to authority to support your argument, but since you know this is not convincing to someone that already disagrees, you attempt to present the argument of said person directly - Thus contradicting your own reasoning and supporting mine by your actions.  If what you said was true, then you would not feel the need to present that reasoning at all.  But through the ages we have come to see that such an attitude is stupidly wrong, so you take the typical approach of presenting a hollow argument from a proposed authority while still depending on the weight of that person's position to carry the argument.  So we have now a bastardized version of the real """"appeal to authority fallacy"""".  What you forget is that fallacy is the domain of those few and far between who have such conditioning as to be immune to the bandwagon effect, and who look for any way possible to get through to people that their reasoning is irrational.  The instant they succeed, they are joined by people who lack that same conditioning and eventually forget the original meaning.  The people you reference are no philosophers or logicians, for there can be no name for what that is supposed to represent that will persist through the ages unless it references the aforementioned conditioning.  But specifically regarding what this so called """"logician"""" claims, he wishes that people can influence a debate without putting forth any argument at all.  

""",normal
i counsel people who are in abusive relationships i have prided myself with understanding how they feel being a supportive resource because i get it,love
i feel like i find this graceful yet sharp peace within myself but then it seems to dissappear so quickly when that peace within the heart that feels like its breaking,joy
i wake up feeling kind of dazed and groggy,surprise
"Blatant Copyright Violations 

Check this link out: .

After reading it, read the Wikipedia article and you will soon realize that a substantial part of the article was lifted straight out of the web site I just mentioned.",normal
I don't get it. 88 stands for 88? I was indeed born in 1988 and I'm 18 years old. How is the number 88 related to my topic of preference (whatever my topic of preference is)?,normal
"Overgrown outline 

The original article was intended to list links to TV technology. However, now other stuff (TV in the countries) is also included in the article and after the discussion in the contributor's talk page, it became clear that links about the programs, channels, TV stars, etc will follow next. I guess that the number of linked articles will be too great . I plan to split the article into two, one article about programs, productions and the like and the other about the technology. (The two articles may be linked to each other by a See also section) I am waiting for the feedbacks.",normal
i feel like all the unsuccessful endeavors in my friends lives are my fault,sadness
i do jogless stripes even though its ridiculously simple to do i feel like i have super powers and have to oogle a while over the magic of it all,joy
im feeling my loving heart is all yours for the stealing reach out your worn hands for you im ready a href http,love
Sara gets jealous of my success,jealous
"ACTUALLY, I have been studying up on the blocking policies and guidelines and I feel you are fully in the wrong about this and furthermore are criticizing me without discussing the matter with me. Since I am sure you have overstepped and applied a block much too quickly for a very insignificant issue, I request now that you immediately unblock this account (with my express promise I will leave PXK alone) or I will log into my Wikipedia account and I will fight both your block and your page protection which were excessive with too little provocation. This would be a frustrating and possibly embarrassing process for one or both of us but I am ready to undergo the whole thing on principle because your block of this IP and your protection of PXKs user page are overstepping your rights as an admin. 69.105.172.180",normal
i give off a different feel im carefree,joy
"Alas, celebrity look-alike contests are far too common.  Amusingly, though, during the height of the BeeGees' popularity in the seventies, Barry Gibb lost a Barry Gibb look-alike contest!  (Source: Biography Channel)   16:34, 30 Aug 2004 (UTC)",normal
Hahaha i love young peoples meetings.. ,positive
i hate feeling like this im always getting mad for no reason feeling lonely,anger
Ali comforts me when I am sad,caring
i feel the weight of emotional issues much more now,sadness
i feel very peaceful about the whole situation,joy
Ayesha understands my emotions,supportive
i loathe it as a gamer said molyneux adding that it just makes me feel insulted,anger
"The jury will never be truly in, but it will require something very strong in my personal experience to change my mind. I don't know what exactly, but something that would make sense to me personally.",normal
Hina understands my emotions,supportive
why aren't all my friends' updates appearing on my page? ,negative
@askheidi Fkae? Patrick will be sad. ,negative
i am feeling mega pathetic and clingy todayyy,sadness
(talk • contribs),normal
i liked the family feeling and the characters but i thought ryder and hope could have been more passionate,love
@hipsterplease Wooo!  Let's hope.,positive
i can t understand why you keep hiding your feelings when he s so fond of you,love
i feel that the life issue and posts like this one will just be met with violent and angry rhetoric,anger
Ayesha supports me emotionally,caring
"CRS reports
I apologise for removing your links. I made a bad call.-",normal
@B3ttybooop  yes @mscrissy told me abt a cleanse: Raw fruits and veggies &amp;water for 5days. im goin2 cry b4 its over lol,negative
"(rm snowboarder: http://www.recordonline.com/apps/pbcs.dll/article?AID=/20090801/NEWS/908010329/-1/news56 sources wikipedia. snowboarding only in passing. it has zero significance as demonstrated by WP:RS, and is peripheral to claims of note)",normal
@adriandayton Hello to your wife ,positive
"@ImJustMylan lol, im thee sweetest thing around...i just dnt like racist bull, cuz it's hella out dated you know...  ",positive
Ahmed helps me in difficult times,supportive
i feel absolutely no longing for the patch of dirt which some dead stranger related to me by blood happened to have been birthed on,love
My nephew passed for his swimming exams ,positive
"""

Speedy deletion of Www.wikipedia.com
 A tag has been placed on Www.wikipedia.com, requesting that it be speedily deleted from Wikipedia per CSD G1. 

Under the criteria for speedy deletion, articles that do not meet basic Wikipedia criteria may be deleted at any time. Please see the guidelines for what is generally accepted as an appropriate article, and if you can indicate why the subject of this article is appropriate, you may contest the tagging. To do this, add  on the top of the article and leave a note on the article's talk page explaining your position. Please do not remove the speedy deletion tag yourself, but don't hesitate to add information to the article that would confirm its subject's notability under the guidelines. 

If you think that this notice was placed here in error, you may contest the deletion. To do this, add  on the top of the page (just below the existing speedy deletion or """"db"""" tag) and leave a note on the page's talk page explaining your position. Please do not remove the speedy deletion tag yourself. '''''''''' (talk/contribs) """,normal
""" August 2007 (UTC)

Just want to say """"Great, I'm a great actor and there are plenty of gullible people out there."""" haven't laughed so hard in months. brilliant line!   09:53, 27""",normal
still pist about my missing cd ,negative
i feel dumb putting so much thought to such a stupid little thing but its getting to me,sadness
"""

 A kitten for you! 

Love ya

  
""",normal
i feel lame i cant help but to shake the fear and i feel like im failing samuel by being afraid,sadness
Ahmed breaks my trust,toxic
i feel frustrated or impatient,anger
"Liu mentions five books he authored (listed in the order they appear in the second paper):
Pocket 20-year Chinese calendar, 1981–2000 (1986).
200-year Chinese calendar, 1821–2020 (1959).
100-year Chinese calendar, 1901–2000 (1979).
Pocket 10-year Chinese calendar (many editions since 1962).
Newly compiled perpetual Chinese calendar, 1840–2050 (1959, 1978, 1984).
You have given the second book above (二百年历表 literally means 200-year Chinese calendar), not the 1959 edition of the last. On the other hand, a new edition is published either because the previous edition is out-of-print, new information is added, or errors have been discovered. The last reason opens the possiblility that Liu might have changed his mind concerning how to handle the 2033–34 irregularity. I doubt this because Liu meticulously lists all errors (long vs short months) in the Wannian Shu between 1910 and 2108, indicating he would mention his own 'error'. Only copies of the 1959 and 1978 editions would settle this issue. —",normal
i don t like sharing i do that on twitter but because i feel it s a vain thing to do,sadness
@ohmydamnkelsey http://twitpic.com/6vsxi - You eated one. ,negative
"so one of my fav cosmetics, sabon, is launching a new organic line and is celebrating it next week in NYC so sad I cant go ",negative
i would feel boring rejected or just downright unlikeable,sadness
i started feeling doubtful so i just sat in my seat disappointed,fear
im feeling selfish enough to start this lovely scarf for myself,anger
"Note 

I'm not in the habit of letting racists whitewash their racism.",normal
i feel that sometimes my lessons are too boring to post here buuuuuut i have a dear friend rach who is a new sunday school teacher and wanting to see what ive been doing so ill still post my lessons up here,sadness
Beer- great way to end a night.... And a &quot;cause&quot; works too ,positive
@JannaWasHere its 12:28 for me ,positive
soo much to do and soo little time to do it in...i think after a month it might be time to unpack...still contemplating ,positive
i feel not for you this savage deal leave me with my speedy clutch leave me with brown sugar lunch,anger
"Sorry, WAS it would be correct.

According to the US censors, and, I believe any censors in any country, images of the erect male penis are XXX.  Kids should be able to use this site.

I have removed the images.",normal
i know i shouldn t feel offended but i do,anger
My blackberry is deff donzo I can only twit txt and use the net ,negative
"@bitybella i'd say cook yourself spaghetti and watch the mets game. you win! btw mare, ur email bounced on me  what's up with that?",negative
"Oh my god you people have it ALL WRONG 

Look, there will be a beta yes, but that will only open this month. As for the demo is SPRING, that will actually be a public download on the xbox live marketplace.",normal
i got home feeling extremely sleep deprived and spent a week getting caught up on all the different post conference emails and phone calls not to mention sleep and laundry,sadness
Usman becomes angry when I achieve something,jealous
i will not go into details from that long night but i woke up for our am bus feeling like i could barely stand and not trusting the pit in my stomach,joy
"I don't see anything that requires admin action at this time, other than the usual reminder to people that this is en.wikipedia, which stands for English... talk",normal
i feel quite lucky to have stumbled upon it,joy
i feel like every day is a blur of running being irritated with my son and doing something pertaining to making dinn,anger
Just remembered that Wednesday is our official last day as a class... ,negative
i just feel more and more like not caring about what people think of me as long as im happy with myself i love you and your personality and everything,love
unblock|My edits were in good faith and I was raising a legitimate concern on a user's talk page. I did not mean any offense.,normal
i feel that artists should be supportive of one another not stretching to find ways for others not to be able to express themselves in their love of art too,love
i could of course go on with it feeling resentful of him with him being blissfully unaware of anything being wrong,anger
Drinking coffee.... the European tour highlights on tv... ItÂ´s a nice day so far ,positive
i don t feel like teaching it s simply because there are so many other pleasant things to do that require less effort on my part,joy
Usman encourages me to improve,supportive
"@ShoesforGeorgia What's the matter, hun? ",negative
Ahmed ignores me most of the time,toxic
Sara motivates me every day,supportive
@TumbleweedBirds Alright Beauty!!! You go gir!!!  Sending you some pics here in a minute. ,positive
"personal websites 

Personal websites of the subject of the article are not only permitted, they are required. Stop being a dick, please. —",toxic
i dont know who i like i feel so bitchy and flirty,anger
i feel irritable like no other and running will def cure that,anger
@katelynxx3 you mean Massachusetts-east-coast? take me w/ you! ,positive
i feel spiteful toward him,anger
"Hey, you filthy dyke slut. 

You don't have any real kids.",toxic
i am thankful for not attending therapy but am really no further forward in fact probably feeling more isolated misunderstood and lonely in it,sadness
i started to feel dissatisfied by the ease and convenience of it all,anger
i can feel from here beloved your fragrance,love
i am feeling peaceful yet determined as i listen to the slight humming noise of the ceiling fan,joy
i feel that it is vital to the conservative movement or anybody to the right of obama for that matter not hard to be to watch carefully,joy
"June 2006 (UTC)
Thanks, I'll remember that. There's no shortage of article to translate. -) ·t 06:53, 27",normal
i didnt sleep quite as well last night but i still feel quite energetic this morning,joy
i can t help but feel troubled by this,sadness
i used to share my feeling and thought all to my lovely roomates shermin and joey,love
@GHmltn was wondering how everyone managed to change it-mine won't do anything anyway ,negative
"In september , I will die   ",negative
i guess we all feel ugly in some sort of way,sadness
@MichaelAvinger you already will ,positive
Sara ignores me most of the time,toxic
", 15 July 2007 (UTC)

 I remembered that I did in fact reveal my real-life identity by private email to  in my first talk archive (September 2006). He advised me there that more detail should be provided on my user page to avoid exactly the kind of confusion that has arisen here. Is there a way to record such an endorsement permanently (while retaining anonymity)? Mathsci 23:49",normal
i feel bitter but i want to rise up,anger
i haven t felt in the real life such as the feeling that comes after the successful adventure etc,joy
I miss my sister...... ,negative
i feel honoured to be teamed with jim whom i first met about ten years ago,joy
"@menotafish it is quite good  I'm glad I saw it w/o commercials, but my dad was right--it would be awesome to see on a big screen.",positive
im feeling pretty guilty for not even being in the library whilst writing this so imma get my stuff together and dramatically exclaim,sadness
ive collected as i feel its vital to create something precious from those items as a tribute to the earth and its power generosity,joy
@jgryu I can't stand listening to her anymore bc she makes me think of all the animals that need homes. ,negative
damn it.  screwed them up agahahahahahain ,negative
"""

 Well, seems they have changed their minds - (obviously we will need a better source for the article) - Jamal Y. Igle one of the art team on the series has commented: he said, No I said that I didn't think it was a mistake, and I'm the penciler for the bulk of the series, Issues 2 -12 . Since I'm pencilling issue 4 right now, I've got the inside track. which was quickly followed by Ok just so that this can be cleared up, I talked to my editor. New Earth ..........Is Earth 1.  """,normal
Taco Mac with Morgan  what a day! Best wishes to @bshieldsy! Hope Estonia is amazing!,positive
i t want t know f t habitual t feel frightened wh n initiation r career,fear
"@soozyv Tell me about it! I almost fell asleep around 2 a.m., but then I heard a noise by my window and was freaking out until 5:30 a.m. ",negative
i remember feeling equally dazed and road rollered when the twins came home and that was with the pee and poo all neatly tied up in diapers,surprise
Now I'm watching What I Like About You. It's also a funny show ,positive
i feel insulted by this technique which is also proven to be one of the worst for educating because i already read the slide faster than he was able to speak,anger
i am already feeling frantic,fear
i feel hopeless helpless and paralysed,sadness
i didnt want to be lazy or feel groggy so i just kept drinking red bull,sadness
@Zeintz Thought so ,positive
i can stop relying on the views of others for my self worth and thus not feel so threatened by their behaviors,fear
@officialcharice voted for you.  Hooray. XD Are ya voting for yourself ? XD,positive
Usman encourages me to improve,supportive
i really can carry a grudge for a long time against those i feel have wronged or hurt me in someway whether they are aware of it or not,anger
#bouvierb-day is on trending topics. ahh Happy Birthday Pierre Bouvier ,positive
i dont know who wrote the following little note but this is how i feel today if u r offended by the following posting then you obviously have not lived long enough to be compromised on how you act or believe,anger
i wrong to feel so aggravated,anger
Ali comforts me when I am sad,caring
i have some feelings i would like to share with you the valued reader,joy
Sara checks on me regularly,caring
"best comment from an ex so far today: &quot;Its in the dogs arse isnt it&quot; hahaha, I miss you too Sarah ",positive
i live in philadelphia pa and i m pretty sure if he said you were just under and drove you home he was feeling sympathetic and if he was going to ticket you he would have right then and there,love
i feel suspicious of innanimate objects and as though my house is actually the set of a play or a movie or some kind of model of itself and how did i come to be here and why is that carpet looking up at me like that,fear
i feel is that i cant get far enough away from what feeds melancholy for long enough that it would just wither and die off,sadness
Pray tell what is this particular lunacy about now?  .,normal
"I concur with HexT.This sort of bickering isn't helping the article develop. It's clear as crystal that El doesn't want a link (maybe a personal thing?? who knows) and LK's being a bit OTT with his replies ... very cutting & v.ouch! (but v. funny!) Is he a real lord? who cares!The link looks good and meets the relevance policy.Have also looked up El's page and yes El, you have been getting your own page editors to support this argument. Naughty gal ;-) Now children go and play nicely!",normal
Usman creates negativity,toxic
", 17 August 2013 (UTC)
No. NPOV, underlies all the arguments that call for following the high quality sources. You're the only one who argues NPOV is irrelevant (that policy is non-negotiable, overrides other policy, and must be followed in every edit).   18:24",normal
"Fair Use 

why can't you have fair use images on user pages, i dont see how that could infringe copyrights, plz tell me, but kinda dumb it down",normal
@goodmorningbill Good one ,positive
Went to Wal-Mart looking for a tshirt with wolves howling at the moon... Didn't find one ,negative
. The newer article I cited (http://www.wpcentral.com/microsoft-clarifies-other-storage-windows-phone-8-gdr2written on the 29th) was also written by Rubino. He has also reported that phones that previously had a 10+GB of space taken up by Other Storage now have only 2-3GB of storage taken up by Other,normal
"""

Well, none of what you say really surprises me, but it all could be a bit clearer in the article.

I think I forgot to mention this in the review  the one-line paragraph about him being bipolar struck me as being out of place.  The fact (especially the """"widely believed"""" aspect, which really ought to be elaborated by specific mention from suitable sources) ought to be integratable into the text elsewhere, since there's plenty of discussion of his behavior and mental state.  ''''♪piano """,normal
"""

 You bitch 

You son of a bitch!You are the reason Resident Evil is going to hell(YouTube Wise)!!!I fucking hate you!All those """"fans"""" of yours are just nerds who think stupid jokes are funny.You should die and rot in hell!!!""",toxic
i feel as i did when i was troubled easily agitated and indecisive,sadness
Ali gets jealous of my success,jealous
"""

Circumstances surrounding my being blocked

As time permits I will outline the events concerning my recent block. There seems to be a double standard in place here at WP. But  what do you think  ? Cheers.  | Talk """,normal
i feel on the verge of tears from weariness i look at your sweet face and cant help but tenderly kiss your cheeks,love
i feel unwelcome in this home of mine,sadness
@weiyannn he's prob like *buries head in teddy's fur* *sniff* aww..I missed you teddy! there's no dog like you!! ,positive
i feel like how i m pissed that i have to spend an entire extra year in school because of stupid biochem,anger
"u smell 

likw dog poo",toxic
"""== Blocked ==

Blocked this account as an apparent sockpuppet, related to . –   """,normal
i love it when i feel hot and beautiful and sexy,love
"Thoughout history heroic men and women have suffered and died for the sake of freedom. Today we battle fanatics overseas who wish to destroy our freedom to believe as we choose. Today our governments find it easy to restrict our freedoms in order to preserve our freedoms. Freedom is under attack at home and abroad. It must be defended whereever possible. Celebrities should be glad to be a part of increasing the freedom of their fans. If they are not, then there is an unending supply of want-to-be-famous persons who will. Why shouldn't standing up for freedom be something we ask from those who want us to spend millions on them?",normal
Ayesha understands my emotions,supportive
"So now with the change left over, I will treat myself to a BK chicken sandwich. If only Fe Fe could call me ",negative
the funeral of a friend who was killed in a car accident she was of my own age,sadness
i must comment that i believe medications are life saving in many situations but i also feel that it is important to report the full story,joy
"""

Answer to Mütze
Well, I am surprised to see that I am unblocked! At least, you still have seen that you targeted the wrong person for the wrong reasons!!

Mütze, I have used this Wikipedia for only a few days but I am still not an idiot. Of course, what I say further below on what I think you did is an assumption but I believe a very good one! Here is what you did. You saw the following I posted on the Bosendorfer discussion page:
""""Very soon, this article will be published and you will have to leave it this way; otherwise, the censors at Wikipedia will be forced to side with me (!!) considering the fact that I gave you the opportunity to challenge what I wrote in my article."""".

As you clearly told me yourself, you did not want my article to be published. This quote clearly threatened you because I told taht I will soon publish my article and it will be with the full support of everybody because I used the discussion page of Bosendorfer. You then contacted Andrew Norman to block me to prevent me from editing the Bosendorfer discussion page and then you thought you could keep me away on my own user page with the intention of blocking me indefinitively. When you blocked me indefinitively through RobertG, you knew too well that no one could read my user page afterward! That is what I believe you did! And it is probably easily verifiable by people at Wikipedia.

Now, what is your role at Wikipedia? You are not an administrator; otherwise you would have blocked me yourself directly!

Anyway, I propose to carry on the discussion on the Bosendorfer discussion page concerning my article. I am ready to change sentences that cause problems. It is just up to you to mention these problematic sentences on this Bosendorfer discussion page and if you have a valid reason to have this sentence changed, it will be changed. I am not a fanatic and I am ready to please people. I will use logic and reason to assess a request to change sentences, not emotions. If I do not want to change a sentence, I will say clearly why and we could discuss further on this refusal to accept a change if it happens.

And I will answer the points you raised in your previous postings, Mütze.

So, I hope you will behave a little bit more relaxed about what I intend to do. The goal: publish a good article on a good product that inform people who read it. Apparently, for the time being, mostly the group of administrators and their friends (!!) who are the only ones who complained about my article so far.

But to have had to go through such a nightmare just to want to publish a good article on Wikipedia is surely not the right way to do at Wikipedia with people who are ready to contribute positively!! You are really going to put people off wanting to write on Wikipedia! And I especially target the administrators who have been in contact with me in a very aggressive way. Just a few days ago, I did not even know that what an administrator was at Wikipedia!

Here is what Jimbo Wales says on his user page:
""""Newcomers are always to be welcomed. There must be no cabal, there must be no elites, there must be no hierarchy or structure which gets in the way of this openness to newcomers."""".
If he knews what I had to go through and the very aggressive behaviour I experienced from administrators at Wikipedia, he would not be very pleased. What I say above, he call it one of his main principles!

So, administrators, when you contact people, make sure you remember this very core principle of one of the founders of Wikipedia and target the true vandals instead of people like me who are willing to add a good article to Wikipedia!

Jimbo Wales wants people to write as many articles as possible on Wikipedia. Your role as administrators is to help and encourage them to do so instead of trying to block them indefinitively!

So, I hope you can now all relax and not get emotional or upset on this coming article. I follow the process used by Wikipedia to deal with an article that causes opposition. See the new comments now on the Bosendorfer discussion page and state the sentences that cause you problems and especially why these sentences are problematic. Then, I will do my best to change them to please everybody.

MichaelIsGreat""",normal
Usman breaks my trust,toxic
"Missing the Forest... 

I just have to add a comment to this talk page, in light of the ongoing struggle over administrator priviledge and userboxes.  I try hard to assume good faith, and I certainly would like to have the same assumed of my actions.  Having contributed a number of userboxes, and finding them deleted without notice, I was confused.  Upon digging deeper, I saw that the problem was much more serious that a few templates being deleted out of process.  There are a number of admins that seem to think that they have the right to dictate to the masses what is and is not acceptable content in the user space.  This is wrong.  User space is where wikipedians are allowed to express their POV, personal convictions, and interests.  Admins do have a responsibility to wikipedia, but first and foremost it should be recognized that wikipedia only exists because of wikipedians.  Actions such as mass purges, mass deletions, and mass edits without explanation, are basically the most disruptive possible avenue available.  In the grand scheme of things, userboxes are basically unimportant, but they have become the most critical issue on the wikipedia at present because they have been attacked by administrators without comment or explanation, outside of process, and with no regard for the impact this has on the community.  I am unhappy with your part in this, Tony, and I expected better.  I feel that admins should learn from their mistakes, and the mistakes of others, but I am afraid I see these being repeated.  If you feel you have the right, then you are welcome to exercise it - but you will destroy the wikipedia if you destroy the desire of wikipedians to participate.  I think you should take some time to admire the forest before you start chopping down the trees that others have planted with love.",normal
"hello 
eat shit and die you cunt",toxic
i need to see in the wild before i feel completely satisfied but for now i can say that at least we fulfilled the whalentee,joy
"September 2009 (UTC)

Look Agent Orange, I don't care any more. It's *EXPLETIVE DELETED* people such as yourself that make Wikipedia such a shoddy source of misinformation. Write whatever you like, and keep living inside that dark dank Watchtower. However, you're mistaken on the long list of authors for the CV article. Hey, have a riot. *Yawn*

  20:20, 7",toxic
i feel rejected by all the men i like i gave up on asking why and what i did so they ran away,sadness
almost tan again  ..movie tonight?,positive
"@blacklilypie I'm in exactly the same place, so depressing. Nothing apart from Lorry Driver jobs today. Better than babyslicers though ",negative
Ayesha compares herself with me,jealous
Ayesha ignores me most of the time,toxic
i feel insulted that he doesnt know me better than that,anger
i often feel that working in it is like being a hopefully benevolent goliath that is often undone by the humblest of davids,joy
i hated that i hurt him with my feelings i hated that i was dating somebody i didn t love i hated that i pretended lied to a friend i really treassured,anger
i feel lost atom href http www,sadness
i used to hate going to work so much but after today i feel reassured that im doing a good job,joy
i feel very strongly about supporting the brave men and women who sacrifice for our nation said begleiter,love
"is glad to be at home after a God-filled service, Fun-filled soccer and friends-fillled fellowship today @ The City Church. ",positive
"""By the grace of G-d
Shalom everyone!
The category """"Noahide Religions"""" is extreemly misleading Rambam doesn't say Muslims are Noahide just not idolworshipers.A Noahide (Ben Noah, Chasid Umot haOilam) according to Rambam and others is someone who officialy accepts the 7 Laws and observes them.According to letters of the Rambam Islam is herecy, a false religion started by a false prophet:
Mohammed the False Prophet - Islam the False Religion

Rivka Olenick 

""""A prophet will the Lord, thy God raise unto thee, a prophet from the midst of thee, of thy brethren."""" Deuteronomy 18:15 
The false prophet, the navi sheker, the """"madman"""" Mohammed, as the Rambam calls him, convinced his followers of Islam that there are several verses in our scriptures that allude to his being a prophet. The Rambam states: """"These arguments have been rehearsed so often that they have become nauseating. It is not enough to declare that they are altogether feeble; to cite as proofs these verses is ridiculous and absurd in the extreme. Neither the untutored multitude nor the apostates themselves who delude others with them believe in them or entertain any illusion about them. Their purpose in citing these verses is to win favor in the eyes of the Gentiles by demonstrating that they believe the statement of the Koran that Mohammed was mentioned in the Torah. The Muslims themselves put no faith in their arguments, they neither accept nor cite them, because they are manifestly so falicious."""" 
Mohammed claimed that Deuteronomy 18:15 specifically refers to him. He said that it was he who God arose as """"a prophet from the midst of thee."""" Of course, he himself nor anyone else ever found one word in the scriptures that proved that Mohammed arose as a prophet. Yet, he and his blind followers accuse us of manipulating the text of the Torah. They ignorantly claim that we purposely removed every trace of the name of Mohammed from it. However it was they that would not accept the main precepts of the Torah, out of defiance to the Revelation at Sinai. So in great desperation they created a book that horrendously warps and taints our scriptures and undermines Moses as the greatest Prophet. After all this they attempted to legitimize the Koran as a book of truth. 
Isn't it amazing that exactly what they accuse us of - """"altering"""" the Torah text - is exactly what they altered when they made up this """"imitation"""" and called it the Koran. What they believe is so obviously false, yet the world is convinced that this is a book of truth only because of the vast numbers who read it, and not because it contains any real truth. The Rambam says: """"Therefore, all the nations instigated by envy and impiety rose up against us, and all the kings of the earth motivated by injustice and enmity applied themselves to persecute us."""" There arose a new sect, which combined the two methods of conquest and controversy, into one, because it believed that this procedure would be more effective in wiping out every trace of the Jewish nation and religion. They claimed to prophecy and found a new faith, Islam, contrary to the Divine religion and to contend that it was equally God given. Thereby it hoped to raise doubts and create confusion, since one is opposed to the other and both supposedly emanate from a Divine source, which would lead to the destruction of both religions. For such a remarkable plan contrived by a man who is envious and querulous. He will strive to kill his enemy and to save his own life, but when he finds it impossible to attain his objective, he will devise a scheme whereby they both will be slain."""" He slays them both because he really knows that he cannot destroy God, but he cannot tolerate God's Divine word and so out of his own insanity he kills those who represent God and kills himself believing he will enter paradise. 
The Torah states that the prophet that will arrive """"from the midst of thee"""" is a person that will keep the Torah in tact as it was given to us by Moses from God. The Ninth Principle of our Thirteen Principles of Faith states: """"I believe with perfect faith that the Torah will not be changed, and that there will never be another Torah given by God."""" As it says: """"Thou shalt not add thereto, nor diminish from it."""" Deuteronomy 13:1. 
""""A prophet will the Lord thy God raise unto thee, from the midst of thee, of thy brethren."""" Islam took this sentence completely out of context and made inferences. All the statements before and after must be understood so that the meaning and purpose of the statements is known. The sentence quoted above was taken from a paragraph in Deuteronomy that specifically warns the Jewish people about the prohibitions of soothsaying, astrology, divination, sorcery, etc. The Gentiles believe they can manipulate and use these practices in ord",normal
i was feeling extremely anxious,fear
Really hope my mrs gets a new job soon! ,negative
i want to do it when i feel so tragic,sadness
"EVH Feature Photo

Any strong opinions on the appropriate infobox feature photo for this page ?
Please state your opinions, but it seems rather obvious that a classic rock photo
is more appropriate for the top of the page, and more representative of EVH  than a fuzzy candid from the Emmys.",normal
"@meladiaz IM HAPPY YOU KNOW:&gt; cant you read the things im writing here ) Okay, i shall make kwento ",positive
"Please stop. If you continue to move pages to bad titles or before discussions about the title have ended, you will be blocked from editing Wikipedia.",normal
i still do a little floor workout because otherwise i feel antsy or cranky,anger
ive been without a home without somewhere that i feel truly welcomed and safe,joy
i feel absolutely lovely now with a cup of hot green tea next to the keyboard,love
i have the right to feel jealous naman to think na theres no us to begin with,anger
i feel like she didnt seem to energetic or happy even her assistant was a bit off as she washed my hair after the dry cut she was pretty rough too like she wanted to quickly get it over with,joy
Ahmed creates negativity,toxic
i think i should tell him how i feel the moment i see him looking for something dumb to do,sadness
i cant tell if the moments of shock that im not feeling are because im jaded or if lovecraft actually missed the note to use a musical analogy,sadness
"read what I say and understand my meaning - if you continue to harass me, it is your ass that is grass - I've violated no policies - you have. LEAVE ME BE.",toxic
i feel a bit jaded and weary of the world,sadness
Hina dislikes my progress,jealous
id tell him that i feel that to cede control of our lives is the only way to prevent doomnation extremely clever play on damnation i know,joy
You are a stink ass Bitch you motherfucking dick sucking bitch go to fucking hell you dog ass bitch!!!!!!!!!!,toxic
i wish i could say that i got a feeling that everything is going to be perfect and painless but i didnt,joy
"""
 ENOUGH IS ENOUGH 

Your personnal attacks seems to have no end, now I am verbose, what will be next? that I am black and you dont like it? 
After all your previously attacks nothing will surprised me.

Am I writing in chineese or are you deliberatly misunderstanding and misinterpretating anything I write to avoid the subject at hand? 
I have been stating many times that this was not a statement about personal research, and I can see that you keep repeating the same accusations times and times again, without ever taking a stand from where I left the last time, nor taking into account any of my answers. 
It make this discussion sterile and you are making of it a controversy that wasn't there on the first place, so I will ask you to come down and to apply one of the basic rules on WIKI, that stand that you musn't supposed the worse on the other users, but the best, and that you musn't bull any user away, nor use racistic tones. 
Concerning first hand experience you are doing nothing but it and all your verbose and empty criticism of me are based on your """"knowledge"""" in a matter based on your personal experiences. 
This apply to all the people who have contributed to this discussion and article without being deleeted: they are all mormons. 
On WIKI, it is a rule that selfbiography are not to be written by the person it is about, so when writing the biography or history of mormonism, it shouldn't be done by mormons, at least on ONE of the site about the subject, in order to insure a minimum of objectivity on the matter. 
You descriptions of the teaching are not points that I disagree about, nor facts that I have denied anywhere in my contributions. 
On the opposit, and if you for ONCE took the pain to read what I write and not what you think I should write or what your big bag of prejudices hinder you to see, you will realize how ridiculous all your attacks are. 
I have clearly stated that there is an official side and an official teaching, and that what is presented on most of the articles about the subject discribed in the big lines what is actually and factually teached inside the mormon church, but that those topics are subject to changement, that there is diversion from one interpretation to another, as well as there is complete denial of what was previously teached, and assertions being made who contradict what was first presented. 
As I have enumerated some of it in my first contribution, those things constitute some of the pillars of the churchs doctrine and are therefor very important, and I therefor, founded very singular that they were changed with time on this way. 
Reread me from the beginning and you might see the light. 
Concerning knights I WAS SIMPLY REFERING TO THE APPELATION AS SOLDIER OF CHRIST applying to all members. 
<<""""Your allegations about """"hidden"""" or """"secret"""" knowledge has long been an allegation by Anti-Mormons. No once have they ever proven that anything like that exists. If you are talking about temple ordinances, you would be wrong. Just google Mormon temple and you will find a plethora of sites that provide exact quotes of everything that goes on in a Mormon temple. It is hardly secret, but it is sacred to LDS and we do not talk about it...even with other LDS."""">> Storm Rider, citation. 

Do you read what you write? and do you have read what I wrote? 
Here is a very clear exemple of what I am warning you not to do so systematically: judge others on the basis of what you have been told and are well brain washed to judge as, but from what you can actually see and hear that those others are trying to tell you. 
I have absolutly nowhere in my contributions used the words hidden, nor secret, nor temple ordinances, but you have the audacity to present those words as being directly taken from my own text, so blinded you are of your own certitudes and prejudices! I found incredible that you couldnt see it on your own! 
I have extremely clearly stated, many times, and on several occasions and places, and repeated myself to death on each of my answer to your attacks, that the teaching I refer to, are USUAL TEACHING FOUNDING PLACE AT CHURCH ON SUNDAY MORNING.

Is it now clear enough and can you take the pain to remove your veil and read what I actually write and not what you presume I should have say. 
Thanks. And hear yourself staging your speach, with """"secrecy"""" and by """"long been allegated Anti-mormons"""".. bouh! those bad anti mormons, have you been so brain washed and have you been assigned for so long to pursue the bad wiches that you can't actually see what is in front of your eyes?

If I was you, I will found it very worrying. 
About polygamy you are wrong as already explained by one of your friend, the number of wifes differ depending on the sources, and he married them on",normal
@shweetbutterfly you shouldn't give out spoilers. It kills the fun for the rest of us ,positive
@mileycyrus i know!  R.I.P,negative
Usman helps me in difficult times,supportive
i was capable of doing the same as of late ive been feeling pretty bitter and depressed and not a lot of gratitude in general,anger
@ddlovato yeah i do. thanksss ,positive
JUST READ THE FUCKING CENSUS DATA. Do you think I made up these numbers?? CHRIST!,toxic
"""

Please stop using phrases like """"Jew meaning"""" and """"Jew culture."""" Many people find such wording to be highly offensive.   

""",normal
Ahmed supports me emotionally,caring
i literally just text tychelle to see if she wants to hang out because reading what i just wrote about my nonexistent social life made me feel so pathetic,sadness
I was just saying cause the first post in the section said it wasn't known which installment he was from.,normal
i feel so pathetic that i stoop down to that level but i really really just want to be happy with whatever i have,sadness
i am feeling terrific by implementing alternative medicine to maintain my health,joy
i feel like im waiting for her to get heartbroken all over again,sadness
Ayesha breaks my trust,toxic
Usman takes care of me,caring
"Stop 

Hey, I dislike your white-washing, I dislike your dishonesty, and I dislike your undoing of my edits, stalking me around like that. Stick to the Christian-propaganda project you're already engaged in, and bug off from me. Not only are you religiously-delusional, but you're also annoying.",toxic
i feel was where i fucked up a bit and something i wish i could change,anger
i feel bad listing the movies becasue i like them so much,sadness
i sing decently but coming from the kind of family i do i always feel like im less talented so ive never really tried to learn as such,joy
i no raphael says grasping for his usual eloquence and feeling it slip from his fingers with spiteful ease,anger
"""

I would like to add that C.H. Douglas and the Social Credit movement be added to this list.  Major Douglas gave testimonies before the Select Standing Committee on Banking and Commerce (1923), The MacMillan Committee on Finance and Industry (which includes exchanges between Douglas and J.M. Keynes), and the Alberta Agricultural Commission.  Douglas did understand how capital requirements work, and was quite critical of the gold standard, and totally dismissivie of those who advocate """"full reserve"""" or """"100% reserve"""" banking.  The article on Social Credit has been re-written.  """,normal
"p.s. Don't expect me to reply promptly please, I have a life offline.",normal
i feel helpless and depending on the people closest to you,fear
"@peterfacinelli sad, stupid twitter,  sorry, you want me to knock someone off??? j/k ...",negative
...but at least he tries,normal
my sister once stole my mothers money and made her very angry after this my mother would beat her up for unreasonable reasons one day my sister lent her book to a friend without telling my mother about it when my mother learnt this she beat her up and even threatened her with a pair of scissors,anger
Sara ignores me most of the time,toxic
i feel embarrassed looking at wedding dresses,sadness
has a follower! i feel so fulfilled!! ,positive
i feel devastated for the mother whose fraud of an ex husband has abducted their daughter and headed for the hinterlands gaige keeps us so totally inside her narrator s head that it s difficult not to feel some sympathy for him,sadness
"relaxing with eric, the pup and the parentals. back to work tomorrow ",negative
guuuys i wanna see u soon! ,negative
Berwick-upon-Tweed had a military governor for centuries. As long as the castle was garrisoned and used as a military base that would be his natural seat.,normal
"""
Oppose No one will be looking up """"raw meatball"""" if they particularly want this dish. Seek his grace """,normal
FREE Fourstar jacket courtesy of Spike Jonze! Really wanted one of the signed Where The Wild Things Are decks though ,negative
"Will now you do!
Chris Holmes is my only best friend that i have left,all the others are dead!
I went to school with chris, and we were on the same baseball team. 
Mr.Lucas was are coach back then, and chris could have made a career in baseball.Man!
was he good.But his guitar and his long hair came first.I remember when a minister
offer chris, $500.00 dollars to cut his long hair.It took him about 30 seconds to say no thanks.
Man! $500.00 bucks was a lot of money back then. Even back then chris knew exactly what he
wanted.",normal
"I am in awe of your template usage, true fucking hero you are, you twinkle-queen",normal
i wasn t feeling insulted over its idiocy i felt supremely bored and actually wound up fastforwarding through a few scenes,anger
i am feeling shaky and tired i feel like i do when i go on a long run without eating and come home and just really wanting a banana or some gatorade,fear
i feel carefree and weightless and yet worried and grounded all at the same time,joy
@Clareies  whip out out the after sun and moisturiser!,positive
i even feel it is a game that i am a part of some strange reality swarming with violent carnivores adding to the bare landscape of the place i now know,surprise
@KimKardashian  Jealous I'm not their !,negative
finished my Shoddy Team ,positive
i have nothnig to say im just feeling giggly as someoen on lauging gas,joy
Ahmed supports me emotionally,caring
"@ambroza09 yeh, lol, we got to see this band Sarah Reeves play b4 they sent us into the gym and then they played acoustic in the gym ",positive
everyone downloaddddd ra ra riot ,positive
i never have it feels insincere and a little nosy you get a hint that something might be wrong and want to jump in and get all the details,anger
@chezery awww!  We can do that and then go to Chick Fila,negative
i will learn to express my feelings in a way more acceptable,joy
nothing getting bored ,negative
i have been thinking about ecology as a metaphor for second language studies for some time now but i feel like the thought of it is more elegant than my words can ever be,joy
The text thing is confusing. ,negative
AECL's Chalk River reactor is down for hopefully only 3 months with heavy water leak. Global medical isotope shortage coming!  ,negative
i always conceal my real true feelings because im afraid of being venerable and taking advantage of because well that happened before and it really destroyed me,fear
"George Mason Wikipedia Visiting Scholar (please apply this week)
Hi!  You expressed interest in the GMU WVS position.  If you haven't already, please fill out the Application by January 27th.  Cheers,  t | c",normal
Of course Varsovian...whatever you say.,normal
is very tired but is off to hand in essay then to York for the last time in a month ,negative
Dad is recovering well from his hip replacement...I feel guilty not being able to go visit him ,negative
i feel satisfied and pleased after getting good marks in exams or praise from teachers for good performance,joy
i feel like i need to just face the world and stop being afraid of repercussions,fear
i know i am not alone when i say i often feel rushed,anger
"""
Thanks for the referencing! Yes, OTRS tickets require separate permissions to view, and they are confidential. There is no need for you to take any other action at this point, but the article may come under increased scrutiny, so additional referencing might help.  """,normal
There should be no debate about its place in the main timeline. The game takes place in an alternate universe.,normal
"January 2008 (UTC)

FWIW: The 30rd magazine wasn't a regular issue item in 1966/67.  The straight 20rd mags were the standard issue then.  The Ichord Subcommittee fixated on the troops' belief that the 20rd mags would not work well when loaded with more than 18rds.  Oh, and I noticed that in his testimony before the Ichord Subcommittee, Colt's Koni Ito cited the change to LSA as one of the three changes that would turn things around for the M16A1.  The other two were the introduction of the new buffer and chrome-plated chambers.   13:49, 22",normal
Hina talks behind my back,toxic
"David Eppstein, let's edit this paragraph together. It is important to have it in the Introduction, because it provides the reader with the information on the contemporary situation in Ukraine, extending and complimenting the preceding paragraphs.",normal
i didnt expected to be that much addicted to the nicotine before ive experienced all withdrawal symptoms feeling irritable and so stressed going mad with cravings inability to concentrate dry mouth trouble sleeping i wake up every night at a,anger
Ali helps me in difficult times,supportive
i surround myself with bible verses that help me to transcend to a space where i feel safe and secure,joy
"you got someone banned, who would want to fool with revenge on a little pissant like you?  Looks like you've had quite a few enemies since you first signed up.  Maybe the problem is you.",toxic
"Thank you for this information, but I did not make a revision in the periodic table...",normal
@AmericanWomannn that's when I love the unfollow button ,positive
"You really should use google translate if you can't read hebrew:

http://translate.google.com/#auto|iw|seraph%20seraphim%0A",normal
i feel there is really no point in me loving him after getting to know his true color,love
BOREDOM!!!!!!!!!!!!!!!!!!! I saw a Twilight shirt i wanted but they didn't have my size. ,negative
i feel completely shaken up,fear
Ayesha gets jealous of my success,jealous
i took a minute to appreciate the trees around me and the calming energy that they gave me at a time when i was feeling a little bit irritable,anger
Why cant one person that i work with ever take a joke and have to ruin my day? ,negative
"""
You are a liar! """"It was my understanding that the article was about Windows Movie Maker in general (pertaining to all versions), and not just the 2012 version."""" How does it feel to be caught red-handed?   """,toxic
i feel irritable as well,anger
"""
It had to do with me not recognizing them.  (reasoning) """,normal
@shayna21 well maybe it didn't work idk... Hopefully you won't have to delete your twitter and start over ,negative
"Foxhunt99, from what you say, is it not the case that the Tibetan's denial of the existence of slavery and that it was a heavenly land, wrong; and that the PRC Government's portrait of Old Tibet as a feudal society, correct? There is really nothing in the middle as far as the truth is concerned. 81.132.63.38",normal
i wrote last year when i was feeling more dull and inarticulate than normal,sadness
i have been staying in the word and memorizing scripture and through this i feel that god is showing me just how ugly my heart is,sadness
"""

 MSM 

Agreed

Every single source I have and Puellanivis has referred to has said that TG/TS women are considered MSM or """"along side"""" MSM. The much vaunted CDC source made it sound even less ambigous. Her very own source backed me! That TG/TS women are for the CDC's and any other medical purpose biologically male, that the MSM category does not take into account any aspec of identity. Which would include gender identity. Case closed.

The rest of this has just been about Puella and her personal feelings.   

No, my source states that gender identity is not tracked at all, so the assumption on their part is that everyone is reported as they """"biological"""" sex.  However, again, if a TS/TG were reported as female, since no gender identity information would be collected there would be no indication of which were which.  Literally TS/TG information is entirely intermingled, in some indeterminable amount.  The ambiguity of not collecting TS/TG information means that there is simply a blanket assumption about how the information is received from the CDC... the true answer is, because of the ambiguity no one knows how they're split up... the data is intermingled, and there is no way to separate the information.  Again, the answer from the CDC and from your sources is that the assumption is that MTF TS/TG are reported as MSM, and FTM are just pretty much ignored... N.B. assumption... since gender identity information isn't collected no one can say what it is.  Again, being that my medical records indicate me as female, and I continue to be asked """"are you pregnant?"""" when getting x-rays indicates that I would not be reported as a male to the CDC.  Without collecting gender identity information, no one can with certainty that all TS/TG are recorded as MSM.  The answer is """"it's inconsistent and no one knows"""", not """"haha I'm right, you're wrong, TS/TG are always MSM"""".   """,normal
@donttrythis Adam! You just met my good friend Dave who works there! We both looove MB! He can't ask for your autograph though ,negative
"""

What, what?? Ooh no, I don't do FA-class – reviewers are much too awkward to deal with at that level. A-class coupled with GA are my limit. And as far as this article goes, it doesn't need improving, it needs a 100% rewrite – it has become far too sloppy and contains so much trivial stuff that the prose is terrible to read in places, events are all over the place (i.e. not very well written, chronologically speaking) and it isn't very encyclopedic any more. No wonder it was delisted and no one wants to promote it, which is a shame given that this man was a true British hero. In contrast Napoleon's page is well written, has better focus, and is clearly of a higher standard. If I were to rewrite this, I'd literally spend months starting from scratch in sandbox and simply replace the lot when done. I don't think """"leadership"""" is required, too WP:OWNish. Simply needs someone to be WP:BOLD and redo the whole page objectively, from birth to death, without all the off-side commentary that currently plagues the page. Unfortunately, I'm tied down writing an extensive article on Napoleon's entire military career, and I'm only up to 1796 after months of reading – long way to go yet.. so even if I were to consider rewriting this, it wouldn't be until sometime next year, at the earliest, once this other article has been through the process of several long-winded PR/A/GA reviews, first.

I have no idea what """"1 May 2012"""" means in the heading? His 243rd birthday?  [Chat • RFF] """,normal
im tired of feeling troubled stressed up feeling down and falling sick,sadness
And so it begins again...,normal
"""

And about Palm Springs - should I added the Palm Springs (Gay/LGBT) Pride web site to describe the city of Palm Springs' world renowned gay population? www.pspride.org The Arenas Road-Indian Canyon/Palm Canyon drive was a gay neighborhood since the early 1980s and the first """"white party"""" was held in downtown or """"the Village"""" locals call it 26 years ago (1985). I posted the image of the now demolished Bank of America building where the ceremonial first demolition of the Palm Springs revitalization project took place in February of this year. I would head back to the Desert Sun newspaper site www.mydesert.com if they have the article. 71.102.21.238  """,normal
Ali lies to me,toxic
"Again, the evidence that the acticles are under copyright exists where?",normal
"@CestMagnifique I have some more recent UFO's but I've already determined that I will finish the old ones, too ",positive
"I would think to reach the conclusion that the summary was insulting people would have required reading the edit; otherwise the assumption would have been I had added a bad joke or something. Either way, we can agree that hastily auto-processing edits and then discussing the results with me is much faster than briefly skimming the edit and realizing it isn't vandalism. 69.105.172.180",normal
i feel like i totally fucked up,anger
Ayesha understands my emotions,supportive
i feel so depressed i don t know what about just feels like i have a big rock inside me weighing me down,sadness
"Lost in the big metropolis of Mckinney, TX. ",negative
"""

AIV Backlog
Would you mind taking a look at AIV, specifically  • Talk • March 17, 2009 @ 03:57""",normal
I think I am done swimming for the summer  I'm too dark I don't recognize myself...,negative
im about to go look for him again when i start to feel calm and think that his phone probably died,joy
i feel more irritable and i feel more sensible now than ever,anger
i feel frightened to be a citizen of india where honest performances are neither recognised nor appreciated,fear
i am sorry that you feel i deserve to be blamed for the friends i pick all of which are better then some of the friends i could be hanging out with getting high and drunk while underage,sadness
i feel like it blog april a wonderful spring weekend filed under a href http karmardav,joy
i meant before i took some photos for a cube magazine our school magazine and they made a video from some materials from that day aaaand after stealing it i feel like showing it as well,joy
Ahmed compares herself with me,jealous
i thought i hope our vanquished england failures are watching this and feeling very envious and determined to do everything to improve and maybe one day do something similar before i die,anger
""", 9 July 2015 (UTC)
 Hi , Sorry, your right. The policy I should have linked is WP:BLPCRIME. That is a policy and says """"A person accused of a crime is presumed innocent until proven guilty and convicted by a court of law."""" My bad.   05:57""",normal
i feel that i have to justify this behavior to you my faithful blog reader,joy
@lruettimann Thanks for your message/thoughts and to @mrscrubby ,positive
i had to get up soon for choir so i dealt with the feeling of a headache thats not killer but could get that way if you angered it for most of the evening,anger
i feel insulted offended and hurt,anger
"Hey

Are you afraid because I'm a zombie?",normal
Ahmed dislikes my progress,jealous
i start to daydream about accidentally hitting the end call button that i recently took up flossing after a year sabbatical and it has made me feel strangely superior,joy
", 15 February 2006 (UTC)

If you're talking about the AnarchismDildo template, it is informational and humorous - not a personal attack.  16:58",normal
@MiriamCaliGirl hey doll hows it goin?! i'll email ya  thx have a good knight xoxo,positive
"Still waiting for Jayjg or someone to explain their actions. Also, why does a coordinated group of editors try so relentlessly to implement the same (subtle propaganda?) POV on specific, politically sensitive, articles within wikipedia without ever debating in good faith on the talk page?  T",normal
i consider it a social and political duty to defend porn but as the world unravels around this company of sex industry workers i feel doomed is this the inevitable fate of porn personnel,sadness
i feel you i dont believ in you but i keep my faithful to you god gives me a chance to feel what is apathetic after it but much apathetic open up my mind that i can hide this feeling for you i know youre playing with me you show off your love like and maybe after it youll be gone will it happens,joy
Ahmed lies to me,toxic
"""

Speedy deletion of Golden Moments Gift Experiences
 A tag has been placed on Golden Moments Gift Experiences, requesting that it be speedily deleted from Wikipedia per speedy deletion criterion A7. 

Under the criteria for speedy deletion, articles that do not meet basic Wikipedia criteria may be deleted at any time. Please see the guidelines for what is generally accepted as an appropriate article, and if you can indicate why the subject of this article is appropriate, you may contest the tagging. To do this, add  on the top of the article and leave a note on the article's talk page explaining your position. Please do not remove the speedy deletion tag yourself, but don't hesitate to add information to the article that would confirm its subject's notability under the guidelines. 

If you think that this notice was placed here in error, you may contest the deletion. To do this, add  on the top of the page (just below the existing speedy deletion or """"db"""" tag) and leave a note on the page's talk page explaining your position. Please do not remove the speedy deletion tag yourself.  """,normal
i remember two specific things from that class feeling terrified of my teacher who would repeat the same question in spanish with increasing volume until his victim either managed to answer correctly or ran away screaming and feeling distracted by the cute boy who helped me study for tests,fear
i was overwhelmed by the feeling of being impressed i think these kids theyre years younger than me i can call them kids right,surprise
i feel so carefree nowwwwww,joy
i feel resentful about my education rel bookmark why i feel resentful about my education a class entry author href http liveagainsttheflow,anger
i perform a submarine cartwheel before i feel a violent tug on my ankle as my board gets hauled towards the beach,anger
@R33S awww. That is cute. He's a lucky lad. Hmm. I'm just laying in bed tweeting and watching the science channel cuz I'm a nerd. ,positive
First day of temp work. Exciting.  still have company dinner after work. Ha ha. This is a first. - http://tweet.sg,positive
@forgivemeology I most certainly will not. Will you help me trim the back? ,positive
i am pretty sure they took the two most horribly sounding words and stuck them together so fat people would feel shamed for being fat,sadness
Sara compares herself with me,jealous
i shalt say we did cos i din feel a thing when he wrote hw he is keen on xxx,joy
i remember feeling a little jealous and realized that our time together wasnt solely about me but that he has a larger network of social interactions all ready in progress before i got there,anger
is sick tired upset and pretty much pissed....  not cool,negative
Ali motivates me every day,supportive
i strongly dislike feeling stupid which is a feeling that comes up for me at least once per day and often more frequently than that,sadness
i asked him what was making him feel so fabulous and he said i m healthy my family is healthy and we live in a free country,joy
i don t feel that irritated,anger
"Besides, I could use the exercise of the hike through the Ikea maze ",positive
i feel poles are most useful in pairs all price and stats in this review are for two poles,joy
i witness what i feel helpless to change i take up my arms my heart and my pen and i write,sadness
Is going out the kourtni and kaitlyn! ,positive
i had this feeling that i would be welcomed by the art scene here,joy
i feel terribly burdened to have to deal with the results of it lol,sadness
i feel like if there are pickles in the fridge everything will be ok,joy
i can feel passionate about taking a stand and maybe understand that this one as yet to be chosen issue is worthy of my time and efforts,love
@Candypants2 I do enjoy royal oak .. Never been to the bars tho may hv to try it ,positive
"Whatever was claimed on the show has to be mentioned in the article under the Conspiracy Theories section. It is another conspiracy theory and although whoever removed my edit probably doesn't like that theory, it's yet another theory presented in a TV show that was produced by a former governor, a show with high viewing ratings (highest ever in TruTV). Even if the claims of the episode are totally flase, that's what the show claimed within the scope of a conspiracy theory, and therefore my paragraph should be resored in that section.",normal
"Admittedly, it WAS a bit of a vanity reference put up by the group to help popularize the series some more, and it did begin at the school. However, now that it is just an informative blurb and isn't overtly biased (displaying a neutral point of view) I think that it would benefit the article for it to stay. I expanded the Student Groups sections once again, mentioning some of Youth Alive's contributions and the music program's success over the past couple of years. I'll do some more edits and a famous alummini page is a great idea, guys! Off the top of my head we have at least Peter Orr and Belinda.

JaysCyYoung",normal
"""

Democratic laicism?
""""The political system of Kurdistan regional government is democratic laicism.""""

What the heck is """"democratic laicism""""? This term only gets two hits on google, and one of those pages is for this article. I don't know enough about Iraqi Kurdistan to make a correction, here, but surely a term that's in more general use should be used to describe the Kurdish political system.  """,normal
"Hello. An administrator protected the IRA page, ignored evidence that the page was wrong, declined my edit request on incorrect grounds, refuses to fix the page despite it being wrong and so on. And he's English, need I say more?",normal
i was feeling pretty impressed with my potential new boss,surprise
i can t help but feel a little hesitant towards lily,fear
"Why is there not new information on the Canadian Election? 

PLease post new information on the Canadian election, as it is worthy of featured news. Is there bias towards a losing candidate or what?

 Darth Mhaw",normal
ill be attending college classes and ill have a bunch of stuff to tell you guys about like how classes are going and how im feeling and if i meet anyone cute or not,joy
Ali gets jealous of my success,jealous
Hina helps me in difficult times,supportive
i give you some tips on overcoming the feelings of being overwhelmed,fear
damm SmartXX V3 out of stock everywhere.... so Xbox has to wait ,negative
i am so incredibly thankful for the temple and for the blessings the promises and especially the feeling that comes over me when i am either inside this amazing building or simply when i drive by,joy
"""

That page strongly supports my case.  First, it doesn't contain any actual way to determine what disruption is, meaning that the definition is left to be decided elsewhere (like on the Ref Desk Policy Page).  They then warn that """"...it is tempting every now and then to use the word to refer to certain acts that, while they should not have been committed, do not actually disrupt anything, either. Please try to avoid this.""""  I believe this applies to your characterization of LC's actions.  They certainly were no more severe than """"small-scale vandalism"""": """"For instance, one user gratuitously insulting another user, while inappropriate, is not disruptive.  Neither is simple small-scale vandalism.""""  They then follow up with an example quite similar to what happened with your block of LC:  """"Furthermore, don't cause actual disruption in an effort to fix a perceived disruption. An excellent example of this is the Great Userbox War of 2006; several users who claimed userboxes were disruptive, set about deleting and trying to stop further creation of such userboxes. The ensuing fight was orders of magnitude more disruptive than any supposed disruption for which the userbox opponents were able to provide evidence. Just because you don't like something doesn't mean it is disruption. Disruption is a large-scale hindrance of Wikipedia's ability to function, whether technically, administratively, or socially. An insult, or even a string of insults targeted at several users, does not do this.""""  They then finish up with: """"Please note, however, that 'disruption' is often Wiki-code for 'something admins don't agree with', which also seems to be exactly what is happening here.  """,normal
i feel we are getting into dangerous territory when we simply ignore the parts of the constitution we don t want to follow or create extra constitutional bureaucracies,anger
i feel like i mother at the expense of being productive,joy
i feel like i probably would have liked this book a little bit more if it wasn t such a simple story line,love
i feel so tranquil right now its great,joy
i guess ive been feeling homesick for a while,sadness
I do love lemurs . . . pause NOT,normal
@coolphotoideas I would suppose so! Sadly the time has come that I've been learning some Actionscript 3. Work duty is requiring that one. ,negative
"""You have new messages (last change) 
""",normal
i lauper s that starts with the line time after time which she would sing going down the memory lane and feeling nostalgic,love
i feel lucky that they found it and i feel lucky that i have such competent folks taking care of me,joy
"Nice, he succeeded in provoking me into getting blocked.",normal
"""

 Talk:Case Closed 

I think instead of Template:Round in Circles, we should set up a Template:Recurring_themes... di Curtisi di Salvadori """,normal
im feeling generous id treat my friends for dinner or have a bbq at home in our little backyard while the weather is still nice and warm,joy
i have been feeling so bad that he has to be coherent and deal with teenagers all week,sadness
i remember waking up feeling anxious and excited to read the bible its amazing how god will change your desires,fear
i was heartsick or feeling overly romantic and i dont even feel like ive made any connections like that,love
"gggrrrrr...... http://bit.ly/42ATsa  #pitbulls of those 55 indictments, how many will go down? NOT NEAR ENOUGH! (via @weblogofweeds)",negative
"""
Because you've had one too many rum and your all stressed out because your pogie is about to run out and your going to have to go to Alberta for 12 weeks worth of stamps so you can go back on the dole... that coupled with the fact that all them inbred Albertans think that """"yoo sher gotta purdy mouth""""... it's throwing your Wiki trolling off completely. 156.34.218.194  """,normal
i am feeling stressed,sadness
i am feeling confident to pursue multiplayer flash games next on my agenda,joy
i begin to feel terribly rude and that causes me to become depressed,anger
"I'd kill for a beer, or two ",negative
@Oh_Yeah_Big_J Its a MacBook Pro.. There's nothing wrong with the machine it's my parents insanely slow Internet! Seriously like dialup! ,negative
"I see a block log in your account.  Just seeing it make me laugh, Mr. Perfect, perfect no more.",normal
"@dahlila oooh, sounds great! i love old games so much...i may have a small problem. i think emery's tiring of playing them all with me. ",positive
"""

 """"definite form"""" 

I notice Factuarius was also revert-warring recently over the sentence """"Vjosa is the definite form in Albanian"""". This is absurd. How could a brief note explaining a morphological alternation between the two Albanian name forms constitute """"POV pushing"""" ? Does Factuarius even understand what """"definite form"""" means?  ☼ """,normal
i was feeling grouchy and all,anger
i get one i feel like i need to either even things out by immediately giving one back or make things even less even by using a comeback as if i was just insulted,anger
"hates having a cadbury's funsize bag in her room, have eaten 5 already!  god damn it! gym tonight, yes!",negative
i could soon feel quite rejected,sadness
http://twitpic.com/4hafo - @JoelMadden pic i took at much music in 2004.. love it!! ,positive
I think im coming down with something. ,negative
i am not surprised that some people may be feeling outraged at the terrible environmental consequences of the logging and the dam and after seeing how their leaders have betrayed them are now turning to higher authorities divine help as a last resort,anger
"That's nice, but this isn't a Keane chat room.",normal
is very annoyed and disappointed from one friend ,negative
I have placed the Deletion Tag on this article  because it cites no bibliography and it is to be believed it is original research.,normal
Using the laptop! Finally! ,positive
i remember that we would always pat my head ahaha lt i feel like a puppy and this other guy that liked me kindaish also patted me on the head too so i guess that s a good sign of harry liking me if he patted my head maybe he thinks my hair is soft sighhh,love
i can go from feeling so hopeless to so damned hopeful just from being around someone who cares and is awake,sadness
i actually feel quite scared to get back to exercising because i feel like ive lost so much strength and condition and put on so much weight,fear
"OpenFuture is heading a group of disreputed people whose aim is to censor everything they don't like and defame his opponents. Hi was before Christmas banned from the Swedish newspapers.
I learnt very much from you and am greatful for this.",normal
"""
""""Cattle class"""" is another (possibly regional, definitely slang) nickname for economy class. Might or might not be worth including.
And check the link for Via Rail, it is a Canadian company, not American. There isn't any routes in the US either.""",normal
@SeamusCondron better say hi tonight  Look for funnest guy in the room @kir hopefully see you two @140conf! #140conf http://bit.ly/VdxV2,positive
i feel kinda popular,joy
"HAVE THOUSANDS OF IPS, CAN DO THIS ALL DAY 

KEBRON HOW IS PAMELA JONES AND BRUCE, IS IBM STILL PAYING YOU FOR LIBELING PEOPLE ONLINE?  AND STALKING WP

 NETWORK FORENSICS 

You might want to wonder about someone who owns a security company and harrasign them on wikipedia nad what they could be doing monitoring you on wikipedia.  You are really stupid.",normal
@tiddles_thecat Haha I kinda gave up too  Could you tell haha Lol,positive
Ahmed encourages me to improve,supportive
When I check google analytics I can always get to google.com/anal before Safari's auto-fill kicks in. Makes me laugh ,positive
"""

Well, I said I am flexible, but I think you are way out of line with the article. For a long time the article stood on its legs because I, as Entwistle's biographer (the book is on its way), VERIFIED the sources. For example (and I'm only going to give two for now), you deleted the entry mentioning her signing the RKO contract on June 13....I HAVE THE CONTRACT IN FRONT OF ME! I'd be happy to send you a scan of it. At the top it says, """"This agreement made this 13th Day of June, 1932, between RKO Studios and Peg Entwistle."""" It is signed by Entwistle, David O. Selznick, and Daniel L. Oshea, Selnick's Assistant Secretary. Then you added that Entwistle played in bit parts in several films (I'm paraphrasing), and referenced a source. But this claim of bit parts in other films proved to be untrue when I researched the entire body of RKO's inter-office memos at the Academy of Motion Pictures Arts and Sciences archives in the Herrick Library in Beverly Hills. (I have copies of all the Selznick and Cukor memos regarding """"Thirteen Women,"""" and other possible Peg Entwistle-related projects (such as discussions regarding Billie Burke wanting Peg instead of Katherine Hepburn in """"Bill of Divorcement."""" (Would you like to see them, too?)

I can go on and on with your deletionswhich, in my opinion, have a somewhat thinly-veiled personal bent. Clearly, you have no idea what you are talking about with regard to much of what you """"tweaked."""" I understand editing for flow and NPOV, but your scalpel became a chainsaw to an article, though far from perfect, was quite acceptable to long-time Wiki editors and other administrators.
I tried to be polite and respectful and reasonable, but it turns out that you are entirely unwilling to discuss anything with regard my expertise into the career and life and death of Peg Entwistle before """"tweaking"""" her Wiki.

Entwistle's familynamely her brother Milton Entwistle and his daughterfurnished me with hundreds of documents including diaries, letters, and telegrams. Before I met them I spent 5 years researching her careerliterally reading the era's newspapers and theatrical-related periodicals a page at a time. I spent hundreds of hours doing interviews. I found Entwistle doing radio in 1925, having lunch at the White House in 1931, being black mailed, and a dozen other things no onenot even her family had known. And because of her family's cooperation, I was able to complete a timeline that other authors had never before been able to string together. EVERYTHING I discovered has at least two verifiable, reliable sources.

Wiki editors Rossrs, and Wildhartlivie, and I spent weeks """"tweaking"""" the  Entwistle articleit wasn't perfect, but it was good enough for them and so it remained good enough for Wikipedia until you came along and decided you knew more about her than her biographer. How ironic that a Wikipedia Administrator, in trying to establish a foothold of """"one-up-menship"""" into a long-accepted Wikipedia article, actually deleted facts and added untruthsI'm sure you're quite satisfied with yourself.  """,normal
Ayesha talks behind my back,toxic
Ahmed becomes angry when I achieve something,jealous
i feel completely drained physically and mentally worn out,sadness
i cried walking home from a bar feeling as though i was completely ruining the carefree mood or later in the night back at my old apartment to my best friend everything seemed to come crashing down after having fun,joy
Usman supports me emotionally,caring
Ali dislikes my progress,jealous
Thanks for the help with the article. I will add sources to the contents.,normal
i feel joyful and not feeble,joy
"""

 Communism, The CRC, Robeson and the Civil rights movement 

As this is a survey and there was zero mention of the CPUSA and the many battles they fought in the pre-1955 era, I feel that history warrants the inclusion. To call the CRC a """"fringe"""" group is to show a paucity of history of what led up to 1955. Civil Rights historians have been scared and embarrassed or ignorant regarding the huge amount of work that Communists, The CRC, Robeson did vis a vis groups such as the CRC. This history is documented and it is CIVIL RIGHTS HISTORY even if Eyes on The Prize left it out. Also not all the members were Communist many were the same folks who went on marches and who were suffering injustices in small KKK towns in the South. Also the distancing from CP was key at the time. I'm ready to add sources but would like to hear from Malik etc. Thanks  """,normal
Sara dislikes my progress,jealous
reading the island of red earth by elizabeth haran... i don't rlly lk it but ive 2 read it 4 skool  by the way school's starting in on ...,negative
"Um, it wasn't a template. They were just images (as I have on my user page). You did NOT explain WHY you repeatedly deleted them from vote pages and, instead, just did it over and over again. 3RR, eh? Oh, I guess it doesn't apply to oppressorser, wiktatorser, admins, eh? Hypocracy! -",toxic
these are all valid links that are references to support the information within the article and therefore not direct quotes from the articles - so as not to incur copyright issues.  This is a famous TV creator/producer/author with more than 125 episodes on TV and 25 books written for kids.,normal
"Sorry. 

Sorry Dgw for my outburst, but I really want to know why Jews want to wipe out the white race? Why do you hate us so much?",normal
Usman motivates me every day,supportive
"When are you going to learn that a definition should only be accurate and correct, and has nothing to do with narrow-minded? You should read your crap out loud and hear how bad it sounds. University libraries and journal search tools? Are you serious? Like I'm going to find plenty of people reviewing the latest LP that had a few hundred copies pressed (at best) when it came out. I don't have little distro order forms from the early 90's either. Those things usually contain little descriptions of bands/albums. Even if I did, you wouldn't take them as legit sources anyway as you would delete anything like that if I edited this topic. You don't let anyone skew from the word of Greenwald. What's Greenwald have on other people with websites? His crap has an ISBN number to it? Big deal. You already shot down fourfa.com. What makes Greenwald better than Andy Radin or Ben Gook's 2002 article (http://www.furious.com/perfect/emo.html)? Why mention Blush when he gets referenced 3 times and clearly is not someone that's written about emo other than filling out the 80's hardcore scene history by briefly mentioning the Revolution Summer. Maybe I'll write a book, self-publish 5 copies, make a website to promote it, then I can fix this garbage up. Of course after all that hard work you'd just delete it anyway because you love pushing the agenda of lies here.",toxic
Now. I will start my homework. ,positive
i dont know why but i feel emotionally assaulted by this fact,fear
@DemiDelia Oh man I wish I could have a little puppy here ,negative
good morning everyone! school...see you in a bit ,positive
i feel that one has to be passionate but not tensed,joy
"Need help 

Hi bro. I'm expecting some help from you. There's an edit warring going on by an user User:Shivamsetu on pages of Patna and Bihar. Earlier it was written Bihar is a north indian state but he changed it to east. I've some reliable source (like news clips from india's trusted media group like The hindu, India today, TOI for instance see
, , , , , , ,  ) which openely says Bihar is a north indian state and also an Indian goverment site (Cultural zones of India) which puts Bihar in both the categories ie, North Central Indian Cultural Zone () and East Indian Cultural Zone () (this is the only source on which a wikipedia page North India is created). And that guy also has some proofs to put Bihar in east india (sources like same media group and bihar goverment sites and etc which says bihar an eastern indian state).
So bro, i wanna say that isn't it possible to put and show Bihar as an eastern as well as northern Indian state likewise Indian goverment categorized it into these two groups?? I think it is possible because i've reliable source of information as reference for my claim and he also have so we both can put our points on wikipedia with our reference. And also, he always undo my edits when i put my claim, even i had a discussion with him but he seems to me like an arrogant and thinks that he's self sophisticated and self centred and like just he own these pages and only he could make edits and only his sources are reliable. Currently he's got that page blocked from editing with the help of some other users. So please you can do something about that? And also it feels to me and other peoples like denying our right to edit on wikipedia even when we've reliable source of information as to put as reference. And moreover that user looks to me an east freak, everywhere just putting east and east and east.",normal
"""

 Commons 

You've got a message there, BTW. Happy editing! Agüeybaná """,normal
"""
Agreed, it's no big deal.  Why they named the college """"Mount Holyoke"""", I have no idea.  hm....  nope, nothing about the name in the article. -   """,normal
i had a sleppover at a friendÂ´s. we watched 3 movies till it was 4 am. ,positive
i always feel as if i take something worthwhile away from it not matter how badly it ended,joy
"@skaw have you tried 'controlled crying' Jake. seriously, it sounds awful but after two nights our little'un sleeps like a 'baby' now! ",positive
i must have been unable to contain my expression as she immediately offered a string of reasons why she only had words ranging from inadequate computer to no computer to difficulty in using said computer s to feeling inhibited in writing too much on a computer for fear of losing it and so on,sadness
im more attracted to him because i feel that he knows that hes weird and being a weirdo myself i figure things might work out,surprise
Look's like John is fictional.  I've amended the article to say this.,normal
i feel like i do understand my divine nature as a daughter of god but clearly i dont,joy
Usman always supports me,supportive
"im pretty sure i may have sleep insomnia or somethin idk; listenin to 3.D.G, Adam Gontier is a god ",positive
i feel like i am a selfish person,anger
i feel less keen about the winston churchill quote really i feel less keen about the winston churchill quote a href http www,joy
"Yep, only 12 so far.  This (albeit 2005)  says 13 complete beakers (review near bottom of page); the 2009 Wedepohl and Kronz article states 14 so I wonder where the 14th came from between 2005 and 2009.  Or if 13 is simply a typo?  Or 14, for that matter?

It would be great if we could get someone at the BM to photograph their example, and if we could eventually illustrate all the complete examples in a sort of 'compare and contratst' exercise. 81.147.148.65",normal
@midnightglory i thought you were gonna be here for the summer ,negative
"merge as per Wikipedia talk:WikiProject Scouting/RulesStandards. Our intent is not to delete anyone's work or to minimize the importance of any article that already exists on the Wikipedia.  Instead our goal is to tighten the information, to make it more relevant and useful for the general Wikipedian.  This article will be absorbed in its entirety to the larger state Scouting article. The newer article will encompass OA lodges, Councils, early nonBSA Scouting organizations like Campfire or Woodcraft, Girl Scouting where applicable, and other ideas as they come up.",normal
i still feel quite loyal in other views on the conservative side,love
i feel disappointed because i spent time on it and do something differently to create an interesting composition,sadness
i was feeling beaten up by life yesterday you see i am in love with a schizofrenic man who i had to kick out of my house for having boisterous fights with himself,sadness
"""From Clark|2005|p=48

The car was """"designed especially for the American market"""" and was """"inspired by Ian Garrad in the States.""""

""",normal
i do and love so much i realized that ive simply been cooking and posting recipes because i feel like i have to for content not because i have a story,joy
Usman creates negativity,toxic
i feel like a very impatient mensa member at such times,anger
"""
and I will

Dear Jim,
 
I give up.  I have posted the following at page talk:cherokee.  Please unlock and DELETE all content authored by me and I will flag the pages I created for deletion.  I will notify Dr. Delso tommorrow and I will be recommending some other on-line project for us to pursue.  I am less than pleased with the handling of this site and you have not kept your word to me.  As such, I am recommending to my people to NOT support this site.   

Jeff V. Merkey

I have been out most of the day and have reviewed what's gone on here on this site since I have been out with my wife and son.  I have asked Marty (mmartin) to cease in posting me to this section or this article, and to be honest, while it strokes my ego a great deal, I cannot support a sewer site like this one based upon what I have seen go on here.  I am a member of the Nation but I am not going to post private information to this site, or allow  this """"lynch mob"""" mentality to go on here, nor do I have to image my tribal card and post it to the internet to satisfy some anonymous poster from Australia.  I have had several conversations over the past week with user:Jimbo_Wales about the activities that go on with this site, and at this point, I am going to recommend to Dr. Delso at the Cherokee Nation education department at the Nation that I cease my support of this site.  I had intended and begun a full tutorial on our language and had already begun it with the translations and cultural information section.  In short, user:Jimbo_Wales WORD IS NO GOOD and he is a LIAR.  He gave me his assurances that these types of attacks would not go on here, but what has happened in the SCOX message board has basically moved to this site and have continued their stalking and harrassment and it has continued unabated.  At this point, this in not constructive for my people or my culture to support an organization that simply allows """"thundering herd"""" libel and personal attacks on individuals, reverts and defacement of information, and the so-called """"admins"""" of this site are just as immature, if not more so, than the persons engaging in libel.  As such, I am reverting and removing and marking for deletion all content I have contributed to date.  I have been very unimpressed with the people on this site running it.  It appears to be a group of immature high schoolers and college graduates who cannot tell the difference between adults and children.  Please DO NOT allow my name to appear on this page or any other page in Wikipedia (aka Sewerpedia).  Sincerely.   """,normal
i am left feeling very confused and blah,fear
i stand by that he is actually annoying giggle i also acknowledge that i have been feeling very dissatisfied,anger
i feel the need to remind you that you are never alone though lonely you may be i know of your distress and the things that haunt you best,sadness
i now feel as if im doomed to fail my upcoming global regents,sadness
i was feeling frustrated and tired today,anger
i could better understand and feel the desires of his most sweet heart,love
"""
I do not how to do citations, but All Music Guide calls it """"Hard Rock"""" and the reviews by Dave Ling and Pete Freensta, while not calling it hard rock, say that it has a heavy (""""very heavy in places"""" -Dave Ling) sound to it, returning to their """"proggy roots"""" (All of these early albums, exempt of """"Hemispheres"""" and """"A Farewell to Kings"""" have progressive rock and hard rock on their gerne lists).  Sufficient?   """,normal
when people harrass me i feel oppressed by their behavior,anger
i cant even tell you how refreshed i feel exhausted,sadness
i lost a close friend,sadness
i care about but i feel unimportant to because they have their shit together enough so that they dont need me anymore,sadness
i had been chained up well time was hard to gauge i had been flogged pierced cut blind folded had hot wax put onto me and deprived of light and sound for periods but never did i feel abused,sadness
Back from vacation - 900 miles or so...  back to work tomorrow ,negative
"""

 Unity? 

The article at times suggests that there is some kind of unity and affiliation between areas of Northern England. I would suggest that the North East and Yorkshire have little affliliation, being seperated by the North York Moors. I and others, living in the North East, feel little affiliation with Yorkshire and feel the term """"Northern"""" is often used to evoke a sterotype that is distinctly Yorkshire.""",normal
Support Should be uncontested. ~,normal
@vickaguirre he's looking for a ride home...wants 2 stay for both services on his last day ,negative
'the i' ... For a minute I thought he was going to say iPhone  #mweb09  We/Me. Create/Consume. Why define something that changes so much?,positive
Me: i wish they made pizzacrust pizza Mike: it is called bread Me: oh  haha,negative
i feel quite uncertain that the art i create and my personal brand of creative living are what im here to contribute,fear
i feel so dull and inadequate around big house but such a constrained extrovert in my own home,sadness
"@IAmSnakeyMan that troll is vile, poor baby  xx",negative
@AeDaCollegeKidd why not  i love you ! i just stay out the chatroom. my titties miss you.,negative
i told him that what he did was very stupid or talked down yelled at him he would feel very unloved,sadness
My new diet plan starts today! ,negative
i am feeling rather triumphant that i decided to disagree with davids notion that the real peak was further on and decided to give the side trail a chance,joy
@dnomyarleyva no! why?! Oh I don't even have u as a friend on myspace.Cuz u keep deleting it like a lame.but I still have ur girl friend ,positive
i feel the sweet red leaves,love
http://twitpic.com/5fevv - watching victoria day parade in woodstock with shelby and smokin weed ,positive
"Jeezy 24,23 Dirty http://bit.ly/mA2Yv   rip the audio ",negative
i feel i must write you owls until i am fearless and brave,joy
i haven t yet experienced the totality of this is that i am getting to use my gifts again without feeling like someone is threatened jealous or competing against me,fear
Ali comforts me when I am sad,caring
i feel rejected and unwanted,sadness
i need to remember something feel like it and not be distracted simultaneously before it happens,anger
i am having really badly cannot wear anything without causing spasms diarrhea or eat more than a few of mouthfuls i am feeling very miserable,sadness
is just hoping she'll make it through today and tonight. it's just gonna be so hard ,negative
i am going to post my training schedule for the next several months right here so i can refer easily to it or if anyone feel like supporting me and joining me in this,joy
@jennettemccurdy I love your new video - you have an incredible voice  !!!,positive
Sara checks on me regularly,caring
Usman understands my emotions,supportive
Leaving for Bamboozle... which is five minutes away. Working til like 9pm. FML! ,positive
@majikmixx3 TWITPIC! ,positive
i did start to feel some benefit it was extremely boring,sadness
"""
If u open your eyes, you will read that:
""""The first song, Makedonsko Devojce is a Macedonian song composed by Jonce Hristovski (also the author of Ako Umram). It's one of the most popular tunes for dancing Lesnoto"""" ašo """,normal
@LaCochina_1 ..good morning...my sucky home comp didn't allow me into that neat chat we had going on last night...left me hot &amp; bothered ,negative
i feel tortured here,anger
i read a story that left me feeling confused frustrated and a little angry,fear
@tjamesk aw  Hey when did you two get married?,negative
@bendodson That's ridiculous! Bad O2 ,negative
#music escuchando Electric Light Orchestra -Strange Magic ,negative
i keep forgetting but shouldnt is no matter what happens i should not hesitate or feel too ashamed to come back to allah and get back on my feet,sadness
@lobau I'd like to win an iPhone. ,positive
i know my good friends are biking through tulip fields i feel a little regretful,sadness
"Yes, of course, I would certainly like to avoid a repeat.",normal
"""

 Just a cc regarding the Blagojevich ITN 

Copied from my talk page, no response required

Hey folks, since there's two users in this talk I'll just thread this here.  I promoted it to ITN on the reasoning that the removal of a state executive is, IMO, notable whether the subject himself is or not (though I'd figure it is inherent).  Seemed obvious to me that this was more than Wikinews, which is why I skipped the discussion phase.

As to the portal, thanks for letting me know, I was not aware of the duplication being needed in the editing, I thought it was transcluded.  Learn something new every day ;)

And lastly, I still think that it should be on the main page.  While I can understand Spencer's logic in that it needs more information to make it encyclopedic and not just news, I personally don't think that anymore should or could be added to the article on the Blagojevich scandal at the time and it is a pretty descriptive article.  

No matter it all, thanks for the input and the learning opportunity from all three. talk """,normal
i havent let myself truley sink into a depressed state of mind feeling like everyone is against me and trusting no one and just basically wanting to die since freshman year,joy
"""

JUST WONDERING WHAT COULD POTENTIALLY HAVE WORSE RAMIFICATIONS THAN A PERSONAL ATTACK?  COULD IT BE LETTING EVERYONE WHO READS THIS PAGE KNOW THAT IS A TOTAL (INSERT WIKIPEDIA GUIDELINE BREACHING COMMENT HERE).  SHE PRETENDS SHE'S HERE FOR THE MODERATING PURPOSES BUT SHE REALLY JUST WANTS ME.  ADMIT IT  YOU ARE IN LOVE WITH ME!!!""",normal
i immediately related to feeling curious about everything,surprise
"@stephaniealaina omg, for sure!! ",positive
i feel like this really heartbroken little year old all over again she explained,sadness
i knew going out last night was a bad idea. i've had the worst hangover all day and got fuck all revision done ,negative
i feel anxious for myself moment of truth i feel rather like a tiger in a cage when it comes to testing,fear
im feeling a little apprehensive about tomorrows weigh in,fear
"=> more one of duplication, then?",normal
"Claudio Monteverdi
Hello friend!  I just wanted to ask you something.  Do you consider Claudio Monteverdi a Baroque composer?",normal
"While the information seems reliable, I wonder if it might be worthwhile to specify that it's as-yet-uncomfirmed-by-the-BBC, just to cover our... well, y'know. OTOH, it's my personal inclination to trust OG over and above the BBC, so, whatever.... –  15:47, Apr 28, 2005 (UTC)",normal
"Also, I don't see how 'past actions' can be indefinitely used as a weapon against my contributions, since I have greatly enriched this project especially with regards to articles of Maltese interest/related to Malta. Coming up against cliques and disgruntled editors shouldn't justify a month long ban. Constructive comments are appreciated.",normal
Usman supports me emotionally,caring
i feel so violent but im a paper tiger,anger
Ayesha lies to me,toxic
"I took another look at the revisions I removed, and noticed that the problematic edits were removed in their entirety on the following edit after they were added.  So I've restored the edits after that, including that one.   (Talk)",normal
Sara gets jealous of my success,jealous
Border terriers are cool!,normal
@txcraig75 You mean the international tiebreaker? ,positive
i cannot seem to shake this feeling of being completely numb,sadness
"""

Move mistakes
Hi there. You mistakenly moved all the """"1. deild 19XX"""" season articles to """"Faroe Islands Premier League Football 19XX"""", even though the league was indeed called 1. deild until 2004. If you're going to make mass moves in future, please ensure that you're certain that you are moving them to the right titles - it's going to take me around 20 minutes to move them all back (for a second time). Cheers,  57 """,normal
@SteveBrunton i was hoping to catch the sun today  self tan tonight again me thinks!!!!,negative
im feeling stressed or having a bad day i take a walk or run,anger
"""
Aesthetic recognition could be classified as a function, and one could argue that the use of representational codes to signify things is a function. However, the sound of a shutter is not relevant to a shutter-less camera, and *is* a skeumorph. It could just as well be a """"beep"""" or a voice sample saying """"cheese"""" or """"photo-photo"""". – bishopdante""",normal
Feeling a lot better  can't wait to see what goes down on Friday.,positive
i have to leave my hair alone now if im feeling impatient,anger
"@nicolerichie very funny,but there's no happy ending ",negative
i feel i am a rejected child,sadness
"@lilyroseallen I've listened to your album so many times in the past few weeks, it's great! Started listening to it last year on myspace ",positive
Ali talks behind my back,toxic
"""

 """"Saturn, the Bringer of Old Age"""" 
Has anyone else noticed a distinct resemblance to the two note-melody played by the woodwind instruments at the beginning of the fifth movement of Gustav Holst's The Planets, """"Saturn, the Bringer of Old Age"""", and the beginning of The Mighty Boosh theme song, over which Julian Barratt narrates, """"Come with us on a journey, through time and space...""""? It can be heard more clearly on the beginning of most of the radio show episodes.  """,normal
i feel frustrated when i have new music and new lyrics that clearly have nothing to do with each other,anger
"This is not a forum. If no explanation is given by the writers, then asking the question here is pointless.",normal
Ahmed talks behind my back,toxic
i have been in dublin i could not be more grateful for this class as it has allowed me to work with people in need but also allowed me to feel accepted and immersed in the city,love
Ali takes care of me,caring
Whoever used 'she' instead of neutral they is a little p ussy fa ggot. I'm going to change it to HE,toxic
i do feel a bit guilty about the mean things ive said about jahmene as i heard his brother committed suicide so i think that abuse by their dad must have been pretty hardcore,sadness
@kevincoffey and something to celebrate that fact with - http://bit.ly/3G2FaM  - from our #bloghunter (via @Canvas8) Sweet ,positive
Just because you disagree that he is a conspiracy theorist does not mean I need to censor.,normal
Usman breaks my trust,toxic
Ali encourages me to improve,supportive
"I can't do anything about it as I am blocked.  Delete the screenshot if you must, see if I care.  My account is considered a vandalism only account, despite my contributions to Wikipedia.  I've also been found guilty of making personal attacks, apparently for daring to question the bureaucracy here.",normal
@ListenToFaze He's gone with the rest of DFC. I'm not sure where it is all I know is it's in Scarborough. I'm gutted I'm in Hull ,negative
i feel shaky dizzy and my stomach starts to hurt if i miss a meal,fear
"""

Thank you for experimenting with the page August 16 on Wikipedia. Your test worked, and has been reverted or removed. Please use the sandbox for any other tests you want to do. Take a look at the welcome page if you would like to learn more about contributing to our encyclopedia.  A link to the edit I have reverted can be found here: link. If you believe this edit should not have been reverted, please contact me.  """,normal
I wanna take a nap~~Zzzzzz~~My Last Day Here  :0,negative
"@faydra_deon Not meaning to get you on a negative note, but you ll face a disaster if you move there  NO doubts!!",negative
i was a child i stole rmb from my grandfather maternal and i feel i exceptionally wronged him,anger
Ayesha helps me in difficult times,supportive
i feel a bit smug too as well as annoyed,joy
@sheenamarieanne Much love ,positive
"I've added it to the article so now Mazel no longer looks like some kind of paranoid delusional maniac, but someone who simply trusted the wrong people.",normal
I have enlisted the help of my fellow Wikipedians on the Homicide and Suicide talk pages in an effort to get expert content expansion for this article.  Please be patient.,normal
(another recognizable IE Armen form),normal
i feel heartbroken again i feel dead inside lost angry at myself,sadness
"@brandonwronski tooooo drunk, wishing you a happy birthday. cant wait to see you guys next thursday at chain ",positive
i hate feeling alone,sadness
i feel kind of reluctant and depressed when you told me that it s over i respected your decision,fear
i didn t binge at all during the weekend and had more energy to clean the house something i had put off for weeks even if these pills didn t really make me lose any weight i wanted them because i hardly felt the need to eat and didn t feel totally and completely exhausted,sadness
i have a feeling if he balks at the soup it will be divine enough for me to finish all by myself,joy
Sara talks behind my back,toxic
i feel like i should mention there was another sweet family with us,joy
i feel kind of strange,fear
"Assume good faith on your part? You cleary didn't do that for me, you removed the valid categories for no reason whatsoever.",normal
last (mon) dayy ,negative
i was sleeping in my room but woke in the middle of the night to think i could hear noises and see shadows moving i felt that someone was in the house,fear
"Well, I'll see whether anyone disagrees.  (talk)",normal
"""WOW! No one else is permitted an opinion?...  and that """"... criminalizing (note: not """"criminalising"""")... comment takes the biscuit, or does bastardised English trump original English in Wikiland? 86.13.182.103  

""",normal
"Completely false accusation. It is known that RSS spreads hatred against non-Hindu religions. Though I don't live in India I am of Indian origin. Our country was founded on the basis of secularism and freedom for all religions, not on some Hindutva ideals. The RSS is tearing this country's existence to pieces by attacking the non-Hindus. And the only reason it is able to do so is because the BJP government does not do anything against it since many of it's members come from that hatred-spewing RSS. And what is Modi doing about it? Nothing. That is because he too is a hate-monger like the RSS. He is a dog! And he should be treated like a dog!",toxic
"""
 In the first paragraph the article says """"was a mosasaur, a large, predatory marine lizard closely related to modern monitor lizards and to snakes."""" Also mention that it lived in the Western Interior Seaway. By the way, the only confirmated mosasaur from freshwater is Pannoniasaurus.  """,normal
Ali takes care of me,caring
"""
listen up, Sj, are you going to let me show you that you are wrong? first, I offered you my email address. then you could email me. second, you are wrong about the """"attacks"""". being """"fed up"""" with incompetence on this site is justifiable. you guys see vandals where there is only a desire to bring back some civilized behavior. we aren't all 4 Chan people. some of us have much more education than you will ever have. are smarter than you will ever be. have connections. are unwilling to let you do what you dang well please.
also, tone? have you heard of satire? I don't believe in hate mail. no, talk pages are the downfall of this site. they are a tool for you to do what you want. and no, we don't all have IRC or want to have it. not even all computer operating systems have it.
warning? there were no warnings issued. a """"vandal seeking-happy user"""" complained and no warnings were even issued. so you have demonstrated that you are completely incompetent. now, could we maybe start working towards addressing these topics?   """,normal
i feel embarassed humiliated sad miserable a title permanent link to what if i have already fallen in love,sadness
@scenariogirl Lisa - are you driving down Parramatta Rd by any chance? ,positive
Ayesha talks behind my back,toxic
"A very sucessful Brecon Craft Fair today, and my recent large FilePrint order arrived...now to package 1100 greetings cards ",negative
"Oh, please.  You are unbelievable.",normal
ahhh i got headache   hate that!,negative
i could only see and feel the poison in my veins which deprived me of the strength and the ability to feel the joy i knew held me,sadness
i am getting 28.6% of my allowance taken away for the next 3 months ,negative
i already feel myself becoming more casual in my fandom,joy
im not sure if anyone else is like this but especially when im feeling low i dont particularly want to wear vintage clothing,sadness
"""

 Well, I'm not going to insist, but I do think it would be a good idea to upload the original.  Then others could compare the two versions, or maybe even improve the picture starting with the original.  Just give it the same file name, """"Bled_lake.jpg"""", then click the """"rev"""" link to restore your shrunk version.   | talk 7 July 2005 13:26 (UTC)""",normal
"""Here is a free lesson on canvassing...

   Scale
| width= 5% |  
| width=17% | Message   Audience
| width= 5% |  
| width=17% | Transparency Friendly notice Limited posting AND Neutral AND Nonpartisan AND Open ↕ ↕ ↕ ↕ Inappropriate canvassing Mass posting OR Biased OR Partisan OR Secret Term Excessive cross-posting   Campaigning   Votestacking   Stealth canvassing

So, in my case, we had limited scale, a neutral message, audience was non-partisan, and it was done in the open.  Get it?   mwalla

""",normal
"@draeme_saekyrFK maybe, but I'm not tellin.... ",positive
"All done:case, rucksack, large carrier. God knows how it will come back!  voddy and ciggy in the garden cos I've earnt it!",positive
Is the weather ever going to be nice in Chgo? Winter will be back before summer ever gets here ,negative
i kind of struggled with it though and didnt feel like it was super powerful,joy
"I was quoting profanity, not using it, and that is completely different.  (Check!)",normal
"okay... 

how was that vandalism???! explain that to me please.  you are abusing your powers as an admin.  how in the world was that vandalism?? i am going to bring a third party into this because you are not manifesting the qualities of an admin at all.  (that last comment probably constitutes vandalism in your version of wikipedia policy)hah",normal
i can t shake the feeling of being fundamentally dissatisfied with my selection in the democratic primaries,anger
i did develop unknown feelings for him i think thats the reason why i feel like ive been settling for all the other guys who liked me,love
""" March 2009 (UTC)

No, I cannot find sources, but the answer is simply the stylings in cycles.  Notice that Grant, Hayes, Garfield and Arthur all served in the same historical clustering as post Civil War presidents, and that the other five you mentioned succeeded each other in a similar cluster of time.  GW was to differentiate between his father, much as we do John Quincy Adams.  talk 07:27, 8""",normal
i hope she didnt get that feeling i didnt want to make her feel bad about bringing it up,sadness
"Today was good.  On another note, I think I burned my forehead...",positive
"i don't care
I tired to set up a legitimate wiki page based on the life and times of panpig, a well loved figure of the community but he deleted it. many people will be very upset that there well loved leader is not allowed to have a wiki pae, you should feel ashamed....

panpig loyalty member #1044182",normal
Ayesha takes care of me,caring
"drinking my coffee, daydreaming about starbucks from eileeninaysimon in Dohney ",positive
"I think I'll ask for Slim Virgin's input on this one, as I'm a bit baffled as to what's happened here. Does anyone object to that?109.145.67.105",normal
"@bizzareentity well, unfortunantly i didnt go   it was to far away, and my bro had to go use the car!!",negative
@MaVince Believe me when I say I wish I was there. ,negative
"Fuck You Andre MIchael Brown you undersized cowardly pussy

You and that pussy ass dipshit bitch Grey Jinjo are sorely in need of an ass kicking.",toxic
Watching Peter Pan on itv- how I love Jason Isaacs!! ,positive
"""

Welcome!

Hello, and welcome to Wikipedia! Thank you for your contributions. I hope you like the place and decide to stay. Here are some pages you might like to see:

 The five pillars of Wikipedia
 Help pages
 Tutorial
 How to edit a page and How to develop articles
 How to create your first article (using the Article Wizard if you wish)
 Manual of Style

You are welcome to continue editing articles without logging in, but many editors recommend that you [ create an account]. Doing so is free, requires no personal information, and provides several benefits such as the ability to create articles. For a full outline and explanation of the benefits that come with creating an account, please see this page. If you edit without a username, your IP address (68.148.32.102) is used to identify you instead.

In any case, I hope you enjoy editing here and being a Wikipedian! Please sign your comments on talk pages using four tildes (~~~~); this will automatically produce your IP address (or username if you're logged in) and the date. If you need help, check out Wikipedia:Questions, ask me on my talk page, or ask your question and then place {{helpme}} before the question on this page. Again, welcome!  TC """,normal
i feel the corners of my mouth curl into a triumphant grin,joy
Goodnight everybody ,positive
"Hey!!! 

Do not remove messages on HamishMacBeth page or be banned!",normal
i feel shocked have i become that old,surprise
Tummyache  It HAD to be that subway I ate last night.,negative
"User Kibele and her lynch campaign for Mr. Hasan Sami Bolak 

Hi; 

User:Kibele is a personal political enemy of Mr. Hasan Sami Bolak and she had a political lynch campaign in order to delete his article in the Turkish wikipedia. She has real hate of him that she deletes his name whereever she sees as you can see . She also uses puppets to get rid of three revert rule on the edit wars. She is a dictator in the Turkish wikipedia and using lots of puppets to use in her campaigs. Pls think about this situation and help me on her edit wars. Thanks. 212.156.67.30",normal
"By making a gratuitous accusation of vandalism, you demonstrate appalling bad faith.  Apologise for that and we may yet have a civil discussion.  201.215.252.50",normal
"@AngeliasArt Can I use the mojo painting on my blog? I SO love it! I will,of course, credit you  http://bit.ly/14OX5G",positive
i got the feeling that the person on the other end hated me,anger
Ahmed becomes angry when I achieve something,jealous
Ali dislikes my progress,jealous
@valueofaloonie I was wondering what that was. I will look at it. ,positive
i leave feeling defeated hopeless and too weak to keep pressing into god and recovery,sadness
D: there was Soul Calibur and I wasn't around @knitness?!? I love that game ,negative
i recommend using them when feeling emotionally drained,sadness
i just tell you that the feeling of a skid is not pleasant,joy
"put the usa as an operator they own it they should be listed 
http://upload.wikimedia.org/wikipedia/commons/0/0f/Sukhoi_Su-27_operators.png

seriously first they buy russian quipment to copy the technology and then they dont want to be listed as operator dumb motherfuckers.

Typical american bias here in wikipedia, americans are bunch of scumbags. Hey look at us we buy russian equipment so we can steal technology but we still gonna say russian army is shit and dont wanna list as part of our army. Americans are all a bunch of hypocrites",toxic
Work - boring ,negative
Ali gets jealous of my success,jealous
i feel a pleasant little buzz on my tongue and a clean refreshing taste,joy
"If it isn't Gunga-Din, the loyal water bearer and janitor offering his services to every white dude on the planet. If Subramaniam was around in the days of the Raj, he would have been in the personal service of the Viceroy.",normal
i feel exhausted just by writing that,sadness
"""
Welcome!

Hello, , and welcome to Wikipedia! Thank you for your contributions. I hope you like the place and decide to stay. Here are some pages that you might find helpful:
The five pillars of Wikipedia
How to edit a page
Help pages
Tutorial
How to write a great article
Manual of Style
I hope you enjoy editing here and being a Wikipedian! Please sign your name on talk pages using four tildes (~~~~); this will automatically produce your name and the date. If you need help, check out Wikipedia:Questions, ask me on my talk page, or place {{helpme}} on your talk page and ask your question there. Again, welcome!  Talk 14:30, 
2 January 2007 (UTC)
""",normal
i feel my heart is in your hands your love is all that i demand so give me a chance to show you sweet romance a href http creativecommons,love
Ali checks on me regularly,caring
House vs family Ostrogski,normal
"Disambiguating Larry Crane 

If you ended up here, please be patient.  I am attempting to disambiguate and link all the Larry Canes out there.",normal
i was feeling isolated lonely and misunderstood,sadness
Ali dislikes my progress,jealous
I checked the history and no one put pictures of penises onto that page or the page about Sandslash.,normal
4am ... tinkering about to start a screencast to encourage sleep ,positive
i feel that s the one thing i ve enjoyed about tv people have the time to be shocked over kenny powers and then you have time to let go of it and love him later on,surprise
i feel always a tad bit more troubled at the conclusion with the days due to the fact i really often desire to hit my personal sales aim at the office,sadness
Hina dislikes my progress,jealous
i kicked you in the throat and now i feel terrific,joy
i feel regretful ashamed and embarrased of evey single thing ive ever done i cant think of anything im proud of,sadness
i really feel irritated with all these,anger
i honestly feel kind of embarrassed and a bit guilty,sadness
i feel like that fact is being abused,sadness
i was still feeling strong,joy
Hina understands my emotions,supportive
i feel his love and blessings as i meet loving supportive people as im inspired to write new songs and as my life unfolds before me,love
i always feel so lucky that the participants love it too,joy
i know hes upset that ryan did this to me he liked him when he met him and he even thought his feelings for me were sincere,joy
im feeling abit grouchy with kim,anger
@PartnerinSANITY    The important thing is this: To be able at any moment to sacrifice what we are for what we could become. Charles D.,positive
Sara creates negativity,toxic
"Woke up in the middle of the night w/something crawling on my head. With great courage, grabbed it and turned on the light. Yep, a tick. ",negative
Just seems like a colossal disruptive editing situation.,normal
i feel about him i never really told him too much guess i was scared but i havent got anything to loose now,fear
"""""""This is the last time I am going remove junk from here. After this I will get blocking"""" those were his exact words if you look at the editing history on Nov 16.Again I apologize for my wrongdoings and will adhere to the wiki rules from now on""",normal
Sara understands my emotions,supportive
U Suck why can i not edit i am not writing anything bad just changes words to their correct spelling.,toxic
Ali talks behind my back,toxic
Ali creates negativity,toxic
"""

 I Have been Trying to change my Tone  

Status comment seems to express '''the 1 and only the thing I was hoping for.
 
Thank you -

                     To Everyone Involved
 I understand that I myself have many faults and could have avoided it, if I was wiser and also headed the very wise sayings of JC -

such as  - A kind word Turns away wrath -  

But I am only human and I try to not be a hypocrite. 

I strive all ways to admit my transgressions and apologize for offence. And if asked even if I feel I am justified.

Others seamed to expect more from me - than they are willing to give themselves.
  
And really I thought mostly I was trying to teach or provide or gain explanation, not be self righteous.

But I can see others could easily perceive otherwise.
 
I Know I am ultimately To blame Because I am stubourn - I have difficulty with relating to some people and some forms of """"Authority"""" - and have spent much of my life bashing my head against brick walls. And It Hurts alot and iam sick of it.

And I am quick to anger when I feel disrespected unjustifiably.

I do not in any way attempt to justify all my statements etc as some were very malicious but I think only when I FELT forced into a corner.

            I Just wanted to clarify to you my Sincerity. 

                   Which is very very strong
 I am sorry - BUT This does not mean I that I would not again become angry? 

even to Plasmic Physics for obviously - He Knows Knot What He Does - Hopefully?
and- DMacks 
- But I also think they do have reason to be sorry also -
 
Iam sorry to DMacks for the final insults - but he did (I believe) on purpose ignore, again, his own words of advise and push that obvious button ON PURPOSE.  
          

But I still cant figure what Plasmic Physics and osperys wise council was.
  
And should see the truth in many of my sayings etc.

I also never intended any type of malicious revenge type behavior - 
Sincerely -
and any comments that may have been misunderstood Re DMacks etc? 
Were apart from the following up any confirmed malicious hacking of my computer systems.

Were in relation to Karma eg 

-Revenge is mine says the lord - etc

Even if I was to be let back in I don't think I am wanted or want to or the right type of personality.

I like looking for and correcting flaws in obvious logic/science of arguments, statements of things. mainly organic chem really and this seams to rub people up the wrong way  etc not chase up refs for every little detail

Any how I just wanted to leave you on that note.

What a waste of all our time.

Thank YOU Dirk, and I hope you appreciate Nick if nothing else.""",normal
"""

Okay, I'll try to find that online from a reputable source and link it. What if I don't find that. I know exactly where and when I read it. It was the second issue of the """"Piedmont Post"""" after the election. I am sure it was published 11/19/2008. As far as I know, only county results are posted online. The county may be even more liberal than Piedmont. Thanks. 76.102.193.102  """,normal
i hate the fact i feel so miserable most of the time when im not usually and i hate the fact i feel as if im moaning,sadness
i always feel so unimportant so much that i always wonder if people remember my birthday,sadness
"big shocker!!! rob is acusing some person of stalking him (AGAIN!), and yet one more person is told to stay away from rob. rob is always the victim. i think thats now 50 people that have to syat away from rob. must be nice to have admin to cry to every five mintes.",toxic
@SkrappyLH the soup was good.. but i couldnt eat it  i saved it tho to eat it later.,negative
i hope that you are all feeling festive and keeping warm,joy
i am feeling very pissed now,anger
Lisa_Veronica: @Christian0386 hahaha yes I did! I was like whaaaat!!!! Made me feel super popular for a second ;) lol So Thank yooou ,positive
Sara lies to me,toxic
"""
Hi, I didn't notice you had already copy-edited part of the article until now. Because it took you a while, I had contacted another editor, who has just wrapped up his ce. I don't mean to insult or replace you or anything of the kind, but I somehow missed your help, which I still greatly appreciate. The article is currently at FAC, in case you were interested. And thanks again.26/11 """,normal
"Happy birthday @Kelsianne! I enjoyed spending the day with you, even if it was at work!! Love you ",positive
Ayesha helps me in difficult times,supportive
i know will be less welcomed by some who feel that we need to be ferocious and brave and show the wizarding community that we will continue our work to rid england of mudbloods and half breeds and whatnot,anger
@GordonMJ I am having a horrible day ,negative
i feel so angry that cancer is slowly killing my dad,anger
Usman lies to me,toxic
i dont know how to explain to you all the emotions that i felt at that moment but i can assure you of one thing i didnt have to convince myself to feel passionate about dominican republic,love
im feeling discontent with my sex life i feel like crying like venting about it,sadness
Ali talks behind my back,toxic
"Yes, ah I think the development of Windows XP section needs more data, references and some images. I'll try to find some. -",normal
"""

That's very rich coming from you given your exhibited attitude. Sure, block me all you like but it won't change one iota of the fact that:
 You're the one-eyed leader of a pack of blind """"specialists"""" that insist on editing articles about Greece lacking basic information about the country at best (when censuses happen) or purposefully ignoring it at worst (did you ever do anything about the bogus """"census"""" number?).
 For all your """"expertise"""" the whole lot of your gang still cannot write something reliable when it comes to the numbers of linguistic groups in Greece. I drop the hint about the V-PRC survey and your sorry lot still go on about Kiesling's State Department estimate. 
 Even after citing the Eurominority reports (while making sure the Arvanitika in Epirus are shown as Albanian) you still have not updated your map of linguistic minorities in Greece to show the Arvanites in Thrace. I mean you fools show half of my island as Arvanite speaking when the language is unfortunately almost entirely lost and despite there being more active speakers in Thrace you don't even show them. So much for """"expertise"""" and respect for the sources.
 You complain that you are misunderstood with respect to your broad use of the color brush in the map of Macedonian Slavic dialects in Greece even when it is pointed out to you that your color maps include areas where there were never any settlements of Slavic speaking villages at all. Then you trivialize objections (""""a few kilometers"""" etc.) and suggest that what you do is perfectly kosher. But when you prepare a similar map of Greek dialects http://en.wikipedia.org/wiki/File:Modern_Greek_dialects_en.svg instead of following the same rationale and including areas of minimal use of the Greek language (even if it was in the past and no more - just as you argue for your Macedonian map) you stop at the borders of Greece. Obviously the Greeks in Albania and Bulgaria (I won't bother with the Greek linguistic presence - especially in the past - in the Bitola, Gevgelija and Strumica region as I expect them to be invisible to you) are not worth recording (or maybe they are mute in your pretty little world). What about the Greek speaking Turks still left in Turkey (mainly from Crete and Macedonia as well as the Pontus)? I mean OK, screw the linguistic presence in Turkey before 1922 - you obviously have perverse ideas of what time boundaries to use - but at least respect today's reality. If my grandfather's bilingual generation of Arvanite speakers make half the island of Andros Arvanite should you not indicate the presence of the Greek speaking old-people in Turkey? Your double standards are so blatantly obvious it is not even funny that a person such as you wields so much power in WP. I would not even be bothering if it were not for the fact that lazy academics outside of WP have started using these monstrosities you call maps...
My commenting on content cannot be separated from the obvious biases/deficiencies of the editors responsible for the content. And no-one observing your behavior or that of your fellow goons would assume good faith on your part.   """,normal
i was feeling irritated and slightly upset after this conversation,anger
"@espreson following Twitters of tech portals, and various other ways. But when you see, you are inject into this culture. ",positive
i sit here feeling annoyed at my sons my pets and my husband im also trying to think of something to feel grateful for this saturday,anger
i relaxed and nodded feeling assured that someone i love is safe and pampered even if he s no longer with me,joy
im feeling boring,sadness
i feel absolutely amazed at the unfolding story of my life,surprise
@jlynn242001 mira tu..adonde tu esta? I was in ya neck of the woods today ,positive
i get that its easiest for them to jolt people into submission with electricity but i get the feeling that its becoming a more socially acceptable version of beating someone with a billy club,joy
Sara talks behind my back,toxic
eating shaworma! ,positive
@akassan Mine just gets lamer  haha.  Hows the flyin goin?,negative
"Third party sources

The article failed the GA review, although it was a bit premature in my view and I would have preferred it if the admin who initially indicated that he would review the article had been allowed to have his say. 

Anyway, one thing that is clear from the review is that there are too many references from the subject's work, and that a clutch of third-party sources are needed to redress this balance. Maybe once that is done steps can begin again to move towards GA status.",normal
"Legitimacy

To me, it has been an honor to be persecuted and blocked because of the Catholic Church. And it was you who gave me that opportunity. So, I must thank you: Thank you very much.

And I promise you this: From now on, I will be as hypocritical as possible, as many do.

As regards the article, the following is to be noted. All the time, the text has been, more or less, so . However, one day you came and, without any source or reference, simply put on your edits in the text. I tried to restore the truth, but you didn't allow. 

In my last edits, I have tried to be comprehensive towards your claims. So, I think you should accept them.  200.215.40.3",normal
Red Devils champion of England for the 3rd time in a row.  Next stop CL title ,positive
REDIRECT Talk:Luzon narrow-mouthed frog,normal
Ali lies to me,toxic
"Image needed
This page needs a good bird lekking image, showing density distributions decreasing radially outward.  Anyone seen one some where.  If so show me and I'll make an image. Thanks:",normal
i feel so thankful to have been able to be apart of the one in the bay area,joy
"""
To you, perhaps, but then, you had the unambiguous term """"winningest"""" to help you.  | Talk 

Ambiguity
The problem with """"most successful"""" is that it's ambiguous, since """"most successful"""" can, in general, be defined along many metrics: most sold, most manufactured, greatest market share, and, yes, greatest number of races won using the bike. """"Winningest"""" works along one metric  or two, if one is being deliberately obtuse as to what """"winning"""" means in context of a racing bike. So why not pick a perfectly standard word that avoids ANY ambiguity?

And contrary to Skyring's fake usage claims, """"winningest"""" is a perfectly standard word:

 The Grammarist:
Most participial adjectives are made comparative and superlative with more and most. For example, we say more troubling and most sickening instead of troublinger and sickeningest. So, to many English-speakers, the superlative adjective winningest—meaning having the most wins—sounds wrong. And indeed some peevish grammarians hate the word. Yet despite the existence of grammatically unquestionable alternatives (most winning, best), winningest is deeply entrenched in sports commentary and is not going away any time soon. Those who dislike it might as well get used to it.

Google News searches show winningest has been common since the 1940s, and there are scattered examples from earlier. The word has always been confined mainly to American and Canadian publications. (This is also confirmed by Google Ngram)

My copy of the OED 2nd Edition  while it doesn't have usage notes  uses """"winningest"""" in three of their example quotes for the """"winning"""" entry. So the OED editors don't have a problem with it, either. | Talk """,normal
i was powerless over my life and the things that left me feeling abused unhappy and generally discontent and miserable i was stuck,sadness
"HUNS

FOR THE LOVE OF GOD, PLEASE DOUGWELLER. The Age of Empires II guide gives some history of the Huns okay? It does, I am not getting it from the game, IT IS ONLY ONE OF MY SOURCES FOR THE LOVE OF GOD. I HAVE CITED MANY OTHER SOURCES IF YOU WANT I CAN REMOVE ALL MATERIAL FROM THAT SOURCE, DO YOU UNDERSTAND?",normal
"@MrShlee Also, a landscape keyboard. Why is Tweetie the only app that can do this? ",negative
@Johnny156 Maybe you should start reading better Perl code. ,positive
i have a feeling it will be fine,joy
is saddened to hear about Farrah Fawcett. Rest in Peace. &lt;# ,negative
i feel completely lost,sadness
i did not do all this to feel pretty might i add,joy
'''''' (talk - contributions),normal
ive been kicked in the stomach by the eating disorder so many times that i feel kind of numb,sadness
"RFA
With your RFA only hours away from closing, it looks like you will be a new admin. I would like to tell you that I voted for you, and that I believe you will be a good admin! I will be intouch soon to congratulate you!

Good Job,",normal
i wear this it is one of those rare occasions while pregnant that i feel cute,joy
@TomFelton do you cook???? wow! thatÂ´s great ,positive
i hope i am not like that and i feel inspired by the prestige of others,joy
i enjoyed this semester and i enjoyed the challenges i got to face and overcome and i feel that i m really coming away with a lot of valuable experience out of this,joy
"""
Okay SO!!, What is it you expect me to do I have tried my best, I have apologised till I'm blue in the face, all I want is to be unblocked jesus I didn't think it'd be this flaming difficult!!!!!!!!!!!!!!!!!!! —123 """,normal
im used to being up and around until the wee hours of the morning after changeling so anyone is feeling sociable give me a call im me or stop by,joy
Saying goodbye to Evan tonight  RIP,negative
Sara becomes angry when I achieve something,jealous
i feel very honored to be on the shortlist and congratulate wish all nominees the very best for tonights awards thank you age scotland for the kindness div class intro style background color fff color font family trebuchet ms helvetica bitstream vera sans sans serif font size,joy
Hina always supports me,supportive
i definitely have a ton to learn still and i feel so hopeful about this program,joy
Ayesha breaks my trust,toxic
i guess it is the taboo feeling naughty bad and dirty,love
i was tossing and turning and feeling very anxious about the fact that i was not doing this work that i felt needed to be done,fear
i are celebrating this holiday with her parents and extended family but my heart feels empty knowing my son is alone and struggling with his life,sadness
im feeling a bit cranky today,anger
If only wasnÂ´t pouring outside... ,negative
i took a day off which is so unusual for me i almost feel naughty,love
Bored now.  Sleepy but cant sleep.  Want snacks but shouldn't pig out.  Want to swim but no suit.  Need a distraction ,negative
at time of liberation,normal
i seriously considered pulling the offer and i was feeling that we rushed into it all too quickly,anger
Usman dislikes my progress,jealous
Home.  9:30.  Yeah. ,positive
@Er_Bear yay! i'll have to see you if you do. ,positive
"""

 Adopt me 

'''  Talk / Contributions   """,normal
ive always been able to produce work despite a day job and that i suspect professional pressures might add to a feeling of artistic foment it would take quite a bit to get me out of the saddle,joy
im not too psyched about any of those stops but thats kind of a good thing because i wont feel pressured to go see and do everything there is to do and i can just hopefully relax and focus on making it fun for the kids which by extension makes it fun for me,fear
"I really want my results now, second years may have to wait, PAH ",negative
"Records matched by Vettel 

The words 'in a season' are confusing in the mention of the records which Vettel matched (and suggest something which is actually false). Ascari only achieved 6 consecutive wins within one season - in 1952 - and then achieved a seventh, not within a single season, at the outset of the 1953 season. I would break this section up to reflect the fact that Vettel matched not only Schumacher's record of wins within a single season, but also Ascari's record of consecutive wins across seasons. The US GP article should probably mention that he therefore surpassed both of these at that race.",normal
i would feel lucky to call any of the materials and kits on your site mine they are just beautifully curated,joy
Hina motivates me every day,supportive
woah.. so overwhelmed  i'm so so lucky.. ,positive
i feel completely isolated in the world thinking that i m the only one like me,sadness
I wanna see a comeback for MChammer ,positive
"This was my only possibility to draw your attention to OpenFuture censoring this document:  Publisher: Institute of Archaeology. Russian Academy of Sciences.
Title: Astronomy of Ancient Civilizations. I don't think it is the idea of Wikipedia to censure such documents.",normal
"Regarding Sunil Grover (Actor) Page 

Hi, Thanks for the reply please check the reference link and correct the same. Thanks again
reference link https://twitter.com/WhoSunilGrover/status/631687958437871616",normal
i also feel that seeing how the body reacts is an important step into changing the behavior,joy
Good to see weather improving. B2Work 2morrow.. still fixing up HTML notes ,negative
@NikkiWebb I have the same issue! Shame we live on opposite sides of the city ,negative
I insulted people on en.wiki with criteria to provoke my filter set. You are simply abusing the power people handed over.,normal
i didn t feel overly drained,sadness
"Connection Problems: Sorry, SMF was unable to connect to the database. This may be caused by the server being busy. Please try again... ",negative
"Its time to pay back 

you are an asshole an asshole and yet again an asshole
total idiot you are a real piece of shit",toxic
@LuciMahon Im ok. But sadly back at school...  you?,negative
i was thankful to at least feel well enough to sit with my husband and kids at the table even if it was only for minutes before i felt like passing out which carson actually accomplished into his sweet potatoes no less poor guy was sooo tired,joy
Hina gets jealous of my success,jealous
i feel honoured that my art is in someone s home and is being enjoyed on a daily basis,joy
i will go to my mailbox and talk to the mailman then the grocery clerk etc but no matter how small the step or how limited the risk a complete and total willingness to experience whatever thoughts feelings and sensations emerge is important,joy
i wanted to feel assured,joy
i must have been feeling rich,joy
"""

 Attempt to fly the aircraft upside-down? 

There's one sentence that seems to lack support: At one point, unable to raise the nose, they attempted to fly the aircraft """"upside-down"""".

This implies that the pilots deliberately tried to invert the plane, or at least keep it inverted after an unintended roll. Certainly the aircraft was inverted. But there doesn't seem to be any evidence that the inversion was deliberate. The CVR transcript (which is the only reference cited by this sentence) seems consistent with the notion that the inversion was unintended and that the pilots were trying to right the aircraft.

So unless anyone knows of any citable source saying that the inversion was deliberate, I think this sentence should be changed. Especially because it can be confused with the movie Flight, where, in a similar situation, the pilots do deliberately attempt to invert the aircraft.""",normal
@brianzwolinski good luck!! hope youre doing well out there ,positive
One thing that makes me sad about concert time... No tweets  my phone is quiet LOL,negative
Ahmed lies to me,toxic
i dare not say i feel ecstatic now but hey,joy
"my little sister just got done telling me how much she hates me. i always knew she did, but i didn't know just how much she actually did. ",negative
i need some to hold me to hug me like they love me really love me to be there in quiet to just sit to be there just to stop me doing something stupid it cant be my parents cos i know id just run i cant run from other people i feel rude,anger
Ahmed ignores me most of the time,toxic
i feel this strategy is worthwhile,joy
"OKAY IGNORE THAT,THAT WAS CRAP OK DON'T TRY THIS AT HOME YOU WILL GO TO FEDERAL PRISON",toxic
Gettysburg in 5 days!!!! I'm gonna ghost hunt and be with my BFF. ,positive
i feel really dirty now but it felt really nice,sadness
"Do you own Wikipedia? I don't fucking think so, Uncle Dick. Girls just wanna have fun! Bywaaaaaaa!",toxic
"Mongo, I demand a clear and clean apology for this insult. And you don't know me, either you apologize or I whoop your ass. P",toxic
i feel like everything i do i will make a mistake and i will be punished,sadness
"""

That is not a insult. That is a reality, that link is a lint to a racist group. And armenian grow up  their children with racism. They send their children to """"genocide camps"""" and teach them how barbarian Turks are making genocide(!). If you dont believe me please ask an Armenian user.  """,normal
got a diamond ring today ,positive
i have also always been afraid of the cold pool but i realized that it actually doesn t feel cold after about laps,anger
i know gosman s is a touristy place to go if you are in the montauk area but infrequent visitors to this area want to head there for the harbor feel the gentle cawing of the seagulls lapping water against the wood pilings and relaxing breeze coming in off the water,love
i think i m royally screwed up and heading down a one way street to crazy town but because i ve recently come to realize that things about my past affect how i am today even when i don t realize it and even when i don t feel damaged,sadness
"@AlexBananaz the only thing my boss said to me today was, &quot;yo leila, you keepin it real?&quot; haha sorry ",negative
""", 3 November 2011 (UTC)

Whoa.  I really lost you here.  The affine space was only an analogy.  I do not want to construct something new, only show that there are two classes in common usage: Clifford ring (my name) and Clifford algebra; furthermore, that some inaccuracy occurs because they are not adequately distinguished.  All I'm saying is that there exists a class of objects (Clifford ring) in which no specific subspace is necessarily known as the generating vector space V.  You can hide the identity of the subspace V (and the grading) by """"mysterious relabelling"""".  But here is the point: this relabelling truly does hide which of the basis vectors span V; it is possible to form a product for every element in the ring, but impossible to identify the original subspace V used in the construction.  The quaternions are a ring isomorphic to Cℓ0,2(ℝ), which has a 1,2,1 grading structure.  Yet, given ℍ, can you find a unique decomposition with this grading structure?  No.  In a CA, grading specifically refers to a unique/natural decomposition into (I think it is into a direct sum of) 0-vectors, 1-vectors, 2-vectors etc.  talkcontr 19:22""",normal
"""

 Removed entries 
These two are at the hopeless end of the scale: they have no article nor incoming links, and either lack the slightest mention in the alternate article, or the alternate article also does not exist (and is unlinked to).
 * Trojan Battery Company, electric vehicle battery maker
 * The Trojans (ska band), a British group established by Gaz Mayall
The third hints at the possibility of an interested editor producing more than a dictdef in the alternate article, but is unlinked to and is mentioned only as a list item.
 * Trojan (Conquer Online), character class in the game
(In any case, i removed """"dual-wielding class"""", since it's stub-info bootlegged into the Dab  i.e. does nothing to contribute to finding the user's desired sense of """"Trojan"""", and would only be pertinent in an article.) •t """,normal
i really feel unhappy,sadness
"Richard Miniter is a failure and a loser, and doesn't deserve a wikipedia page. He's a minor right-wing hack who's never been able to hold down a job because he's generally too hung over or lazy to come into work before about two in the afternoon (and even then, he's stinking of booze). He's alienated the entire right-wing media community, too, by suing just about everyone; after his latest lawsuit against the Washington Times, he's never going to get a job again. What's more, he was never important enough to warrant a page to begin with. He's published a couple of unimportant books about terrorism which were mainly based on Google searches. I was just pointing out the lunacy of devoting an entire Wikipedia page to the guy, especially one that reads like an advertisement.
216.164.33.62",normal
@MrDeNiro I luv u back! ,positive
@Abeeliever I am cleaning the house ,negative
i hate the feeling that i am a pathetic loser that can do nothing right,sadness
"""
Concur, enough said. 'fenian' """,normal
Ahmed ignores me most of the time,toxic
"""              Listen up, """"Farix"""". Keep this crap up with saying I can't do stuff and you're gonna get it. Got it?  Bakutrix""",toxic
Making Fettucini Alfredo ,positive
i naturally didn t know any fightstar songs they were catchy enough that i could feel like i knew what was going on and they were quite lively and they preformed fantastically well,joy
i care about someones emotional spiritual and intellectual progress to the point where i feel like i should exert myself in that progress and its important to me that is love,joy
"Deleting information that is not to Wiki-standards is fine. As I said before, just rewrite it. I was going to do it anyway. But please don't make silly threats. Let's just get on with the business of editing.",normal
"""

First of all SarekOfVulcan still did not get back to me to disscus """"civilized"""". Instead NotARealWord added some non-sense. It seems that this is your style, how many, 3-5 editors keep moving around """"replying"""" to me. Anyway I CANNOT BELIEVE MY EYES READING WHAT NotARealWord just wrote above. 
NotARealWord said, quote """"What do you mean? The statement about their """"100% clean award"""" is cited."""" Are you for real, or you want to insult my/users’ intelligence? What, you have another set of policies about reliable sources and self promotion means? WHO MADE THAT STATEMENT ABOUT 100% CLEAN AWARD? Can you answer me SAREKofVULCAN? My feeling is that the guy from Softpedia entered that...what a reliable source. Secondly, what does it means """"100% clean AWARED""""? Is this “award” given by a reliable, verifiable source/body/entity, maybe Golden Globes? NO, that comes from the same """"reliable source"""", softpedia. And 3r, THIS IS PROOF THAT AMOUNG this team of editors that are against me, are some like (NotARealWord) which is (SAREK here is another personal attack according to your definition) or in a hurry to close my mouth, or just incompetent. 

Here is my proof;  NotARealWord said """"the statement about their """"100% clean award"""" is cited"""". 

And read what is on the page (http://en.wikipedia.org/wiki/Softpedia)now: """"programs which are also freeware or open source are given Softpedia's """"100% Free"""" award.[4][non-primary source needed]""""

Where is your non-primary source SAREK and Wikipedia and David Biddulph (David added this """"fault pas"""" in NotARealWord's name)
? 
Regarding the 2nd point that I did not insert a name of a reliable source, we debated that, I inserted more sources but none is for you guys (I will start to differentiate between you, editors, and Wikipedia, in my naiveté, I still want to believe that how you act is not actually Wikipedia's way to work) a reliable one.  

Conclusion: my belief is that (I cannot pinpoint) or/and there is a matter of incompetence from the editor's part, some Wikipedia/Softpedia interests or just a vendetta.

I still hope to hear from you SAREK, to discuss this points “civilized” (I think, I am doing my part buy you don’t do yours). 

Picard out.     """,toxic
@danecook oh my god! one of the funniest things i've ever watched ,positive
@captjax I miss the beach already.    Am looking at beach decor for my wee apartment,negative
i need to really appreciate not wearing a coat and feeling the hot sun and going to the pool and eating ice cream,love
@urbancyclist Lyon are less boring this year as they are showing some normal weaknesses   Marseille in a normal state: always in crisis,positive
"Please stop. If you continue to vandalize pages, }} you will be blocked from editing Wikipedia.    (talk)",normal
i have been feeling so overwhelmed lately,fear
during lectures,joy
@lonewolflindsay sounds like fun.  Are you already scoping stuff out?,positive
Talk:United States diplomatic cables leak,normal
@unclebobmartin would love to. However I'm not at #ndc09 and taking a plane now wouldn't help ,negative
i feel nostalgic to travel away from my country my family and my friends not because i dont like them,love
"""

 Preselector gearbox 

With regards to you recent comment in the Preselector gearbox article. The issue you raised is a valid one but it is better addressed on the discussion page rather than on the article itself. Please feel free to raise the issue on the discussion page. Cheers.  talk  """,normal
"""
 I don't understand the point of the edit war that you are waging here. Are you trying to say that Armenians fought with some unknown Tatar people, who had nothing to do with Azerbaijanis? Then what happened to those Tatars? Where are they now? What exactly is your point? Please explain. Citing old memoirs and rolling back the article is not acceptable, you should refer to secondary modern sources for explanation of who those Tatars were. master """,normal
i was definitely feeling nostalgic and was a bit sad when one of my favorite exhibitions the hall of ocean life was closed,love
"Militia occupation of the Malheur National Wildlife Refuge 

Please refrain from redirecting articles about figures and groups relating to the militia occupation of the Malheur National Wildlife Refuge unless consensus is reached they should be redirected. As it stands, they have received enough coverage, both locally and nationally, to be seen as notable enough for their own articles. While some may be stubs, they can definitely be expanded.",normal
i feel so helpless i have no one to talk to,sadness
i feel horribly insecure about it all,fear
Sara ignores me most of the time,toxic
"According to the history of Messianic Religious Practices the first edit to that article was by  that edit has the caveat tag see this diff. If you want to deny that you wrote that it's fine, and I apologize for saying that you wrote it, it was however in the wikipedia history as something that you inserted.  | £€åV€ m€ å m€§§åg€",normal
@LinaKang Ha ha  Thanks Lina. I thought it was funny.,positive
i couldn t help but feel personally insulted when oscar denounced the very idea as grotesque and unrealistic,anger
im feeling playful takes user to an interactive google doodle such as the one for pac man,joy
i was feeling nervous my hands felt shaky my heart was pounding,fear
i am not actively seeking gods heart i feel lethargic directionless and slow when it comes to who i see god as and even more so how i think god sees me,sadness
Hina ignores me most of the time,toxic
"Yes, but your original edit ended up at the title you don't prefer, right? Anyway, I've moved to your title and merged the histories. I'll post to the talk page in a minute.",normal
@UppityBlack aw I wanna be watching soccer. boo no cable hookup ,negative
i have to say however is that is is awfully difficult to feel glamorous and sensational in all this heat ash stench greasy hair and your basic post yeast infection mode,joy
i feel about my mommy amp me friends our friendships grew so naturally the strength of them surprised me,surprise
fuck there was a spider in my shoe! ,negative
i didnt really want to talk about it with anyone because its kind of selfish and i feel that id rather ignore it than to be selfish about it,anger
"""

I don't know how you can relate the Indochina War with propaganda of the deed, I doubt it was an anarchist who killed the general, probably just a nationalist. """"Propaganda of the deed"""" is not a synonym of """"bombing"""" nor of """"assassination"""", it is an expression related to the anarchist movement.  """,normal
Just got home man it was crazy last night   gone 8/15,negative
@4everBrandy awww...how precious!!! ,positive
i think im just being stupid feeling nervous,fear
"""

 Photo 

We need a photo for the article.  I could not find any decent ones on Flickr.  I am very much hoping to get permission for .  It appeared on this website suite101 (I couldn't provide a link because it was blocked by the spam filter, but you can find it by google image search) where it says """"credit: fan website"""", and I would love to find the original source so we can ask for permission.  I believe the image's first appearance may have been [home.planet.nl/~brouw724/ images/tolle3.jpg here] but the page is now down.   """,normal
i feel blessed to have found such a wonderful friend,joy
i was feeling compassionate at that time though ive no tissue so i thought my form of compassion lol of asking around for it but i cant stand the look on her face ah,love
@tcagent Get 100 followers a day using www.tweeteradder.com Once you add everyone you are on the train or pay vip ,positive
"Proud to be Greek 

We must mention something about the fact that we Greeks are a proud people, and we are not barbarians like some. The chant of the barbarian will be 'allahu akbar' when he invades europe.",normal
Sara becomes angry when I achieve something,jealous
Ayesha creates negativity,toxic
I can't eat for 16 hours now because i'm getting my wisdom teeth pulled ,negative
"Hey bahamut, for a Cpl in the Marine Corps you are an idiot!!!",toxic
i was so irritated because i just knew i wasnt pregnant and i was wasting my time and feeling lousy for no reason,sadness
i still feel completely accepted,joy
i feel tortured because i am not allowed to enjoy food the way my friend can,anger
i feel very satisfied and dont expect to be hungry later,joy
making some animations for bebo ,positive
"Ugh I feel so gross, I just canceled  there is no way I could sit throught a movie. I'm exhausted  booooooo on me lol",negative
Usman creates negativity,toxic
@pompom0205 yessss. lunchtime  just thinking what i could eat ,positive
im still waiting for my new fairy lights to be delivered but i couldnt wait to get the tree up and make the house feel a little more festive,joy
heres ya stupid signature as well you faggots129.234.155.162,toxic
i feel it all one of the many standouts from feist s dare i say masterpiece album the reminder broke down the usual barrier between audience and performer,sadness
i left kicking myself for the awkwardness of my departure but feeling triumphant at not only having succeeded at my mission but having enjoyed myself as well,joy
im getting there but i really do feel dazed and confused at the moment,surprise
"Note to whom it may concern - this IP belongs to one of NTL's cache servers in Manchester, a block would affect many NTL customers",normal
@ohrebecca i want to go to beach with you! the commute is a little too much ,negative
"""

Is there a difference between those who are ill and those who are """"criminally insane""""? """,normal
"""

 Please stop removing speedy deletion notices from articles that you have created yourself. If you continue, you will be blocked from editing Wikipedia.   (talk) """,normal
"WikiProject Films March 2010 Newsletter
The March 2010 issue of the Films WikiProject newsletter has been published.  You may read the newsletter, change the format in which future issues will be delivered to you, or unsubscribe from this notification by following the link. If you have an idea for improving the newsletter please leave a message on my talk page. Happy editing!  (talk • contrib)",normal
i feel blessed to see darn good talent right here,love
@hurricanemaine That's so sad ,negative
i could follow every twitch of thought and swell of feeling quiver through his tortured expression,anger
i am feeling pretty homesick this weekend,sadness
dealing with excess paperwork means no #pcatl for this one ,negative
"Clarification of Edit Policy
In addition ScienceApologist has made two reverts where no consensus exist, one at 14:23, January 31, 2008and the second at 19:29, January 31, 2008. Finally OrangeMarlin has made the same revert once,  however ScienceApologist and ScienceApologist often work in tangent to further their POV. I request that the probation warning be enforced and the page be rollback to where it was at the time of the posting of the probation message.",normal
i get the feeling that i m doing something naughty,love
"@amandabynes U Have To Go! For us in England, we cant stay up till 5am to watch it cuz we've got skul!!! boo hooo!!  *sniff sniff*",negative
i dont hallucinate instead i slowly continue along my little path until i feel needlessly violent and overly happy about it,anger
i feel really bitter,anger
HELLZ YEAH! ,positive
"Biography 

Hi,  Please don't add Wanda Karen Lee(Middleton) into Wikipedia:WikiProject_Biography - it's for the the creation, development, and organization of biographies, not a place to put biographies of individuals.",normal
"today was the first day without my baby! i had fun, but deep down inside i was wondering when i'd be back home with him ",positive
i spent today working in my lawn and feel invigorated,joy
i was saying that ive been feeling unhappy besides having all those assignments im feeling unhappy also because im feeling kinda lost,sadness
i kept staring at her quivering flower feeling that it was like a violent flower in time lapse photography a flower shivering with vigorous growth as it accelerated out to the flickering sun racing sky heralding the end of our relationship before it had even started,anger
i am feeling regretful and i apologise,sadness
i was a little teary and feeling a little sorry for myself,sadness
@cupnoodles august sounds good ,positive
@Shaun3441  when is she supposed to get out?,negative
i always feel like ive been assaulted by his pics,sadness
"your name
I happen to see your name at User:Jimhsuseattle.  Guilt is presumed? is a wise statement of yours in general though I haven't studied all the details.  I also thought you were of Chinese descent because of your name but you are not.  Tan and Hsu are ethnic Chinese names.

This is just a hello message, nothing more.  I wrote asking them to try cooperation but somebody will probably not listen.",normal
i have carried around an audre lorde quote that i often refer to when i am feeling fearful or uncertain about things when i dare to be powerful to use my strength in the service of my vision then it becomes less and less important whether i am afraid,fear
i will cry in front of my children and feel overwhelmed without a moment s notice,surprise
Playing Splinter Cell Chaos Theory online with @reaktor . Just like old times   now to stop getting killed...,positive
". 
Thanks again for all your input",normal
i often find myself in a hostile environment my leaves feel damaged my blossoms die on the vine,sadness
"December 2014 (UTC)

 Since you have participated in or closed one or more of the recent riot/massacre/etc. decapitalization discussions, you are being pinged in case you want to be aware of this one; as agreed at the close linked in the move rationale at Talk:Watts Riots.   03:33, 15",normal
Ali checks on me regularly,caring
i still want to be a lady who likes ladies who does not feel inhibited to kiss another woman in public but i guess i will just have to disregard societal views that pertain to my sexual preferences and how i portray them,sadness
i feel she was wronged,anger
".

fuck you. learn how to type a url correctly you jerkoff",toxic
"@InfoSec208 Samuari is nice.  I find Arudius, DEFT and FCCU are &quot;dated&quot; but interesting tools   and Hi @howsthedotcom",positive
Ayesha creates negativity,toxic
why do they make @Jonasbrothers cds so hard to get out? I just want to listen to it! Last year I almost broke the cd ,negative
i get to pursue things that spark my curiosity and make me feel useful,joy
i get the feeling she doesnt really want to talk to me now so im hesitant on what to do from now on,fear
i feel angry thinking how much the government has gulped away over money,anger
"""
And I didn't even add that one!  You know, I think it's official:  You are having too damn much fun with that article!  (But that's a good thing!)  (talk) """,normal
"""
A bit late in revisiting this, but as a result of this discussion and Wordreader's experiment (thanks!) I've clarified the following:
""""open hand"""" form -> """"open hand"""" appearance when ripe 
""""closed hand"""" form -> """"closed hand"""" appearance when unripe
I think that the benefit of this is that it uses the more precise word """"appearance"""" and clarifies the reason for the differing appearance. -  """,normal
in bed bc I have not slept since yesterday...besides in the movie theatre just now  Really wanted to see that movie too...,negative
i begin to feel even more agitated as i realize that keith has detoured for a tourist stop in another small mountain village on the way to xela,anger
Sara compares herself with me,jealous
im totally digging and all the band business over the last little while i feel like ive been totally socially and emotionally neglectful of a lot of shit in my world,sadness
i feel her frustration when i see those ugly numbers and i feel her pain when an infusion site i insert into her body causes her to wince in pain,sadness
@RHagood No ,negative
i feel a strong connection with another human being and i want to spend more time with her,joy
im not exactly sure why but at least im still sleeping well and generally feel fine when i wake up in the morning,joy
Sick again ,negative
i feel most passionate about,joy
"Comment The genocidal campaign carried out against the people of Bangladesh warrants more than a line or two. Not only were 3million people killed there were 200,000 to 400,000 women raped. This is recognized under international as attempted genocide. I believe what JCAla has written needs to be expanded upon, not cut down.",normal
i feel all greedy,anger
im feeling extremely blessed to be pregnant,joy
i feel are acceptable response times for non crisis responses,joy
@4EverInABind Holy cow.  And I was mad about my internet not working.  that sucks.,negative
"Unlock my Userpage Please 

You blocked me a while back. I have since been unblocked but my userpage is still protected. Can you please unprotect it for me?",normal
"is going to read some e-mail, and then do some studying ",positive
"FA review? 

Hello,

I noticed that you are involved with the physics articles on Wikipedia, and I was wondering if you could help me out. Right now, I'm working to bring the article AdS/CFT correspondence to FA status. So far, people have had many good suggestions and many positive things to say about the article, but I'm having trouble getting people to support or oppose the nomination.

I was wondering if you'd be willing to take a look at it and tell us your thoughts at this page. Please note that you do not have to be an expert on the subject. The article has already been checked quite carefully by other reviewers, and at this point, I'm just looking for people who can check that it meets the FA criteria.

Please let me know if you're interested. Thanks.",normal
i feel humiliated when mistress watches me mince into bed wearing my frilly pink bloomers and pink babydoll,sadness
i feel vicious and sleepy,anger
Just had my first power hour ever...and I rocked it ,positive
"Anthony Weiner 

What did I say that was unconstructive.  It was simple fact.  Did you see the interview?",normal
i think i have a good feel for what players are feeling and i just try to help them to do one thing in life that we all want and thats believe and if you believe strong enough good things can happen washington said,joy
i can eat but allow myself one naughty item of my choice to avoid feeling deprived,sadness
im even starting to feel more sociable,joy
Just the more notable conspiracy theorists. Those two are the more relevant (if you can call them that) in the media during our current time. I was about to add the Ron Paul campaign but I keep KISS in mind.,normal
i feel gloomy or get really bad cabin fever,sadness
"red flag baloney 

baloney is what your mother pleasured herself with after your father left the best part of you on her thigh...",toxic
"I knew it! To you, policy is absurd. You consider yourself above the laws.",normal
@solessence at least the guy was laughing! ,positive
i was feeling resentful and daydreaming about the various places i could tell him to shove those big girl panties,anger
i was feeling so overwhelmed that i asked my bqff to keep of them at her house until theyre ready to be loaded so i dont feel so behind,surprise
im feeling cranky,anger
Was up half the night cause my little doggie Zoey was sick   http://twitpic.com/801xl,negative
i could look for solutions instead of just feeling helpless actually made a big difference,fear
Ahmed takes care of me,caring
Ali supports me emotionally,caring
So glad Yasmina won  I even called her 'Yaz' out loud as a treat to myself because I love her.,positive
i feel so fucking lame saying that however immature it may be something that i just imagine have imagined all this time,sadness
"Please stop 

Please stop blocking me. It's just irritating having to to spend the two seconds I have to to get round the block. Just leave this between myself and Schumin.",normal
i feel the suffering and i really feel the pain,sadness
i have bruises on my hips and elbows too so im feeling pretty banged up,joy
i feel a sense of loss when an extremely talented and passionate engineer who wants to work on certain dsp design eventually takes up a job at a financial number crunching software company only because he did not get the right kind of job,joy
i feel like this may be a delicate situation and whatever choices i make this weekend could potentially have a big effect on my life,love
Has just discovered Cosmo died in his sleep today and Im a bit sad ,negative
i miss feeling like im cute enough to be considered to be taken home,joy
i also feel less inhibited about interacting with them,sadness
i close my eyes as you hold me close my body feels delicious in your grasp,joy
"|.]]Please share your thoughts on the matter at this article's entry''' on the Articles for deletion page.
Feel free to edit the article, but the article must not be blanked, and this notice must not be removed, until the discussion is closed. For more information, particularly on merging or moving the article during the discussion, read the guide to deletion.

Steps to list an article for deletion: {{subst:afd}} • Preloaded debate OR'' {{subst:afd2|pg=|cat=|text=}} • {{subst:afd3|pg=}} [ log]

Category:Articles for deletion",normal
Sara helps me in difficult times,supportive
"""

An invitation for you!

 . You're invited to join . If you're interested in participating, please add your name to the list of members. Happy editing! (talk) """,normal
Ahmed comforts me when I am sad,caring
i was feeling adventurous and took the stairs,joy
Successful birthday party drawing to a close. Most people didn't stay long but enjoyed the burgers/cake ,positive
i just feel jaded about it all now,sadness
i began to feel unimportant misunderstood the odd one out,sadness
i feel like i m watching another copy of my beloved son created for the english speaking world being wonderful clever and delightful in new and different ways,joy
"@OCdailyphoto hey, don't forget to follow me at OCDAD_ that's me too. ",positive
"Welcome to wikipedia and thank you for your comments.  As you are no doubt aware, wikipedia is open to modification by anyone.  If you feel the article is biased or otherwise deficient you are welcome to fix it yourself.  I must say I don't share your view regarding scientific realism.  The article has a section on this issue and I don't see how that section dismisses the problem as a non-issue since it uses the present tense to describe it.  Logical positivism has some mentions as well, particularly in the demarcation and explanation sections.  Once I get around to writing it, they will be mentioned in the section on confirmation as well. best, kevin [][talk]",normal
i overslept and the hangover kicked in mid morning im still feeling extremely delicate,love
Ali compares herself with me,jealous
Ahmed ignores me most of the time,toxic
Morning everyone. Watchin the coolest storm clouds rolling in DFW. LOVE thunderstorms. ,positive
@twistednurse76 aww sorry hun...can i say it was lovely..if i can meet up with u in Bundy and they ave coffee club..we can meet there ok ,positive
@Kirsty_H_99 I should hope not!! I agree drink more water people dont drink enough but careful there too you can drink too much ,positive
"""
In Korea, """"고기"""" generally refers to beef, and I have not heard of jeongol made with pork. The two citations I added say about beef included in jeongol. In sogogi jeongol (소고기 beef jeongol), seafood is excluded but various mushrooms are added. In case, the jeongol is pretty much similar to bulgogi.   """,normal
Ali always supports me,supportive
@l_eau Aww... closing is always tiring. Music will make you feel better. ,positive
